-- MySQL dump 10.13  Distrib 8.0.33, for macos13.3 (arm64)
--
-- Host: localhost    Database: jobbox
-- ------------------------------------------------------
-- Server version	8.0.33

/*!40101 SET @OLD_CHARACTER_SET_CLIENT=@@CHARACTER_SET_CLIENT */;
/*!40101 SET @OLD_CHARACTER_SET_RESULTS=@@CHARACTER_SET_RESULTS */;
/*!40101 SET @OLD_COLLATION_CONNECTION=@@COLLATION_CONNECTION */;
/*!50503 SET NAMES utf8mb4 */;
/*!40103 SET @OLD_TIME_ZONE=@@TIME_ZONE */;
/*!40103 SET TIME_ZONE='+00:00' */;
/*!40014 SET @OLD_UNIQUE_CHECKS=@@UNIQUE_CHECKS, UNIQUE_CHECKS=0 */;
/*!40014 SET @OLD_FOREIGN_KEY_CHECKS=@@FOREIGN_KEY_CHECKS, FOREIGN_KEY_CHECKS=0 */;
/*!40101 SET @OLD_SQL_MODE=@@SQL_MODE, SQL_MODE='NO_AUTO_VALUE_ON_ZERO' */;
/*!40111 SET @OLD_SQL_NOTES=@@SQL_NOTES, SQL_NOTES=0 */;

--
-- Table structure for table `activations`
--

DROP TABLE IF EXISTS `activations`;
/*!40101 SET @saved_cs_client     = @@character_set_client */;
/*!50503 SET character_set_client = utf8mb4 */;
CREATE TABLE `activations` (
  `id` bigint unsigned NOT NULL AUTO_INCREMENT,
  `user_id` bigint unsigned NOT NULL,
  `code` varchar(120) NOT NULL,
  `completed` tinyint(1) NOT NULL DEFAULT '0',
  `completed_at` timestamp NULL DEFAULT NULL,
  `created_at` timestamp NULL DEFAULT NULL,
  `updated_at` timestamp NULL DEFAULT NULL,
  PRIMARY KEY (`id`),
  KEY `activations_user_id_index` (`user_id`)
) ENGINE=InnoDB AUTO_INCREMENT=3 DEFAULT CHARSET=utf8mb4 COLLATE=utf8mb4_0900_ai_ci;
/*!40101 SET character_set_client = @saved_cs_client */;

--
-- Dumping data for table `activations`
--

LOCK TABLES `activations` WRITE;
/*!40000 ALTER TABLE `activations` DISABLE KEYS */;
INSERT INTO `activations` VALUES (1,1,'b7irottOvHcxwQrpOnAjMBOIq72uiY1N',1,'2023-10-22 21:44:06','2023-10-22 21:44:06','2023-10-22 21:44:06'),(2,2,'FEcsK0C0l0kNJEVu5sd8wogsje8DneqQ',1,'2023-10-22 21:44:06','2023-10-22 21:44:06','2023-10-22 21:44:06');
/*!40000 ALTER TABLE `activations` ENABLE KEYS */;
UNLOCK TABLES;

--
-- Table structure for table `admin_notifications`
--

DROP TABLE IF EXISTS `admin_notifications`;
/*!40101 SET @saved_cs_client     = @@character_set_client */;
/*!50503 SET character_set_client = utf8mb4 */;
CREATE TABLE `admin_notifications` (
  `id` bigint unsigned NOT NULL AUTO_INCREMENT,
  `title` varchar(191) NOT NULL,
  `action_label` varchar(191) DEFAULT NULL,
  `action_url` varchar(191) DEFAULT NULL,
  `description` varchar(400) NOT NULL,
  `read_at` timestamp NULL DEFAULT NULL,
  `created_at` timestamp NULL DEFAULT NULL,
  `updated_at` timestamp NULL DEFAULT NULL,
  `permission` varchar(191) DEFAULT NULL,
  PRIMARY KEY (`id`)
) ENGINE=InnoDB DEFAULT CHARSET=utf8mb4 COLLATE=utf8mb4_0900_ai_ci;
/*!40101 SET character_set_client = @saved_cs_client */;

--
-- Dumping data for table `admin_notifications`
--

LOCK TABLES `admin_notifications` WRITE;
/*!40000 ALTER TABLE `admin_notifications` DISABLE KEYS */;
/*!40000 ALTER TABLE `admin_notifications` ENABLE KEYS */;
UNLOCK TABLES;

--
-- Table structure for table `audit_histories`
--

DROP TABLE IF EXISTS `audit_histories`;
/*!40101 SET @saved_cs_client     = @@character_set_client */;
/*!50503 SET character_set_client = utf8mb4 */;
CREATE TABLE `audit_histories` (
  `id` bigint unsigned NOT NULL AUTO_INCREMENT,
  `user_id` bigint unsigned NOT NULL,
  `module` varchar(60) NOT NULL,
  `request` text,
  `action` varchar(120) NOT NULL,
  `user_agent` text,
  `ip_address` varchar(39) DEFAULT NULL,
  `reference_user` bigint unsigned NOT NULL,
  `reference_id` bigint unsigned NOT NULL,
  `reference_name` varchar(255) NOT NULL,
  `type` varchar(20) NOT NULL,
  `created_at` timestamp NULL DEFAULT NULL,
  `updated_at` timestamp NULL DEFAULT NULL,
  PRIMARY KEY (`id`),
  KEY `audit_histories_user_id_index` (`user_id`),
  KEY `audit_histories_module_index` (`module`)
) ENGINE=InnoDB DEFAULT CHARSET=utf8mb4 COLLATE=utf8mb4_0900_ai_ci;
/*!40101 SET character_set_client = @saved_cs_client */;

--
-- Dumping data for table `audit_histories`
--

LOCK TABLES `audit_histories` WRITE;
/*!40000 ALTER TABLE `audit_histories` DISABLE KEYS */;
/*!40000 ALTER TABLE `audit_histories` ENABLE KEYS */;
UNLOCK TABLES;

--
-- Table structure for table `categories`
--

DROP TABLE IF EXISTS `categories`;
/*!40101 SET @saved_cs_client     = @@character_set_client */;
/*!50503 SET character_set_client = utf8mb4 */;
CREATE TABLE `categories` (
  `id` bigint unsigned NOT NULL AUTO_INCREMENT,
  `name` varchar(120) NOT NULL,
  `parent_id` bigint unsigned NOT NULL DEFAULT '0',
  `description` varchar(400) DEFAULT NULL,
  `status` varchar(60) NOT NULL DEFAULT 'published',
  `author_id` bigint unsigned DEFAULT NULL,
  `author_type` varchar(255) CHARACTER SET utf8mb4 COLLATE utf8mb4_0900_ai_ci NOT NULL DEFAULT 'Botble\\ACL\\Models\\User',
  `icon` varchar(60) DEFAULT NULL,
  `order` tinyint NOT NULL DEFAULT '0',
  `is_featured` tinyint NOT NULL DEFAULT '0',
  `is_default` tinyint unsigned NOT NULL DEFAULT '0',
  `created_at` timestamp NULL DEFAULT NULL,
  `updated_at` timestamp NULL DEFAULT NULL,
  PRIMARY KEY (`id`),
  KEY `categories_parent_id_index` (`parent_id`),
  KEY `categories_status_index` (`status`),
  KEY `categories_created_at_index` (`created_at`)
) ENGINE=InnoDB AUTO_INCREMENT=8 DEFAULT CHARSET=utf8mb4 COLLATE=utf8mb4_0900_ai_ci;
/*!40101 SET character_set_client = @saved_cs_client */;

--
-- Dumping data for table `categories`
--

LOCK TABLES `categories` WRITE;
/*!40000 ALTER TABLE `categories` DISABLE KEYS */;
INSERT INTO `categories` VALUES (1,'Design',0,'Voluptas dolores ut sint. In suscipit eveniet consequatur aut ratione. Atque sequi sunt quam pariatur. Dolores accusantium ea id ad similique et voluptas voluptatibus.','published',NULL,'Botble\\ACL\\Models\\User',NULL,0,0,1,'2023-10-22 21:44:09','2023-10-22 21:44:09'),(2,'Lifestyle',0,'Fuga nobis natus aut. Harum minima sequi et atque sunt optio. Necessitatibus ab impedit libero consequatur.','published',NULL,'Botble\\ACL\\Models\\User',NULL,0,1,0,'2023-10-22 21:44:09','2023-10-22 21:44:09'),(3,'Travel Tips',2,'Magnam dicta sint temporibus nesciunt voluptas ducimus consequuntur. Et vel consequuntur reiciendis aliquam est. Nostrum similique quia id et illo quis dolor.','published',NULL,'Botble\\ACL\\Models\\User',NULL,0,0,0,'2023-10-22 21:44:09','2023-10-22 21:44:09'),(4,'Healthy',0,'Tempore consequatur tenetur dolores quaerat non et sint. Dolorem dolor nobis quisquam. Neque et numquam dolores aut eos. Dignissimos itaque eligendi magni at officia velit cum.','published',NULL,'Botble\\ACL\\Models\\User',NULL,0,1,0,'2023-10-22 21:44:09','2023-10-22 21:44:09'),(5,'Travel Tips',4,'Facere rem temporibus nobis. Nostrum explicabo dolores aliquid autem veniam omnis rerum. Qui eveniet repellat vero vel. Qui sequi rerum doloremque qui eius tenetur mollitia ea.','published',NULL,'Botble\\ACL\\Models\\User',NULL,0,0,0,'2023-10-22 21:44:09','2023-10-22 21:44:09'),(6,'Hotel',0,'Asperiores id et deserunt ducimus aut. Qui facilis ratione ut quaerat et non ullam. Eos nihil ipsa dolor dolorem. Possimus totam laborum dolor eum sit labore tempore.','published',NULL,'Botble\\ACL\\Models\\User',NULL,0,1,0,'2023-10-22 21:44:09','2023-10-22 21:44:09'),(7,'Nature',6,'Maiores quaerat quasi ipsa quis sint et. A dolorem quisquam et praesentium illo. Assumenda itaque fugit sed temporibus sit.','published',NULL,'Botble\\ACL\\Models\\User',NULL,0,0,0,'2023-10-22 21:44:09','2023-10-22 21:44:09');
/*!40000 ALTER TABLE `categories` ENABLE KEYS */;
UNLOCK TABLES;

--
-- Table structure for table `categories_translations`
--

DROP TABLE IF EXISTS `categories_translations`;
/*!40101 SET @saved_cs_client     = @@character_set_client */;
/*!50503 SET character_set_client = utf8mb4 */;
CREATE TABLE `categories_translations` (
  `lang_code` varchar(191) NOT NULL,
  `categories_id` bigint unsigned NOT NULL,
  `name` varchar(255) DEFAULT NULL,
  `description` varchar(400) DEFAULT NULL,
  PRIMARY KEY (`lang_code`,`categories_id`)
) ENGINE=InnoDB DEFAULT CHARSET=utf8mb4 COLLATE=utf8mb4_0900_ai_ci;
/*!40101 SET character_set_client = @saved_cs_client */;

--
-- Dumping data for table `categories_translations`
--

LOCK TABLES `categories_translations` WRITE;
/*!40000 ALTER TABLE `categories_translations` DISABLE KEYS */;
/*!40000 ALTER TABLE `categories_translations` ENABLE KEYS */;
UNLOCK TABLES;

--
-- Table structure for table `cities`
--

DROP TABLE IF EXISTS `cities`;
/*!40101 SET @saved_cs_client     = @@character_set_client */;
/*!50503 SET character_set_client = utf8mb4 */;
CREATE TABLE `cities` (
  `id` bigint unsigned NOT NULL AUTO_INCREMENT,
  `name` varchar(120) NOT NULL,
  `slug` varchar(120) DEFAULT NULL,
  `state_id` bigint unsigned DEFAULT NULL,
  `country_id` bigint unsigned DEFAULT NULL,
  `record_id` varchar(40) DEFAULT NULL,
  `order` tinyint NOT NULL DEFAULT '0',
  `image` varchar(255) DEFAULT NULL,
  `is_default` tinyint unsigned NOT NULL DEFAULT '0',
  `status` varchar(60) NOT NULL DEFAULT 'published',
  `created_at` timestamp NULL DEFAULT NULL,
  `updated_at` timestamp NULL DEFAULT NULL,
  PRIMARY KEY (`id`),
  UNIQUE KEY `cities_slug_unique` (`slug`)
) ENGINE=InnoDB AUTO_INCREMENT=7 DEFAULT CHARSET=utf8mb4 COLLATE=utf8mb4_0900_ai_ci;
/*!40101 SET character_set_client = @saved_cs_client */;

--
-- Dumping data for table `cities`
--

LOCK TABLES `cities` WRITE;
/*!40000 ALTER TABLE `cities` DISABLE KEYS */;
INSERT INTO `cities` VALUES (1,'Paris','paris',1,1,NULL,0,'locations/location1.png',0,'published','2023-10-22 21:44:12','2023-10-22 21:44:12'),(2,'London','london',2,2,NULL,0,'locations/location2.png',0,'published','2023-10-22 21:44:12','2023-10-22 21:44:12'),(3,'New York','new-york',3,3,NULL,0,'locations/location3.png',0,'published','2023-10-22 21:44:12','2023-10-22 21:44:12'),(4,'New York','new-york-1',4,4,NULL,0,'locations/location4.png',0,'published','2023-10-22 21:44:12','2023-10-22 21:44:12'),(5,'Copenhagen','copenhagen',5,5,NULL,0,'locations/location5.png',0,'published','2023-10-22 21:44:12','2023-10-22 21:44:12'),(6,'Berlin','berlin',6,6,NULL,0,'locations/location6.png',0,'published','2023-10-22 21:44:12','2023-10-22 21:44:12');
/*!40000 ALTER TABLE `cities` ENABLE KEYS */;
UNLOCK TABLES;

--
-- Table structure for table `cities_translations`
--

DROP TABLE IF EXISTS `cities_translations`;
/*!40101 SET @saved_cs_client     = @@character_set_client */;
/*!50503 SET character_set_client = utf8mb4 */;
CREATE TABLE `cities_translations` (
  `lang_code` varchar(191) NOT NULL,
  `cities_id` bigint unsigned NOT NULL,
  `name` varchar(120) DEFAULT NULL,
  `slug` varchar(120) CHARACTER SET utf8mb4 COLLATE utf8mb4_0900_ai_ci DEFAULT NULL,
  PRIMARY KEY (`lang_code`,`cities_id`)
) ENGINE=InnoDB DEFAULT CHARSET=utf8mb4 COLLATE=utf8mb4_0900_ai_ci;
/*!40101 SET character_set_client = @saved_cs_client */;

--
-- Dumping data for table `cities_translations`
--

LOCK TABLES `cities_translations` WRITE;
/*!40000 ALTER TABLE `cities_translations` DISABLE KEYS */;
/*!40000 ALTER TABLE `cities_translations` ENABLE KEYS */;
UNLOCK TABLES;

--
-- Table structure for table `contact_replies`
--

DROP TABLE IF EXISTS `contact_replies`;
/*!40101 SET @saved_cs_client     = @@character_set_client */;
/*!50503 SET character_set_client = utf8mb4 */;
CREATE TABLE `contact_replies` (
  `id` bigint unsigned NOT NULL AUTO_INCREMENT,
  `message` longtext NOT NULL,
  `contact_id` bigint unsigned NOT NULL,
  `created_at` timestamp NULL DEFAULT NULL,
  `updated_at` timestamp NULL DEFAULT NULL,
  PRIMARY KEY (`id`)
) ENGINE=InnoDB DEFAULT CHARSET=utf8mb4 COLLATE=utf8mb4_0900_ai_ci;
/*!40101 SET character_set_client = @saved_cs_client */;

--
-- Dumping data for table `contact_replies`
--

LOCK TABLES `contact_replies` WRITE;
/*!40000 ALTER TABLE `contact_replies` DISABLE KEYS */;
/*!40000 ALTER TABLE `contact_replies` ENABLE KEYS */;
UNLOCK TABLES;

--
-- Table structure for table `contacts`
--

DROP TABLE IF EXISTS `contacts`;
/*!40101 SET @saved_cs_client     = @@character_set_client */;
/*!50503 SET character_set_client = utf8mb4 */;
CREATE TABLE `contacts` (
  `id` bigint unsigned NOT NULL AUTO_INCREMENT,
  `name` varchar(60) NOT NULL,
  `email` varchar(60) NOT NULL,
  `phone` varchar(60) DEFAULT NULL,
  `address` varchar(120) DEFAULT NULL,
  `subject` varchar(120) DEFAULT NULL,
  `content` longtext NOT NULL,
  `status` varchar(60) NOT NULL DEFAULT 'unread',
  `created_at` timestamp NULL DEFAULT NULL,
  `updated_at` timestamp NULL DEFAULT NULL,
  PRIMARY KEY (`id`)
) ENGINE=InnoDB AUTO_INCREMENT=11 DEFAULT CHARSET=utf8mb4 COLLATE=utf8mb4_0900_ai_ci;
/*!40101 SET character_set_client = @saved_cs_client */;

--
-- Dumping data for table `contacts`
--

LOCK TABLES `contacts` WRITE;
/*!40000 ALTER TABLE `contacts` DISABLE KEYS */;
INSERT INTO `contacts` VALUES (1,'Pattie McKenzie','erdman.cassandra@example.com','+14324488383','320 Khalid Falls\nLake Paris, NY 24991-5177','Inventore reprehenderit aut ut vel nihil et esse.','Aut ipsam voluptatibus et ipsam illum. Labore libero repellat placeat dolores odit consequatur ullam. Facilis eveniet ducimus qui qui minus consequatur. Sit voluptatum ut autem vel eos et. Consequatur dolorum eos est accusantium numquam quos. Et molestiae adipisci dolorem voluptas eum. Odit et explicabo provident cum dolorum fugiat voluptas et. Voluptates ut tempora illo asperiores ea sequi.','read','2023-10-22 21:44:10','2023-10-22 21:44:10'),(2,'Brittany Mertz','dwight12@example.com','+17659928798','1402 Bettie Trail\nKilbackfurt, KS 07290-1402','Ab ratione qui aliquam et.','Suscipit voluptatem eligendi quia et itaque quam velit. Minima nulla et temporibus est tempora fuga. Enim dolorem magni alias. Omnis exercitationem provident optio quas ea pariatur. Eos laboriosam culpa ratione. Debitis nam quia reiciendis consequatur quod aliquam saepe. Et aut maiores molestiae minus. Voluptatem quaerat culpa deleniti voluptas.','unread','2023-10-22 21:44:10','2023-10-22 21:44:10'),(3,'Jillian Aufderhar','fcrist@example.org','+13097359109','40175 Noble Manor\nGerdahaven, RI 51796-9190','Eum ex atque quod accusamus aut.','Ex laudantium occaecati vel. Itaque fugiat dolores delectus doloribus. Rerum eos ea consequatur suscipit. Impedit et incidunt fuga placeat. Eveniet natus rerum doloribus. Voluptas atque distinctio ex amet et fugit voluptas. Nisi tenetur accusantium ea est minus illum nemo iste. Et expedita molestiae ratione. Nihil est molestiae quos omnis sint minima. Odit est itaque explicabo perferendis expedita. Amet et perferendis rerum quis itaque recusandae. Maxime quo reprehenderit quasi et.','read','2023-10-22 21:44:10','2023-10-22 21:44:10'),(4,'Tess Spencer','keshaun79@example.net','+15406314336','4950 Kristin Cliffs Suite 404\nNorth Dorcasberg, IN 02208-1728','Laudantium iste quo voluptas ipsum.','Non sed non est dolor provident. Nihil quia quos voluptatem doloribus at reprehenderit. Qui facere pariatur voluptatem eius atque aut officia vel. Dolor esse dolores dolorem veritatis ab quia dolore rerum. Laborum est repellendus reiciendis culpa. Laboriosam ipsum non voluptas adipisci sed quod. Ratione corrupti consequatur saepe sunt a consequuntur voluptas velit. Quis rerum sit totam consectetur ut ut aliquid. Animi sed rerum magnam sed hic culpa. Cum ea unde voluptas consequatur sit.','unread','2023-10-22 21:44:10','2023-10-22 21:44:10'),(5,'Ivah Stroman','steuber.nathen@example.com','+14639738957','7285 Champlin Extension Suite 965\nNew Estebanstad, NV 73858-3625','Id amet et nobis sed ab ea.','Sapiente ut ab hic dolores saepe odit ducimus voluptatem. Et aspernatur voluptatem illum sapiente iusto. Repudiandae dolores iusto velit enim voluptatum harum. Repudiandae deserunt laborum culpa maxime architecto blanditiis tempora. Nihil quasi aperiam non vel. Ipsa praesentium tempore vitae voluptatem. Aliquam vero laborum nam qui qui porro rerum. Et corporis ea aut qui. Dignissimos natus maiores eum recusandae. Rerum voluptatem sunt odit qui est laudantium corrupti. Vero ut qui reprehenderit.','unread','2023-10-22 21:44:10','2023-10-22 21:44:10'),(6,'Dr. Ethel Harris','theodore.heller@example.com','+16263091495','2858 Eichmann Locks\nEast Virgilmouth, TN 19982','Autem laboriosam quia et.','Ullam consequatur expedita laudantium similique beatae qui nostrum. Impedit rerum mollitia error. Molestiae excepturi distinctio labore omnis perspiciatis ratione quod. Dolore ut accusantium nemo deserunt veritatis. Voluptatem quis et eaque hic labore fuga ut et. Nobis quia beatae cumque. Id adipisci impedit veniam voluptatum. Nihil numquam aut qui ducimus quibusdam explicabo.','read','2023-10-22 21:44:10','2023-10-22 21:44:10'),(7,'Gussie Stoltenberg IV','bertha.von@example.org','+19518685472','5462 Alyce Extension Apt. 108\nVolkmanfort, NM 67949-5851','Cum vitae animi et impedit dolor.','Autem commodi nobis fugit aut. Aliquam velit quo possimus natus sint dicta. Ullam mollitia cum quo expedita eligendi alias. Beatae praesentium inventore sequi vel placeat. Voluptatum quis beatae laudantium natus. Id quis nisi libero id quasi. Minima minima temporibus nam voluptate neque. Fugiat et in repellat sapiente explicabo. Fugit saepe dignissimos nostrum architecto tempora molestias. Sint nostrum commodi corporis pariatur quidem dolores optio mollitia.','read','2023-10-22 21:44:10','2023-10-22 21:44:10'),(8,'Adelle Greenfelder','hyundt@example.org','+17312546759','83736 Mina Meadow\nHomenickhaven, IN 61809-2322','Ut ab molestiae vel consequatur.','Libero ipsa labore eveniet architecto. Natus ex magnam recusandae est autem tempora repudiandae. Omnis aliquam itaque est corrupti laudantium fugiat quis inventore. Ullam est hic alias aspernatur et. Ducimus aliquid sit nulla fugiat ea numquam. Incidunt molestiae adipisci corrupti odit veritatis recusandae. Incidunt consequuntur praesentium voluptate et ad. Quod enim dolores enim consequatur nulla. Laborum harum praesentium et aut ab. Iusto dolor laudantium suscipit dolores.','read','2023-10-22 21:44:10','2023-10-22 21:44:10'),(9,'Gisselle Donnelly','marcellus30@example.net','+18179069433','1414 Vergie Pass Apt. 312\nMarvintown, TX 93668','Explicabo minima dolores illum sit molestiae.','Unde aut esse quas. Repellat architecto totam doloremque consequatur labore consequatur. Odio architecto doloribus ut quibusdam aut in. Quis repudiandae repellat doloremque non. Sit temporibus non quia voluptatem. Ipsa et in et adipisci quisquam. Architecto rerum sed vitae non totam. Inventore accusantium omnis aut est eos et delectus minima. Voluptas aut facilis dicta quaerat accusamus est eos nostrum. Exercitationem praesentium asperiores in dolorem consequatur unde nulla.','unread','2023-10-22 21:44:10','2023-10-22 21:44:10'),(10,'Prof. Rubie Romaguera DVM','morissette.freddie@example.net','+17024382760','371 Reinhold Orchard Apt. 533\nPort Marie, WY 61251','Voluptatem qui iusto laborum qui.','Et qui laudantium soluta iusto molestias quis voluptas earum. Magni iusto dicta ab neque qui unde quidem. Vel eos iure fugiat tempore libero suscipit. Vero aspernatur sint dolorem. Amet voluptatem laudantium rem. Eum dolorem libero assumenda officiis modi in voluptatum. Voluptatibus esse itaque earum aut. Nostrum nam dicta asperiores non quas sint. Eos eum eius quis ut eum eos enim. Qui amet voluptatum consequuntur.','read','2023-10-22 21:44:10','2023-10-22 21:44:10');
/*!40000 ALTER TABLE `contacts` ENABLE KEYS */;
UNLOCK TABLES;

--
-- Table structure for table `countries`
--

DROP TABLE IF EXISTS `countries`;
/*!40101 SET @saved_cs_client     = @@character_set_client */;
/*!50503 SET character_set_client = utf8mb4 */;
CREATE TABLE `countries` (
  `id` bigint unsigned NOT NULL AUTO_INCREMENT,
  `name` varchar(120) NOT NULL,
  `nationality` varchar(120) CHARACTER SET utf8mb4 COLLATE utf8mb4_0900_ai_ci DEFAULT NULL,
  `order` tinyint NOT NULL DEFAULT '0',
  `is_default` tinyint unsigned NOT NULL DEFAULT '0',
  `status` varchar(60) NOT NULL DEFAULT 'published',
  `created_at` timestamp NULL DEFAULT NULL,
  `updated_at` timestamp NULL DEFAULT NULL,
  `code` varchar(10) DEFAULT NULL,
  PRIMARY KEY (`id`)
) ENGINE=InnoDB AUTO_INCREMENT=7 DEFAULT CHARSET=utf8mb4 COLLATE=utf8mb4_0900_ai_ci;
/*!40101 SET character_set_client = @saved_cs_client */;

--
-- Dumping data for table `countries`
--

LOCK TABLES `countries` WRITE;
/*!40000 ALTER TABLE `countries` DISABLE KEYS */;
INSERT INTO `countries` VALUES (1,'France','French',0,0,'published','2023-10-22 21:44:12',NULL,'FRA'),(2,'England','English',0,0,'published','2023-10-22 21:44:12',NULL,'UK'),(3,'USA','Americans',0,0,'published','2023-10-22 21:44:12',NULL,'US'),(4,'Holland','Dutch',0,0,'published','2023-10-22 21:44:12',NULL,'HL'),(5,'Denmark','Danish',0,0,'published','2023-10-22 21:44:12',NULL,'DN'),(6,'Germany','Danish',0,0,'published','2023-10-22 21:44:12',NULL,'DN');
/*!40000 ALTER TABLE `countries` ENABLE KEYS */;
UNLOCK TABLES;

--
-- Table structure for table `countries_translations`
--

DROP TABLE IF EXISTS `countries_translations`;
/*!40101 SET @saved_cs_client     = @@character_set_client */;
/*!50503 SET character_set_client = utf8mb4 */;
CREATE TABLE `countries_translations` (
  `lang_code` varchar(191) NOT NULL,
  `countries_id` bigint unsigned NOT NULL,
  `name` varchar(120) DEFAULT NULL,
  `nationality` varchar(120) DEFAULT NULL,
  PRIMARY KEY (`lang_code`,`countries_id`)
) ENGINE=InnoDB DEFAULT CHARSET=utf8mb4 COLLATE=utf8mb4_0900_ai_ci;
/*!40101 SET character_set_client = @saved_cs_client */;

--
-- Dumping data for table `countries_translations`
--

LOCK TABLES `countries_translations` WRITE;
/*!40000 ALTER TABLE `countries_translations` DISABLE KEYS */;
/*!40000 ALTER TABLE `countries_translations` ENABLE KEYS */;
UNLOCK TABLES;

--
-- Table structure for table `dashboard_widget_settings`
--

DROP TABLE IF EXISTS `dashboard_widget_settings`;
/*!40101 SET @saved_cs_client     = @@character_set_client */;
/*!50503 SET character_set_client = utf8mb4 */;
CREATE TABLE `dashboard_widget_settings` (
  `id` bigint unsigned NOT NULL AUTO_INCREMENT,
  `settings` text,
  `user_id` bigint unsigned NOT NULL,
  `widget_id` bigint unsigned NOT NULL,
  `order` tinyint unsigned NOT NULL DEFAULT '0',
  `status` tinyint unsigned NOT NULL DEFAULT '1',
  `created_at` timestamp NULL DEFAULT NULL,
  `updated_at` timestamp NULL DEFAULT NULL,
  PRIMARY KEY (`id`),
  KEY `dashboard_widget_settings_user_id_index` (`user_id`),
  KEY `dashboard_widget_settings_widget_id_index` (`widget_id`)
) ENGINE=InnoDB DEFAULT CHARSET=utf8mb4 COLLATE=utf8mb4_0900_ai_ci;
/*!40101 SET character_set_client = @saved_cs_client */;

--
-- Dumping data for table `dashboard_widget_settings`
--

LOCK TABLES `dashboard_widget_settings` WRITE;
/*!40000 ALTER TABLE `dashboard_widget_settings` DISABLE KEYS */;
/*!40000 ALTER TABLE `dashboard_widget_settings` ENABLE KEYS */;
UNLOCK TABLES;

--
-- Table structure for table `dashboard_widgets`
--

DROP TABLE IF EXISTS `dashboard_widgets`;
/*!40101 SET @saved_cs_client     = @@character_set_client */;
/*!50503 SET character_set_client = utf8mb4 */;
CREATE TABLE `dashboard_widgets` (
  `id` bigint unsigned NOT NULL AUTO_INCREMENT,
  `name` varchar(120) NOT NULL,
  `created_at` timestamp NULL DEFAULT NULL,
  `updated_at` timestamp NULL DEFAULT NULL,
  PRIMARY KEY (`id`)
) ENGINE=InnoDB DEFAULT CHARSET=utf8mb4 COLLATE=utf8mb4_0900_ai_ci;
/*!40101 SET character_set_client = @saved_cs_client */;

--
-- Dumping data for table `dashboard_widgets`
--

LOCK TABLES `dashboard_widgets` WRITE;
/*!40000 ALTER TABLE `dashboard_widgets` DISABLE KEYS */;
/*!40000 ALTER TABLE `dashboard_widgets` ENABLE KEYS */;
UNLOCK TABLES;

--
-- Table structure for table `failed_jobs`
--

DROP TABLE IF EXISTS `failed_jobs`;
/*!40101 SET @saved_cs_client     = @@character_set_client */;
/*!50503 SET character_set_client = utf8mb4 */;
CREATE TABLE `failed_jobs` (
  `id` bigint unsigned NOT NULL AUTO_INCREMENT,
  `uuid` varchar(191) NOT NULL,
  `connection` text NOT NULL,
  `queue` text NOT NULL,
  `payload` longtext NOT NULL,
  `exception` longtext NOT NULL,
  `failed_at` timestamp NOT NULL DEFAULT CURRENT_TIMESTAMP,
  PRIMARY KEY (`id`),
  UNIQUE KEY `failed_jobs_uuid_unique` (`uuid`)
) ENGINE=InnoDB DEFAULT CHARSET=utf8mb4 COLLATE=utf8mb4_0900_ai_ci;
/*!40101 SET character_set_client = @saved_cs_client */;

--
-- Dumping data for table `failed_jobs`
--

LOCK TABLES `failed_jobs` WRITE;
/*!40000 ALTER TABLE `failed_jobs` DISABLE KEYS */;
/*!40000 ALTER TABLE `failed_jobs` ENABLE KEYS */;
UNLOCK TABLES;

--
-- Table structure for table `faq_categories`
--

DROP TABLE IF EXISTS `faq_categories`;
/*!40101 SET @saved_cs_client     = @@character_set_client */;
/*!50503 SET character_set_client = utf8mb4 */;
CREATE TABLE `faq_categories` (
  `id` bigint unsigned NOT NULL AUTO_INCREMENT,
  `name` varchar(120) NOT NULL,
  `order` tinyint NOT NULL DEFAULT '0',
  `status` varchar(60) NOT NULL DEFAULT 'published',
  `created_at` timestamp NULL DEFAULT NULL,
  `updated_at` timestamp NULL DEFAULT NULL,
  PRIMARY KEY (`id`)
) ENGINE=InnoDB AUTO_INCREMENT=5 DEFAULT CHARSET=utf8mb4 COLLATE=utf8mb4_0900_ai_ci;
/*!40101 SET character_set_client = @saved_cs_client */;

--
-- Dumping data for table `faq_categories`
--

LOCK TABLES `faq_categories` WRITE;
/*!40000 ALTER TABLE `faq_categories` DISABLE KEYS */;
INSERT INTO `faq_categories` VALUES (1,'General',0,'published','2023-10-22 21:44:47','2023-10-22 21:44:47'),(2,'Buying',1,'published','2023-10-22 21:44:47','2023-10-22 21:44:47'),(3,'Payment',2,'published','2023-10-22 21:44:47','2023-10-22 21:44:47'),(4,'Support',3,'published','2023-10-22 21:44:47','2023-10-22 21:44:47');
/*!40000 ALTER TABLE `faq_categories` ENABLE KEYS */;
UNLOCK TABLES;

--
-- Table structure for table `faq_categories_translations`
--

DROP TABLE IF EXISTS `faq_categories_translations`;
/*!40101 SET @saved_cs_client     = @@character_set_client */;
/*!50503 SET character_set_client = utf8mb4 */;
CREATE TABLE `faq_categories_translations` (
  `lang_code` varchar(191) NOT NULL,
  `faq_categories_id` bigint unsigned NOT NULL,
  `name` varchar(120) DEFAULT NULL,
  PRIMARY KEY (`lang_code`,`faq_categories_id`)
) ENGINE=InnoDB DEFAULT CHARSET=utf8mb4 COLLATE=utf8mb4_0900_ai_ci;
/*!40101 SET character_set_client = @saved_cs_client */;

--
-- Dumping data for table `faq_categories_translations`
--

LOCK TABLES `faq_categories_translations` WRITE;
/*!40000 ALTER TABLE `faq_categories_translations` DISABLE KEYS */;
/*!40000 ALTER TABLE `faq_categories_translations` ENABLE KEYS */;
UNLOCK TABLES;

--
-- Table structure for table `faqs`
--

DROP TABLE IF EXISTS `faqs`;
/*!40101 SET @saved_cs_client     = @@character_set_client */;
/*!50503 SET character_set_client = utf8mb4 */;
CREATE TABLE `faqs` (
  `id` bigint unsigned NOT NULL AUTO_INCREMENT,
  `question` text NOT NULL,
  `answer` text NOT NULL,
  `category_id` bigint unsigned NOT NULL,
  `status` varchar(60) NOT NULL DEFAULT 'published',
  `created_at` timestamp NULL DEFAULT NULL,
  `updated_at` timestamp NULL DEFAULT NULL,
  PRIMARY KEY (`id`)
) ENGINE=InnoDB AUTO_INCREMENT=25 DEFAULT CHARSET=utf8mb4 COLLATE=utf8mb4_0900_ai_ci;
/*!40101 SET character_set_client = @saved_cs_client */;

--
-- Dumping data for table `faqs`
--

LOCK TABLES `faqs` WRITE;
/*!40000 ALTER TABLE `faqs` DISABLE KEYS */;
INSERT INTO `faqs` VALUES (1,'Where does it come from?','If several languages coalesce, the grammar of the resulting language is more simple and regular than that of the individual languages. The new common language will be more simple and regular than the existing European languages.',1,'published','2023-10-22 21:44:47','2023-10-22 21:44:47'),(2,'How JobBox Work?','To an English person, it will seem like simplified English, as a skeptical Cambridge friend of mine told me what Occidental is. The European languages are members of the same family. Their separate existence is a myth.',1,'published','2023-10-22 21:44:47','2023-10-22 21:44:47'),(3,'What is your shipping policy?','Everyone realizes why a new common language would be desirable: one could refuse to pay expensive translators. To achieve this, it would be necessary to have uniform grammar, pronunciation and more common words.',1,'published','2023-10-22 21:44:47','2023-10-22 21:44:47'),(4,'Where To Place A FAQ Page','Just as the name suggests, a FAQ page is all about simple questions and answers. Gather common questions your customers have asked from your support team and include them in the FAQ, Use categories to organize questions related to specific topics.',1,'published','2023-10-22 21:44:47','2023-10-22 21:44:47'),(5,'Why do we use it?','It will be as simple as Occidental; in fact, it will be Occidental. To an English person, it will seem like simplified English, as a skeptical Cambridge friend of mine told me what Occidental.',1,'published','2023-10-22 21:44:47','2023-10-22 21:44:47'),(6,'Where can I get some?','To an English person, it will seem like simplified English, as a skeptical Cambridge friend of mine told me what Occidental is. The European languages are members of the same family. Their separate existence is a myth.',1,'published','2023-10-22 21:44:47','2023-10-22 21:44:47'),(7,'Where does it come from?','If several languages coalesce, the grammar of the resulting language is more simple and regular than that of the individual languages. The new common language will be more simple and regular than the existing European languages.',2,'published','2023-10-22 21:44:47','2023-10-22 21:44:47'),(8,'How JobBox Work?','To an English person, it will seem like simplified English, as a skeptical Cambridge friend of mine told me what Occidental is. The European languages are members of the same family. Their separate existence is a myth.',2,'published','2023-10-22 21:44:47','2023-10-22 21:44:47'),(9,'What is your shipping policy?','Everyone realizes why a new common language would be desirable: one could refuse to pay expensive translators. To achieve this, it would be necessary to have uniform grammar, pronunciation and more common words.',2,'published','2023-10-22 21:44:47','2023-10-22 21:44:47'),(10,'Where To Place A FAQ Page','Just as the name suggests, a FAQ page is all about simple questions and answers. Gather common questions your customers have asked from your support team and include them in the FAQ, Use categories to organize questions related to specific topics.',2,'published','2023-10-22 21:44:47','2023-10-22 21:44:47'),(11,'Why do we use it?','It will be as simple as Occidental; in fact, it will be Occidental. To an English person, it will seem like simplified English, as a skeptical Cambridge friend of mine told me what Occidental.',2,'published','2023-10-22 21:44:47','2023-10-22 21:44:47'),(12,'Where can I get some?','To an English person, it will seem like simplified English, as a skeptical Cambridge friend of mine told me what Occidental is. The European languages are members of the same family. Their separate existence is a myth.',2,'published','2023-10-22 21:44:47','2023-10-22 21:44:47'),(13,'Where does it come from?','If several languages coalesce, the grammar of the resulting language is more simple and regular than that of the individual languages. The new common language will be more simple and regular than the existing European languages.',3,'published','2023-10-22 21:44:47','2023-10-22 21:44:47'),(14,'How JobBox Work?','To an English person, it will seem like simplified English, as a skeptical Cambridge friend of mine told me what Occidental is. The European languages are members of the same family. Their separate existence is a myth.',3,'published','2023-10-22 21:44:47','2023-10-22 21:44:47'),(15,'What is your shipping policy?','Everyone realizes why a new common language would be desirable: one could refuse to pay expensive translators. To achieve this, it would be necessary to have uniform grammar, pronunciation and more common words.',3,'published','2023-10-22 21:44:47','2023-10-22 21:44:47'),(16,'Where To Place A FAQ Page','Just as the name suggests, a FAQ page is all about simple questions and answers. Gather common questions your customers have asked from your support team and include them in the FAQ, Use categories to organize questions related to specific topics.',3,'published','2023-10-22 21:44:47','2023-10-22 21:44:47'),(17,'Why do we use it?','It will be as simple as Occidental; in fact, it will be Occidental. To an English person, it will seem like simplified English, as a skeptical Cambridge friend of mine told me what Occidental.',3,'published','2023-10-22 21:44:47','2023-10-22 21:44:47'),(18,'Where can I get some?','To an English person, it will seem like simplified English, as a skeptical Cambridge friend of mine told me what Occidental is. The European languages are members of the same family. Their separate existence is a myth.',3,'published','2023-10-22 21:44:47','2023-10-22 21:44:47'),(19,'Where does it come from?','If several languages coalesce, the grammar of the resulting language is more simple and regular than that of the individual languages. The new common language will be more simple and regular than the existing European languages.',4,'published','2023-10-22 21:44:47','2023-10-22 21:44:47'),(20,'How JobBox Work?','To an English person, it will seem like simplified English, as a skeptical Cambridge friend of mine told me what Occidental is. The European languages are members of the same family. Their separate existence is a myth.',4,'published','2023-10-22 21:44:47','2023-10-22 21:44:47'),(21,'What is your shipping policy?','Everyone realizes why a new common language would be desirable: one could refuse to pay expensive translators. To achieve this, it would be necessary to have uniform grammar, pronunciation and more common words.',4,'published','2023-10-22 21:44:47','2023-10-22 21:44:47'),(22,'Where To Place A FAQ Page','Just as the name suggests, a FAQ page is all about simple questions and answers. Gather common questions your customers have asked from your support team and include them in the FAQ, Use categories to organize questions related to specific topics.',4,'published','2023-10-22 21:44:47','2023-10-22 21:44:47'),(23,'Why do we use it?','It will be as simple as Occidental; in fact, it will be Occidental. To an English person, it will seem like simplified English, as a skeptical Cambridge friend of mine told me what Occidental.',4,'published','2023-10-22 21:44:47','2023-10-22 21:44:47'),(24,'Where can I get some?','To an English person, it will seem like simplified English, as a skeptical Cambridge friend of mine told me what Occidental is. The European languages are members of the same family. Their separate existence is a myth.',4,'published','2023-10-22 21:44:47','2023-10-22 21:44:47');
/*!40000 ALTER TABLE `faqs` ENABLE KEYS */;
UNLOCK TABLES;

--
-- Table structure for table `faqs_translations`
--

DROP TABLE IF EXISTS `faqs_translations`;
/*!40101 SET @saved_cs_client     = @@character_set_client */;
/*!50503 SET character_set_client = utf8mb4 */;
CREATE TABLE `faqs_translations` (
  `lang_code` varchar(191) NOT NULL,
  `faqs_id` bigint unsigned NOT NULL,
  `question` text,
  `answer` text,
  PRIMARY KEY (`lang_code`,`faqs_id`)
) ENGINE=InnoDB DEFAULT CHARSET=utf8mb4 COLLATE=utf8mb4_0900_ai_ci;
/*!40101 SET character_set_client = @saved_cs_client */;

--
-- Dumping data for table `faqs_translations`
--

LOCK TABLES `faqs_translations` WRITE;
/*!40000 ALTER TABLE `faqs_translations` DISABLE KEYS */;
/*!40000 ALTER TABLE `faqs_translations` ENABLE KEYS */;
UNLOCK TABLES;

--
-- Table structure for table `galleries`
--

DROP TABLE IF EXISTS `galleries`;
/*!40101 SET @saved_cs_client     = @@character_set_client */;
/*!50503 SET character_set_client = utf8mb4 */;
CREATE TABLE `galleries` (
  `id` bigint unsigned NOT NULL AUTO_INCREMENT,
  `name` varchar(120) NOT NULL,
  `description` longtext NOT NULL,
  `is_featured` tinyint unsigned NOT NULL DEFAULT '0',
  `order` tinyint unsigned NOT NULL DEFAULT '0',
  `image` varchar(255) DEFAULT NULL,
  `user_id` bigint unsigned DEFAULT NULL,
  `status` varchar(60) NOT NULL DEFAULT 'published',
  `created_at` timestamp NULL DEFAULT NULL,
  `updated_at` timestamp NULL DEFAULT NULL,
  PRIMARY KEY (`id`),
  KEY `galleries_user_id_index` (`user_id`)
) ENGINE=InnoDB AUTO_INCREMENT=7 DEFAULT CHARSET=utf8mb4 COLLATE=utf8mb4_0900_ai_ci;
/*!40101 SET character_set_client = @saved_cs_client */;

--
-- Dumping data for table `galleries`
--

LOCK TABLES `galleries` WRITE;
/*!40000 ALTER TABLE `galleries` DISABLE KEYS */;
INSERT INTO `galleries` VALUES (1,'Perfect','Est vel incidunt nam atque ipsam. Exercitationem iste dolorem numquam ut sed aliquam. Aliquid in incidunt quos minus et.',1,0,'galleries/1.jpg',1,'published','2023-10-22 21:44:10','2023-10-22 21:44:10'),(2,'New Day','Eius et occaecati aliquam est. Odio et assumenda impedit et sapiente quos ut. Recusandae eligendi sed explicabo omnis.',1,0,'galleries/2.jpg',1,'published','2023-10-22 21:44:10','2023-10-22 21:44:10'),(3,'Happy Day','Ut ab quos libero ducimus dolor eveniet. Non temporibus aut corporis amet qui aspernatur quaerat. Rerum veniam suscipit quo vel dolorem totam porro.',1,0,'galleries/3.jpg',1,'published','2023-10-22 21:44:10','2023-10-22 21:44:10'),(4,'Nature','Qui corporis numquam laudantium error nemo. Veritatis repellendus impedit quas. Commodi ab fugit asperiores qui voluptas.',1,0,'galleries/4.jpg',1,'published','2023-10-22 21:44:10','2023-10-22 21:44:10'),(5,'Morning','Qui reprehenderit sed nisi at dolorem repellendus consequatur. Consequuntur rerum ipsam delectus qui blanditiis sed tempora.',1,0,'galleries/5.jpg',1,'published','2023-10-22 21:44:10','2023-10-22 21:44:10'),(6,'Photography','Quia et quasi id accusantium dicta id. Inventore et occaecati fugiat aut asperiores fuga nostrum voluptate. Aut alias voluptatem modi consequatur.',1,0,'galleries/6.jpg',1,'published','2023-10-22 21:44:10','2023-10-22 21:44:10');
/*!40000 ALTER TABLE `galleries` ENABLE KEYS */;
UNLOCK TABLES;

--
-- Table structure for table `galleries_translations`
--

DROP TABLE IF EXISTS `galleries_translations`;
/*!40101 SET @saved_cs_client     = @@character_set_client */;
/*!50503 SET character_set_client = utf8mb4 */;
CREATE TABLE `galleries_translations` (
  `lang_code` varchar(191) NOT NULL,
  `galleries_id` bigint unsigned NOT NULL,
  `name` varchar(255) DEFAULT NULL,
  `description` longtext,
  PRIMARY KEY (`lang_code`,`galleries_id`)
) ENGINE=InnoDB DEFAULT CHARSET=utf8mb4 COLLATE=utf8mb4_0900_ai_ci;
/*!40101 SET character_set_client = @saved_cs_client */;

--
-- Dumping data for table `galleries_translations`
--

LOCK TABLES `galleries_translations` WRITE;
/*!40000 ALTER TABLE `galleries_translations` DISABLE KEYS */;
/*!40000 ALTER TABLE `galleries_translations` ENABLE KEYS */;
UNLOCK TABLES;

--
-- Table structure for table `gallery_meta`
--

DROP TABLE IF EXISTS `gallery_meta`;
/*!40101 SET @saved_cs_client     = @@character_set_client */;
/*!50503 SET character_set_client = utf8mb4 */;
CREATE TABLE `gallery_meta` (
  `id` bigint unsigned NOT NULL AUTO_INCREMENT,
  `images` text,
  `reference_id` bigint unsigned NOT NULL,
  `reference_type` varchar(120) NOT NULL,
  `created_at` timestamp NULL DEFAULT NULL,
  `updated_at` timestamp NULL DEFAULT NULL,
  PRIMARY KEY (`id`),
  KEY `gallery_meta_reference_id_index` (`reference_id`)
) ENGINE=InnoDB AUTO_INCREMENT=7 DEFAULT CHARSET=utf8mb4 COLLATE=utf8mb4_0900_ai_ci;
/*!40101 SET character_set_client = @saved_cs_client */;

--
-- Dumping data for table `gallery_meta`
--

LOCK TABLES `gallery_meta` WRITE;
/*!40000 ALTER TABLE `gallery_meta` DISABLE KEYS */;
INSERT INTO `gallery_meta` VALUES (1,'[{\"img\":\"galleries\\/1.jpg\",\"description\":\"Quasi voluptas consequuntur velit. Ad et aut quas ab reiciendis qui. Omnis corrupti blanditiis blanditiis doloremque.\"},{\"img\":\"galleries\\/2.jpg\",\"description\":\"Autem minus voluptas quod facere eum. Ut culpa et corporis commodi est. Est dolore praesentium nostrum non et aliquam delectus.\"},{\"img\":\"galleries\\/3.jpg\",\"description\":\"Ea dolores aut earum qui aliquam. Ut eveniet error quisquam sit tenetur ut. Alias eos nemo quas commodi et rerum.\"},{\"img\":\"galleries\\/4.jpg\",\"description\":\"Error et excepturi necessitatibus. Eum culpa numquam maxime illo. Non debitis quo non eum.\"},{\"img\":\"galleries\\/5.jpg\",\"description\":\"Et quam est accusamus odit recusandae autem et. Corrupti suscipit non quo. Unde dolorem cum explicabo rerum rerum quidem.\"},{\"img\":\"galleries\\/6.jpg\",\"description\":\"Odio cumque porro sed sit excepturi aut. Officiis qui totam omnis eos. Consequatur eius odit ab reiciendis repudiandae.\"},{\"img\":\"galleries\\/7.jpg\",\"description\":\"Quibusdam cum velit esse error quaerat. Ut sed iure rerum deserunt occaecati omnis.\"},{\"img\":\"galleries\\/8.jpg\",\"description\":\"Repudiandae sed ea et non rerum autem qui. Ad sint velit ex consectetur delectus quod ducimus. Et amet totam doloremque cumque quis veritatis.\"},{\"img\":\"galleries\\/9.jpg\",\"description\":\"Voluptate repellat voluptates ullam provident. Iusto quas voluptate saepe et.\"}]',1,'Botble\\Gallery\\Models\\Gallery','2023-10-22 21:44:10','2023-10-22 21:44:10'),(2,'[{\"img\":\"galleries\\/1.jpg\",\"description\":\"Quasi voluptas consequuntur velit. Ad et aut quas ab reiciendis qui. Omnis corrupti blanditiis blanditiis doloremque.\"},{\"img\":\"galleries\\/2.jpg\",\"description\":\"Autem minus voluptas quod facere eum. Ut culpa et corporis commodi est. Est dolore praesentium nostrum non et aliquam delectus.\"},{\"img\":\"galleries\\/3.jpg\",\"description\":\"Ea dolores aut earum qui aliquam. Ut eveniet error quisquam sit tenetur ut. Alias eos nemo quas commodi et rerum.\"},{\"img\":\"galleries\\/4.jpg\",\"description\":\"Error et excepturi necessitatibus. Eum culpa numquam maxime illo. Non debitis quo non eum.\"},{\"img\":\"galleries\\/5.jpg\",\"description\":\"Et quam est accusamus odit recusandae autem et. Corrupti suscipit non quo. Unde dolorem cum explicabo rerum rerum quidem.\"},{\"img\":\"galleries\\/6.jpg\",\"description\":\"Odio cumque porro sed sit excepturi aut. Officiis qui totam omnis eos. Consequatur eius odit ab reiciendis repudiandae.\"},{\"img\":\"galleries\\/7.jpg\",\"description\":\"Quibusdam cum velit esse error quaerat. Ut sed iure rerum deserunt occaecati omnis.\"},{\"img\":\"galleries\\/8.jpg\",\"description\":\"Repudiandae sed ea et non rerum autem qui. Ad sint velit ex consectetur delectus quod ducimus. Et amet totam doloremque cumque quis veritatis.\"},{\"img\":\"galleries\\/9.jpg\",\"description\":\"Voluptate repellat voluptates ullam provident. Iusto quas voluptate saepe et.\"}]',2,'Botble\\Gallery\\Models\\Gallery','2023-10-22 21:44:10','2023-10-22 21:44:10'),(3,'[{\"img\":\"galleries\\/1.jpg\",\"description\":\"Quasi voluptas consequuntur velit. Ad et aut quas ab reiciendis qui. Omnis corrupti blanditiis blanditiis doloremque.\"},{\"img\":\"galleries\\/2.jpg\",\"description\":\"Autem minus voluptas quod facere eum. Ut culpa et corporis commodi est. Est dolore praesentium nostrum non et aliquam delectus.\"},{\"img\":\"galleries\\/3.jpg\",\"description\":\"Ea dolores aut earum qui aliquam. Ut eveniet error quisquam sit tenetur ut. Alias eos nemo quas commodi et rerum.\"},{\"img\":\"galleries\\/4.jpg\",\"description\":\"Error et excepturi necessitatibus. Eum culpa numquam maxime illo. Non debitis quo non eum.\"},{\"img\":\"galleries\\/5.jpg\",\"description\":\"Et quam est accusamus odit recusandae autem et. Corrupti suscipit non quo. Unde dolorem cum explicabo rerum rerum quidem.\"},{\"img\":\"galleries\\/6.jpg\",\"description\":\"Odio cumque porro sed sit excepturi aut. Officiis qui totam omnis eos. Consequatur eius odit ab reiciendis repudiandae.\"},{\"img\":\"galleries\\/7.jpg\",\"description\":\"Quibusdam cum velit esse error quaerat. Ut sed iure rerum deserunt occaecati omnis.\"},{\"img\":\"galleries\\/8.jpg\",\"description\":\"Repudiandae sed ea et non rerum autem qui. Ad sint velit ex consectetur delectus quod ducimus. Et amet totam doloremque cumque quis veritatis.\"},{\"img\":\"galleries\\/9.jpg\",\"description\":\"Voluptate repellat voluptates ullam provident. Iusto quas voluptate saepe et.\"}]',3,'Botble\\Gallery\\Models\\Gallery','2023-10-22 21:44:10','2023-10-22 21:44:10'),(4,'[{\"img\":\"galleries\\/1.jpg\",\"description\":\"Quasi voluptas consequuntur velit. Ad et aut quas ab reiciendis qui. Omnis corrupti blanditiis blanditiis doloremque.\"},{\"img\":\"galleries\\/2.jpg\",\"description\":\"Autem minus voluptas quod facere eum. Ut culpa et corporis commodi est. Est dolore praesentium nostrum non et aliquam delectus.\"},{\"img\":\"galleries\\/3.jpg\",\"description\":\"Ea dolores aut earum qui aliquam. Ut eveniet error quisquam sit tenetur ut. Alias eos nemo quas commodi et rerum.\"},{\"img\":\"galleries\\/4.jpg\",\"description\":\"Error et excepturi necessitatibus. Eum culpa numquam maxime illo. Non debitis quo non eum.\"},{\"img\":\"galleries\\/5.jpg\",\"description\":\"Et quam est accusamus odit recusandae autem et. Corrupti suscipit non quo. Unde dolorem cum explicabo rerum rerum quidem.\"},{\"img\":\"galleries\\/6.jpg\",\"description\":\"Odio cumque porro sed sit excepturi aut. Officiis qui totam omnis eos. Consequatur eius odit ab reiciendis repudiandae.\"},{\"img\":\"galleries\\/7.jpg\",\"description\":\"Quibusdam cum velit esse error quaerat. Ut sed iure rerum deserunt occaecati omnis.\"},{\"img\":\"galleries\\/8.jpg\",\"description\":\"Repudiandae sed ea et non rerum autem qui. Ad sint velit ex consectetur delectus quod ducimus. Et amet totam doloremque cumque quis veritatis.\"},{\"img\":\"galleries\\/9.jpg\",\"description\":\"Voluptate repellat voluptates ullam provident. Iusto quas voluptate saepe et.\"}]',4,'Botble\\Gallery\\Models\\Gallery','2023-10-22 21:44:10','2023-10-22 21:44:10'),(5,'[{\"img\":\"galleries\\/1.jpg\",\"description\":\"Quasi voluptas consequuntur velit. Ad et aut quas ab reiciendis qui. Omnis corrupti blanditiis blanditiis doloremque.\"},{\"img\":\"galleries\\/2.jpg\",\"description\":\"Autem minus voluptas quod facere eum. Ut culpa et corporis commodi est. Est dolore praesentium nostrum non et aliquam delectus.\"},{\"img\":\"galleries\\/3.jpg\",\"description\":\"Ea dolores aut earum qui aliquam. Ut eveniet error quisquam sit tenetur ut. Alias eos nemo quas commodi et rerum.\"},{\"img\":\"galleries\\/4.jpg\",\"description\":\"Error et excepturi necessitatibus. Eum culpa numquam maxime illo. Non debitis quo non eum.\"},{\"img\":\"galleries\\/5.jpg\",\"description\":\"Et quam est accusamus odit recusandae autem et. Corrupti suscipit non quo. Unde dolorem cum explicabo rerum rerum quidem.\"},{\"img\":\"galleries\\/6.jpg\",\"description\":\"Odio cumque porro sed sit excepturi aut. Officiis qui totam omnis eos. Consequatur eius odit ab reiciendis repudiandae.\"},{\"img\":\"galleries\\/7.jpg\",\"description\":\"Quibusdam cum velit esse error quaerat. Ut sed iure rerum deserunt occaecati omnis.\"},{\"img\":\"galleries\\/8.jpg\",\"description\":\"Repudiandae sed ea et non rerum autem qui. Ad sint velit ex consectetur delectus quod ducimus. Et amet totam doloremque cumque quis veritatis.\"},{\"img\":\"galleries\\/9.jpg\",\"description\":\"Voluptate repellat voluptates ullam provident. Iusto quas voluptate saepe et.\"}]',5,'Botble\\Gallery\\Models\\Gallery','2023-10-22 21:44:10','2023-10-22 21:44:10'),(6,'[{\"img\":\"galleries\\/1.jpg\",\"description\":\"Quasi voluptas consequuntur velit. Ad et aut quas ab reiciendis qui. Omnis corrupti blanditiis blanditiis doloremque.\"},{\"img\":\"galleries\\/2.jpg\",\"description\":\"Autem minus voluptas quod facere eum. Ut culpa et corporis commodi est. Est dolore praesentium nostrum non et aliquam delectus.\"},{\"img\":\"galleries\\/3.jpg\",\"description\":\"Ea dolores aut earum qui aliquam. Ut eveniet error quisquam sit tenetur ut. Alias eos nemo quas commodi et rerum.\"},{\"img\":\"galleries\\/4.jpg\",\"description\":\"Error et excepturi necessitatibus. Eum culpa numquam maxime illo. Non debitis quo non eum.\"},{\"img\":\"galleries\\/5.jpg\",\"description\":\"Et quam est accusamus odit recusandae autem et. Corrupti suscipit non quo. Unde dolorem cum explicabo rerum rerum quidem.\"},{\"img\":\"galleries\\/6.jpg\",\"description\":\"Odio cumque porro sed sit excepturi aut. Officiis qui totam omnis eos. Consequatur eius odit ab reiciendis repudiandae.\"},{\"img\":\"galleries\\/7.jpg\",\"description\":\"Quibusdam cum velit esse error quaerat. Ut sed iure rerum deserunt occaecati omnis.\"},{\"img\":\"galleries\\/8.jpg\",\"description\":\"Repudiandae sed ea et non rerum autem qui. Ad sint velit ex consectetur delectus quod ducimus. Et amet totam doloremque cumque quis veritatis.\"},{\"img\":\"galleries\\/9.jpg\",\"description\":\"Voluptate repellat voluptates ullam provident. Iusto quas voluptate saepe et.\"}]',6,'Botble\\Gallery\\Models\\Gallery','2023-10-22 21:44:10','2023-10-22 21:44:10');
/*!40000 ALTER TABLE `gallery_meta` ENABLE KEYS */;
UNLOCK TABLES;

--
-- Table structure for table `gallery_meta_translations`
--

DROP TABLE IF EXISTS `gallery_meta_translations`;
/*!40101 SET @saved_cs_client     = @@character_set_client */;
/*!50503 SET character_set_client = utf8mb4 */;
CREATE TABLE `gallery_meta_translations` (
  `lang_code` varchar(191) NOT NULL,
  `gallery_meta_id` bigint unsigned NOT NULL,
  `images` text,
  PRIMARY KEY (`lang_code`,`gallery_meta_id`)
) ENGINE=InnoDB DEFAULT CHARSET=utf8mb4 COLLATE=utf8mb4_0900_ai_ci;
/*!40101 SET character_set_client = @saved_cs_client */;

--
-- Dumping data for table `gallery_meta_translations`
--

LOCK TABLES `gallery_meta_translations` WRITE;
/*!40000 ALTER TABLE `gallery_meta_translations` DISABLE KEYS */;
/*!40000 ALTER TABLE `gallery_meta_translations` ENABLE KEYS */;
UNLOCK TABLES;

--
-- Table structure for table `jb_account_activity_logs`
--

DROP TABLE IF EXISTS `jb_account_activity_logs`;
/*!40101 SET @saved_cs_client     = @@character_set_client */;
/*!50503 SET character_set_client = utf8mb4 */;
CREATE TABLE `jb_account_activity_logs` (
  `id` bigint unsigned NOT NULL AUTO_INCREMENT,
  `action` varchar(120) NOT NULL,
  `user_agent` text,
  `reference_url` varchar(255) DEFAULT NULL,
  `reference_name` varchar(255) DEFAULT NULL,
  `ip_address` varchar(39) CHARACTER SET utf8mb4 COLLATE utf8mb4_0900_ai_ci DEFAULT NULL,
  `account_id` bigint unsigned NOT NULL,
  `created_at` timestamp NULL DEFAULT NULL,
  `updated_at` timestamp NULL DEFAULT NULL,
  PRIMARY KEY (`id`),
  KEY `jb_account_activity_logs_account_id_index` (`account_id`)
) ENGINE=InnoDB DEFAULT CHARSET=utf8mb4 COLLATE=utf8mb4_0900_ai_ci;
/*!40101 SET character_set_client = @saved_cs_client */;

--
-- Dumping data for table `jb_account_activity_logs`
--

LOCK TABLES `jb_account_activity_logs` WRITE;
/*!40000 ALTER TABLE `jb_account_activity_logs` DISABLE KEYS */;
/*!40000 ALTER TABLE `jb_account_activity_logs` ENABLE KEYS */;
UNLOCK TABLES;

--
-- Table structure for table `jb_account_educations`
--

DROP TABLE IF EXISTS `jb_account_educations`;
/*!40101 SET @saved_cs_client     = @@character_set_client */;
/*!50503 SET character_set_client = utf8mb4 */;
CREATE TABLE `jb_account_educations` (
  `id` bigint unsigned NOT NULL AUTO_INCREMENT,
  `school` varchar(191) NOT NULL,
  `account_id` bigint unsigned NOT NULL,
  `specialized` varchar(191) DEFAULT NULL,
  `started_at` date NOT NULL,
  `ended_at` date DEFAULT NULL,
  `description` text,
  `created_at` timestamp NULL DEFAULT NULL,
  `updated_at` timestamp NULL DEFAULT NULL,
  PRIMARY KEY (`id`)
) ENGINE=InnoDB AUTO_INCREMENT=42 DEFAULT CHARSET=utf8mb4 COLLATE=utf8mb4_0900_ai_ci;
/*!40101 SET character_set_client = @saved_cs_client */;

--
-- Dumping data for table `jb_account_educations`
--

LOCK TABLES `jb_account_educations` WRITE;
/*!40000 ALTER TABLE `jb_account_educations` DISABLE KEYS */;
INSERT INTO `jb_account_educations` VALUES (1,'Associated Mennonite Biblical Seminary',2,'Economics','2023-10-23','2023-10-23','There are many variations of passages of available, but the majority alteration in some form.\n                As a highly skilled and successful product development and design specialist with more than 4 Years of\n                My experience','2023-10-22 21:44:18','2023-10-22 21:44:18'),(2,'Antioch University McGregor',7,'Anthropology','2023-10-23','2023-10-23','There are many variations of passages of available, but the majority alteration in some form.\n                As a highly skilled and successful product development and design specialist with more than 4 Years of\n                My experience','2023-10-22 21:44:19','2023-10-22 21:44:19'),(3,'Antioch University McGregor',9,'Art History','2023-10-23','2023-10-23','There are many variations of passages of available, but the majority alteration in some form.\n                As a highly skilled and successful product development and design specialist with more than 4 Years of\n                My experience','2023-10-22 21:44:20','2023-10-22 21:44:20'),(4,'Antioch University McGregor',11,'Classical Studies','2023-10-23','2023-10-23','There are many variations of passages of available, but the majority alteration in some form.\n                As a highly skilled and successful product development and design specialist with more than 4 Years of\n                My experience','2023-10-22 21:44:20','2023-10-22 21:44:20'),(5,'Antioch University McGregor',13,'Economics','2023-10-23','2023-10-23','There are many variations of passages of available, but the majority alteration in some form.\n                As a highly skilled and successful product development and design specialist with more than 4 Years of\n                My experience','2023-10-22 21:44:21','2023-10-22 21:44:21'),(6,'American Institute of Health Technology',14,'Art History','2023-10-23','2023-10-23','There are many variations of passages of available, but the majority alteration in some form.\n                As a highly skilled and successful product development and design specialist with more than 4 Years of\n                My experience','2023-10-22 21:44:21','2023-10-22 21:44:21'),(7,'The University of the State of Alabama',16,'Classical Studies','2023-10-23','2023-10-23','There are many variations of passages of available, but the majority alteration in some form.\n                As a highly skilled and successful product development and design specialist with more than 4 Years of\n                My experience','2023-10-22 21:44:22','2023-10-22 21:44:22'),(8,'American Institute of Health Technology',17,'Classical Studies','2023-10-23','2023-10-23','There are many variations of passages of available, but the majority alteration in some form.\n                As a highly skilled and successful product development and design specialist with more than 4 Years of\n                My experience','2023-10-22 21:44:22','2023-10-22 21:44:22'),(9,'Gateway Technical College',18,'Culture and Technology Studies','2023-10-23','2023-10-23','There are many variations of passages of available, but the majority alteration in some form.\n                As a highly skilled and successful product development and design specialist with more than 4 Years of\n                My experience','2023-10-22 21:44:22','2023-10-22 21:44:22'),(10,'Antioch University McGregor',22,'Classical Studies','2023-10-23','2023-10-23','There are many variations of passages of available, but the majority alteration in some form.\n                As a highly skilled and successful product development and design specialist with more than 4 Years of\n                My experience','2023-10-22 21:44:23','2023-10-22 21:44:23'),(11,'Associated Mennonite Biblical Seminary',23,'Culture and Technology Studies','2023-10-23','2023-10-23','There are many variations of passages of available, but the majority alteration in some form.\n                As a highly skilled and successful product development and design specialist with more than 4 Years of\n                My experience','2023-10-22 21:44:23','2023-10-22 21:44:23'),(12,'Gateway Technical College',27,'Classical Studies','2023-10-23','2023-10-23','There are many variations of passages of available, but the majority alteration in some form.\n                As a highly skilled and successful product development and design specialist with more than 4 Years of\n                My experience','2023-10-22 21:44:24','2023-10-22 21:44:24'),(13,'Adams State College',28,'Anthropology','2023-10-23','2023-10-23','There are many variations of passages of available, but the majority alteration in some form.\n                As a highly skilled and successful product development and design specialist with more than 4 Years of\n                My experience','2023-10-22 21:44:25','2023-10-22 21:44:25'),(14,'American Institute of Health Technology',30,'Culture and Technology Studies','2023-10-23','2023-10-23','There are many variations of passages of available, but the majority alteration in some form.\n                As a highly skilled and successful product development and design specialist with more than 4 Years of\n                My experience','2023-10-22 21:44:25','2023-10-22 21:44:25'),(15,'The University of the State of Alabama',31,'Classical Studies','2023-10-23','2023-10-23','There are many variations of passages of available, but the majority alteration in some form.\n                As a highly skilled and successful product development and design specialist with more than 4 Years of\n                My experience','2023-10-22 21:44:26','2023-10-22 21:44:26'),(16,'The University of the State of Alabama',35,'Culture and Technology Studies','2023-10-23','2023-10-23','There are many variations of passages of available, but the majority alteration in some form.\n                As a highly skilled and successful product development and design specialist with more than 4 Years of\n                My experience','2023-10-22 21:44:27','2023-10-22 21:44:27'),(17,'Gateway Technical College',36,'Economics','2023-10-23','2023-10-23','There are many variations of passages of available, but the majority alteration in some form.\n                As a highly skilled and successful product development and design specialist with more than 4 Years of\n                My experience','2023-10-22 21:44:27','2023-10-22 21:44:27'),(18,'American Institute of Health Technology',41,'Art History','2023-10-23','2023-10-23','There are many variations of passages of available, but the majority alteration in some form.\n                As a highly skilled and successful product development and design specialist with more than 4 Years of\n                My experience','2023-10-22 21:44:28','2023-10-22 21:44:28'),(19,'Antioch University McGregor',48,'Economics','2023-10-23','2023-10-23','There are many variations of passages of available, but the majority alteration in some form.\n                As a highly skilled and successful product development and design specialist with more than 4 Years of\n                My experience','2023-10-22 21:44:30','2023-10-22 21:44:30'),(20,'The University of the State of Alabama',49,'Art History','2023-10-23','2023-10-23','There are many variations of passages of available, but the majority alteration in some form.\n                As a highly skilled and successful product development and design specialist with more than 4 Years of\n                My experience','2023-10-22 21:44:30','2023-10-22 21:44:30'),(21,'Gateway Technical College',50,'Culture and Technology Studies','2023-10-23','2023-10-23','There are many variations of passages of available, but the majority alteration in some form.\n                As a highly skilled and successful product development and design specialist with more than 4 Years of\n                My experience','2023-10-22 21:44:31','2023-10-22 21:44:31'),(22,'Associated Mennonite Biblical Seminary',52,'Art History','2023-10-23','2023-10-23','There are many variations of passages of available, but the majority alteration in some form.\n                As a highly skilled and successful product development and design specialist with more than 4 Years of\n                My experience','2023-10-22 21:44:31','2023-10-22 21:44:31'),(23,'American Institute of Health Technology',53,'Culture and Technology Studies','2023-10-23','2023-10-23','There are many variations of passages of available, but the majority alteration in some form.\n                As a highly skilled and successful product development and design specialist with more than 4 Years of\n                My experience','2023-10-22 21:44:32','2023-10-22 21:44:32'),(24,'Associated Mennonite Biblical Seminary',55,'Culture and Technology Studies','2023-10-23','2023-10-23','There are many variations of passages of available, but the majority alteration in some form.\n                As a highly skilled and successful product development and design specialist with more than 4 Years of\n                My experience','2023-10-22 21:44:32','2023-10-22 21:44:32'),(25,'Gateway Technical College',63,'Classical Studies','2023-10-23','2023-10-23','There are many variations of passages of available, but the majority alteration in some form.\n                As a highly skilled and successful product development and design specialist with more than 4 Years of\n                My experience','2023-10-22 21:44:34','2023-10-22 21:44:34'),(26,'Associated Mennonite Biblical Seminary',66,'Culture and Technology Studies','2023-10-23','2023-10-23','There are many variations of passages of available, but the majority alteration in some form.\n                As a highly skilled and successful product development and design specialist with more than 4 Years of\n                My experience','2023-10-22 21:44:35','2023-10-22 21:44:35'),(27,'Associated Mennonite Biblical Seminary',70,'Economics','2023-10-23','2023-10-23','There are many variations of passages of available, but the majority alteration in some form.\n                As a highly skilled and successful product development and design specialist with more than 4 Years of\n                My experience','2023-10-22 21:44:36','2023-10-22 21:44:36'),(28,'The University of the State of Alabama',73,'Art History','2023-10-23','2023-10-23','There are many variations of passages of available, but the majority alteration in some form.\n                As a highly skilled and successful product development and design specialist with more than 4 Years of\n                My experience','2023-10-22 21:44:37','2023-10-22 21:44:37'),(29,'Antioch University McGregor',74,'Art History','2023-10-23','2023-10-23','There are many variations of passages of available, but the majority alteration in some form.\n                As a highly skilled and successful product development and design specialist with more than 4 Years of\n                My experience','2023-10-22 21:44:37','2023-10-22 21:44:37'),(30,'Antioch University McGregor',75,'Culture and Technology Studies','2023-10-23','2023-10-23','There are many variations of passages of available, but the majority alteration in some form.\n                As a highly skilled and successful product development and design specialist with more than 4 Years of\n                My experience','2023-10-22 21:44:38','2023-10-22 21:44:38'),(31,'The University of the State of Alabama',76,'Art History','2023-10-23','2023-10-23','There are many variations of passages of available, but the majority alteration in some form.\n                As a highly skilled and successful product development and design specialist with more than 4 Years of\n                My experience','2023-10-22 21:44:38','2023-10-22 21:44:38'),(32,'Antioch University McGregor',78,'Art History','2023-10-23','2023-10-23','There are many variations of passages of available, but the majority alteration in some form.\n                As a highly skilled and successful product development and design specialist with more than 4 Years of\n                My experience','2023-10-22 21:44:38','2023-10-22 21:44:38'),(33,'Antioch University McGregor',79,'Classical Studies','2023-10-23','2023-10-23','There are many variations of passages of available, but the majority alteration in some form.\n                As a highly skilled and successful product development and design specialist with more than 4 Years of\n                My experience','2023-10-22 21:44:39','2023-10-22 21:44:39'),(34,'Gateway Technical College',82,'Anthropology','2023-10-23','2023-10-23','There are many variations of passages of available, but the majority alteration in some form.\n                As a highly skilled and successful product development and design specialist with more than 4 Years of\n                My experience','2023-10-22 21:44:40','2023-10-22 21:44:40'),(35,'Antioch University McGregor',85,'Culture and Technology Studies','2023-10-23','2023-10-23','There are many variations of passages of available, but the majority alteration in some form.\n                As a highly skilled and successful product development and design specialist with more than 4 Years of\n                My experience','2023-10-22 21:44:41','2023-10-22 21:44:41'),(36,'Antioch University McGregor',87,'Economics','2023-10-23','2023-10-23','There are many variations of passages of available, but the majority alteration in some form.\n                As a highly skilled and successful product development and design specialist with more than 4 Years of\n                My experience','2023-10-22 21:44:41','2023-10-22 21:44:41'),(37,'Antioch University McGregor',89,'Anthropology','2023-10-23','2023-10-23','There are many variations of passages of available, but the majority alteration in some form.\n                As a highly skilled and successful product development and design specialist with more than 4 Years of\n                My experience','2023-10-22 21:44:42','2023-10-22 21:44:42'),(38,'Associated Mennonite Biblical Seminary',90,'Classical Studies','2023-10-23','2023-10-23','There are many variations of passages of available, but the majority alteration in some form.\n                As a highly skilled and successful product development and design specialist with more than 4 Years of\n                My experience','2023-10-22 21:44:42','2023-10-22 21:44:42'),(39,'Adams State College',91,'Economics','2023-10-23','2023-10-23','There are many variations of passages of available, but the majority alteration in some form.\n                As a highly skilled and successful product development and design specialist with more than 4 Years of\n                My experience','2023-10-22 21:44:42','2023-10-22 21:44:42'),(40,'Antioch University McGregor',96,'Economics','2023-10-23','2023-10-23','There are many variations of passages of available, but the majority alteration in some form.\n                As a highly skilled and successful product development and design specialist with more than 4 Years of\n                My experience','2023-10-22 21:44:44','2023-10-22 21:44:44'),(41,'Antioch University McGregor',100,'Anthropology','2023-10-23','2023-10-23','There are many variations of passages of available, but the majority alteration in some form.\n                As a highly skilled and successful product development and design specialist with more than 4 Years of\n                My experience','2023-10-22 21:44:46','2023-10-22 21:44:46');
/*!40000 ALTER TABLE `jb_account_educations` ENABLE KEYS */;
UNLOCK TABLES;

--
-- Table structure for table `jb_account_experiences`
--

DROP TABLE IF EXISTS `jb_account_experiences`;
/*!40101 SET @saved_cs_client     = @@character_set_client */;
/*!50503 SET character_set_client = utf8mb4 */;
CREATE TABLE `jb_account_experiences` (
  `id` bigint unsigned NOT NULL AUTO_INCREMENT,
  `company` varchar(191) NOT NULL,
  `account_id` bigint unsigned NOT NULL,
  `position` varchar(191) DEFAULT NULL,
  `started_at` date NOT NULL,
  `ended_at` date DEFAULT NULL,
  `description` text,
  `created_at` timestamp NULL DEFAULT NULL,
  `updated_at` timestamp NULL DEFAULT NULL,
  PRIMARY KEY (`id`)
) ENGINE=InnoDB AUTO_INCREMENT=42 DEFAULT CHARSET=utf8mb4 COLLATE=utf8mb4_0900_ai_ci;
/*!40101 SET character_set_client = @saved_cs_client */;

--
-- Dumping data for table `jb_account_experiences`
--

LOCK TABLES `jb_account_experiences` WRITE;
/*!40000 ALTER TABLE `jb_account_experiences` DISABLE KEYS */;
INSERT INTO `jb_account_experiences` VALUES (1,'Party Plex',2,'Web Designer','2023-10-23','2023-10-23','There are many variations of passages of available, but the majority alteration in some form.\n                As a highly skilled and successful product development and design specialist with more than 4 Years of\n                My experience','2023-10-22 21:44:18','2023-10-22 21:44:18'),(2,'Spa Paragon',7,'Dog Trainer','2023-10-23','2023-10-23','There are many variations of passages of available, but the majority alteration in some form.\n                As a highly skilled and successful product development and design specialist with more than 4 Years of\n                My experience','2023-10-22 21:44:19','2023-10-22 21:44:19'),(3,'Spa Paragon',9,'Web Designer','2023-10-23','2023-10-23','There are many variations of passages of available, but the majority alteration in some form.\n                As a highly skilled and successful product development and design specialist with more than 4 Years of\n                My experience','2023-10-22 21:44:20','2023-10-22 21:44:20'),(4,'Exploration Kids',11,'President of Sales','2023-10-23','2023-10-23','There are many variations of passages of available, but the majority alteration in some form.\n                As a highly skilled and successful product development and design specialist with more than 4 Years of\n                My experience','2023-10-22 21:44:20','2023-10-22 21:44:20'),(5,'Exploration Kids',13,'Marketing Coordinator','2023-10-23','2023-10-23','There are many variations of passages of available, but the majority alteration in some form.\n                As a highly skilled and successful product development and design specialist with more than 4 Years of\n                My experience','2023-10-22 21:44:21','2023-10-22 21:44:21'),(6,'GameDay Catering',14,'President of Sales','2023-10-23','2023-10-23','There are many variations of passages of available, but the majority alteration in some form.\n                As a highly skilled and successful product development and design specialist with more than 4 Years of\n                My experience','2023-10-22 21:44:21','2023-10-22 21:44:21'),(7,'Spa Paragon',16,'President of Sales','2023-10-23','2023-10-23','There are many variations of passages of available, but the majority alteration in some form.\n                As a highly skilled and successful product development and design specialist with more than 4 Years of\n                My experience','2023-10-22 21:44:22','2023-10-22 21:44:22'),(8,'Darwin Travel',17,'Marketing Coordinator','2023-10-23','2023-10-23','There are many variations of passages of available, but the majority alteration in some form.\n                As a highly skilled and successful product development and design specialist with more than 4 Years of\n                My experience','2023-10-22 21:44:22','2023-10-22 21:44:22'),(9,'Exploration Kids',18,'Dog Trainer','2023-10-23','2023-10-23','There are many variations of passages of available, but the majority alteration in some form.\n                As a highly skilled and successful product development and design specialist with more than 4 Years of\n                My experience','2023-10-22 21:44:22','2023-10-22 21:44:22'),(10,'Spa Paragon',22,'Project Manager','2023-10-23','2023-10-23','There are many variations of passages of available, but the majority alteration in some form.\n                As a highly skilled and successful product development and design specialist with more than 4 Years of\n                My experience','2023-10-22 21:44:23','2023-10-22 21:44:23'),(11,'Darwin Travel',23,'Marketing Coordinator','2023-10-23','2023-10-23','There are many variations of passages of available, but the majority alteration in some form.\n                As a highly skilled and successful product development and design specialist with more than 4 Years of\n                My experience','2023-10-22 21:44:23','2023-10-22 21:44:23'),(12,'Darwin Travel',27,'President of Sales','2023-10-23','2023-10-23','There are many variations of passages of available, but the majority alteration in some form.\n                As a highly skilled and successful product development and design specialist with more than 4 Years of\n                My experience','2023-10-22 21:44:24','2023-10-22 21:44:24'),(13,'Party Plex',28,'Dog Trainer','2023-10-23','2023-10-23','There are many variations of passages of available, but the majority alteration in some form.\n                As a highly skilled and successful product development and design specialist with more than 4 Years of\n                My experience','2023-10-22 21:44:25','2023-10-22 21:44:25'),(14,'Darwin Travel',30,'Web Designer','2023-10-23','2023-10-23','There are many variations of passages of available, but the majority alteration in some form.\n                As a highly skilled and successful product development and design specialist with more than 4 Years of\n                My experience','2023-10-22 21:44:25','2023-10-22 21:44:25'),(15,'Darwin Travel',31,'Web Designer','2023-10-23','2023-10-23','There are many variations of passages of available, but the majority alteration in some form.\n                As a highly skilled and successful product development and design specialist with more than 4 Years of\n                My experience','2023-10-22 21:44:26','2023-10-22 21:44:26'),(16,'Darwin Travel',35,'Web Designer','2023-10-23','2023-10-23','There are many variations of passages of available, but the majority alteration in some form.\n                As a highly skilled and successful product development and design specialist with more than 4 Years of\n                My experience','2023-10-22 21:44:27','2023-10-22 21:44:27'),(17,'Exploration Kids',36,'Marketing Coordinator','2023-10-23','2023-10-23','There are many variations of passages of available, but the majority alteration in some form.\n                As a highly skilled and successful product development and design specialist with more than 4 Years of\n                My experience','2023-10-22 21:44:27','2023-10-22 21:44:27'),(18,'Spa Paragon',41,'Marketing Coordinator','2023-10-23','2023-10-23','There are many variations of passages of available, but the majority alteration in some form.\n                As a highly skilled and successful product development and design specialist with more than 4 Years of\n                My experience','2023-10-22 21:44:28','2023-10-22 21:44:28'),(19,'GameDay Catering',48,'Marketing Coordinator','2023-10-23','2023-10-23','There are many variations of passages of available, but the majority alteration in some form.\n                As a highly skilled and successful product development and design specialist with more than 4 Years of\n                My experience','2023-10-22 21:44:30','2023-10-22 21:44:30'),(20,'Exploration Kids',49,'Marketing Coordinator','2023-10-23','2023-10-23','There are many variations of passages of available, but the majority alteration in some form.\n                As a highly skilled and successful product development and design specialist with more than 4 Years of\n                My experience','2023-10-22 21:44:30','2023-10-22 21:44:30'),(21,'Spa Paragon',50,'Dog Trainer','2023-10-23','2023-10-23','There are many variations of passages of available, but the majority alteration in some form.\n                As a highly skilled and successful product development and design specialist with more than 4 Years of\n                My experience','2023-10-22 21:44:31','2023-10-22 21:44:31'),(22,'Exploration Kids',52,'Project Manager','2023-10-23','2023-10-23','There are many variations of passages of available, but the majority alteration in some form.\n                As a highly skilled and successful product development and design specialist with more than 4 Years of\n                My experience','2023-10-22 21:44:31','2023-10-22 21:44:31'),(23,'Party Plex',53,'Marketing Coordinator','2023-10-23','2023-10-23','There are many variations of passages of available, but the majority alteration in some form.\n                As a highly skilled and successful product development and design specialist with more than 4 Years of\n                My experience','2023-10-22 21:44:32','2023-10-22 21:44:32'),(24,'Exploration Kids',55,'Project Manager','2023-10-23','2023-10-23','There are many variations of passages of available, but the majority alteration in some form.\n                As a highly skilled and successful product development and design specialist with more than 4 Years of\n                My experience','2023-10-22 21:44:32','2023-10-22 21:44:32'),(25,'GameDay Catering',63,'Web Designer','2023-10-23','2023-10-23','There are many variations of passages of available, but the majority alteration in some form.\n                As a highly skilled and successful product development and design specialist with more than 4 Years of\n                My experience','2023-10-22 21:44:34','2023-10-22 21:44:34'),(26,'Party Plex',66,'Web Designer','2023-10-23','2023-10-23','There are many variations of passages of available, but the majority alteration in some form.\n                As a highly skilled and successful product development and design specialist with more than 4 Years of\n                My experience','2023-10-22 21:44:35','2023-10-22 21:44:35'),(27,'Spa Paragon',70,'Web Designer','2023-10-23','2023-10-23','There are many variations of passages of available, but the majority alteration in some form.\n                As a highly skilled and successful product development and design specialist with more than 4 Years of\n                My experience','2023-10-22 21:44:36','2023-10-22 21:44:36'),(28,'Party Plex',73,'Dog Trainer','2023-10-23','2023-10-23','There are many variations of passages of available, but the majority alteration in some form.\n                As a highly skilled and successful product development and design specialist with more than 4 Years of\n                My experience','2023-10-22 21:44:37','2023-10-22 21:44:37'),(29,'GameDay Catering',74,'President of Sales','2023-10-23','2023-10-23','There are many variations of passages of available, but the majority alteration in some form.\n                As a highly skilled and successful product development and design specialist with more than 4 Years of\n                My experience','2023-10-22 21:44:37','2023-10-22 21:44:37'),(30,'Spa Paragon',75,'Project Manager','2023-10-23','2023-10-23','There are many variations of passages of available, but the majority alteration in some form.\n                As a highly skilled and successful product development and design specialist with more than 4 Years of\n                My experience','2023-10-22 21:44:38','2023-10-22 21:44:38'),(31,'Spa Paragon',76,'Dog Trainer','2023-10-23','2023-10-23','There are many variations of passages of available, but the majority alteration in some form.\n                As a highly skilled and successful product development and design specialist with more than 4 Years of\n                My experience','2023-10-22 21:44:38','2023-10-22 21:44:38'),(32,'GameDay Catering',78,'Dog Trainer','2023-10-23','2023-10-23','There are many variations of passages of available, but the majority alteration in some form.\n                As a highly skilled and successful product development and design specialist with more than 4 Years of\n                My experience','2023-10-22 21:44:38','2023-10-22 21:44:38'),(33,'Darwin Travel',79,'Dog Trainer','2023-10-23','2023-10-23','There are many variations of passages of available, but the majority alteration in some form.\n                As a highly skilled and successful product development and design specialist with more than 4 Years of\n                My experience','2023-10-22 21:44:39','2023-10-22 21:44:39'),(34,'Spa Paragon',82,'President of Sales','2023-10-23','2023-10-23','There are many variations of passages of available, but the majority alteration in some form.\n                As a highly skilled and successful product development and design specialist with more than 4 Years of\n                My experience','2023-10-22 21:44:40','2023-10-22 21:44:40'),(35,'Party Plex',85,'Project Manager','2023-10-23','2023-10-23','There are many variations of passages of available, but the majority alteration in some form.\n                As a highly skilled and successful product development and design specialist with more than 4 Years of\n                My experience','2023-10-22 21:44:41','2023-10-22 21:44:41'),(36,'GameDay Catering',87,'Web Designer','2023-10-23','2023-10-23','There are many variations of passages of available, but the majority alteration in some form.\n                As a highly skilled and successful product development and design specialist with more than 4 Years of\n                My experience','2023-10-22 21:44:41','2023-10-22 21:44:41'),(37,'Spa Paragon',89,'Marketing Coordinator','2023-10-23','2023-10-23','There are many variations of passages of available, but the majority alteration in some form.\n                As a highly skilled and successful product development and design specialist with more than 4 Years of\n                My experience','2023-10-22 21:44:42','2023-10-22 21:44:42'),(38,'GameDay Catering',90,'Web Designer','2023-10-23','2023-10-23','There are many variations of passages of available, but the majority alteration in some form.\n                As a highly skilled and successful product development and design specialist with more than 4 Years of\n                My experience','2023-10-22 21:44:42','2023-10-22 21:44:42'),(39,'Darwin Travel',91,'Web Designer','2023-10-23','2023-10-23','There are many variations of passages of available, but the majority alteration in some form.\n                As a highly skilled and successful product development and design specialist with more than 4 Years of\n                My experience','2023-10-22 21:44:42','2023-10-22 21:44:42'),(40,'Party Plex',96,'Web Designer','2023-10-23','2023-10-23','There are many variations of passages of available, but the majority alteration in some form.\n                As a highly skilled and successful product development and design specialist with more than 4 Years of\n                My experience','2023-10-22 21:44:44','2023-10-22 21:44:44'),(41,'Party Plex',100,'Project Manager','2023-10-23','2023-10-23','There are many variations of passages of available, but the majority alteration in some form.\n                As a highly skilled and successful product development and design specialist with more than 4 Years of\n                My experience','2023-10-22 21:44:46','2023-10-22 21:44:46');
/*!40000 ALTER TABLE `jb_account_experiences` ENABLE KEYS */;
UNLOCK TABLES;

--
-- Table structure for table `jb_account_favorite_skills`
--

DROP TABLE IF EXISTS `jb_account_favorite_skills`;
/*!40101 SET @saved_cs_client     = @@character_set_client */;
/*!50503 SET character_set_client = utf8mb4 */;
CREATE TABLE `jb_account_favorite_skills` (
  `skill_id` bigint unsigned NOT NULL,
  `account_id` bigint unsigned NOT NULL,
  PRIMARY KEY (`skill_id`,`account_id`)
) ENGINE=InnoDB DEFAULT CHARSET=utf8mb4 COLLATE=utf8mb4_0900_ai_ci;
/*!40101 SET character_set_client = @saved_cs_client */;

--
-- Dumping data for table `jb_account_favorite_skills`
--

LOCK TABLES `jb_account_favorite_skills` WRITE;
/*!40000 ALTER TABLE `jb_account_favorite_skills` DISABLE KEYS */;
/*!40000 ALTER TABLE `jb_account_favorite_skills` ENABLE KEYS */;
UNLOCK TABLES;

--
-- Table structure for table `jb_account_favorite_tags`
--

DROP TABLE IF EXISTS `jb_account_favorite_tags`;
/*!40101 SET @saved_cs_client     = @@character_set_client */;
/*!50503 SET character_set_client = utf8mb4 */;
CREATE TABLE `jb_account_favorite_tags` (
  `tag_id` bigint unsigned NOT NULL,
  `account_id` bigint unsigned NOT NULL,
  PRIMARY KEY (`tag_id`,`account_id`)
) ENGINE=InnoDB DEFAULT CHARSET=utf8mb4 COLLATE=utf8mb4_0900_ai_ci;
/*!40101 SET character_set_client = @saved_cs_client */;

--
-- Dumping data for table `jb_account_favorite_tags`
--

LOCK TABLES `jb_account_favorite_tags` WRITE;
/*!40000 ALTER TABLE `jb_account_favorite_tags` DISABLE KEYS */;
/*!40000 ALTER TABLE `jb_account_favorite_tags` ENABLE KEYS */;
UNLOCK TABLES;

--
-- Table structure for table `jb_account_packages`
--

DROP TABLE IF EXISTS `jb_account_packages`;
/*!40101 SET @saved_cs_client     = @@character_set_client */;
/*!50503 SET character_set_client = utf8mb4 */;
CREATE TABLE `jb_account_packages` (
  `id` bigint unsigned NOT NULL AUTO_INCREMENT,
  `account_id` bigint unsigned NOT NULL,
  `package_id` bigint unsigned NOT NULL,
  `created_at` timestamp NULL DEFAULT NULL,
  `updated_at` timestamp NULL DEFAULT NULL,
  PRIMARY KEY (`id`)
) ENGINE=InnoDB DEFAULT CHARSET=utf8mb4 COLLATE=utf8mb4_0900_ai_ci;
/*!40101 SET character_set_client = @saved_cs_client */;

--
-- Dumping data for table `jb_account_packages`
--

LOCK TABLES `jb_account_packages` WRITE;
/*!40000 ALTER TABLE `jb_account_packages` DISABLE KEYS */;
/*!40000 ALTER TABLE `jb_account_packages` ENABLE KEYS */;
UNLOCK TABLES;

--
-- Table structure for table `jb_account_password_resets`
--

DROP TABLE IF EXISTS `jb_account_password_resets`;
/*!40101 SET @saved_cs_client     = @@character_set_client */;
/*!50503 SET character_set_client = utf8mb4 */;
CREATE TABLE `jb_account_password_resets` (
  `email` varchar(191) NOT NULL,
  `token` varchar(191) NOT NULL,
  `created_at` timestamp NULL DEFAULT NULL,
  KEY `jb_account_password_resets_email_index` (`email`),
  KEY `jb_account_password_resets_token_index` (`token`)
) ENGINE=InnoDB DEFAULT CHARSET=utf8mb4 COLLATE=utf8mb4_0900_ai_ci;
/*!40101 SET character_set_client = @saved_cs_client */;

--
-- Dumping data for table `jb_account_password_resets`
--

LOCK TABLES `jb_account_password_resets` WRITE;
/*!40000 ALTER TABLE `jb_account_password_resets` DISABLE KEYS */;
/*!40000 ALTER TABLE `jb_account_password_resets` ENABLE KEYS */;
UNLOCK TABLES;

--
-- Table structure for table `jb_accounts`
--

DROP TABLE IF EXISTS `jb_accounts`;
/*!40101 SET @saved_cs_client     = @@character_set_client */;
/*!50503 SET character_set_client = utf8mb4 */;
CREATE TABLE `jb_accounts` (
  `id` bigint unsigned NOT NULL AUTO_INCREMENT,
  `first_name` varchar(120) NOT NULL,
  `last_name` varchar(120) NOT NULL,
  `description` text,
  `gender` varchar(20) DEFAULT NULL,
  `email` varchar(191) NOT NULL,
  `password` varchar(191) NOT NULL,
  `avatar_id` bigint unsigned DEFAULT NULL,
  `dob` date DEFAULT NULL,
  `phone` varchar(25) DEFAULT NULL,
  `confirmed_at` datetime DEFAULT NULL,
  `email_verify_token` varchar(120) DEFAULT NULL,
  `type` varchar(30) NOT NULL DEFAULT 'job-seeker',
  `credits` int unsigned DEFAULT NULL,
  `resume` varchar(200) DEFAULT NULL,
  `address` varchar(250) DEFAULT NULL,
  `bio` mediumtext,
  `is_public_profile` tinyint unsigned NOT NULL DEFAULT '0',
  `hide_cv` tinyint(1) NOT NULL DEFAULT '0',
  `views` bigint unsigned NOT NULL DEFAULT '0',
  `is_featured` tinyint NOT NULL DEFAULT '0',
  `remember_token` varchar(100) DEFAULT NULL,
  `created_at` timestamp NULL DEFAULT NULL,
  `updated_at` timestamp NULL DEFAULT NULL,
  `available_for_hiring` tinyint(1) NOT NULL DEFAULT '1',
  `country_id` bigint unsigned DEFAULT '1',
  `state_id` bigint unsigned DEFAULT NULL,
  `city_id` bigint unsigned DEFAULT NULL,
  `cover_letter` varchar(200) DEFAULT NULL,
  PRIMARY KEY (`id`),
  UNIQUE KEY `jb_accounts_email_unique` (`email`)
) ENGINE=InnoDB AUTO_INCREMENT=101 DEFAULT CHARSET=utf8mb4 COLLATE=utf8mb4_0900_ai_ci;
/*!40101 SET character_set_client = @saved_cs_client */;

--
-- Dumping data for table `jb_accounts`
--

LOCK TABLES `jb_accounts` WRITE;
/*!40000 ALTER TABLE `jb_accounts` DISABLE KEYS */;
INSERT INTO `jb_accounts` VALUES (1,'Leonor','Ryan','Software Developer',NULL,'employer@archielite.com','$2y$12$VWQTl97OjPRd6W54S5oQ3.2.2ioOT4ujHeFJ8Zmobwlq9tFrQth/K',187,'2000-01-24','+13043299340','2023-10-23 04:44:17',NULL,'employer',NULL,NULL,'2119 Dare Fields Suite 107\nSouth Brody, CO 77393','I hate cats and dogs.\' It was the only difficulty was, that her shoulders were nowhere to be otherwise than what it meant till now.\' \'If that\'s all I can listen all day about it!\' Last came a.',1,0,810,1,NULL,'2023-10-22 21:44:17','2023-10-22 21:44:17',0,1,NULL,NULL,NULL),(2,'Ara','Keeling','Creative Designer',NULL,'job_seeker@archielite.com','$2y$12$9aoLqHlZGcKgbJzkCM9/GuoBwN2zcB8g5RzTecMiL/0F6F.M5Zi6.',188,'1975-05-02','+12709508564','2023-10-23 04:44:18',NULL,'job-seeker',NULL,'resume/01.pdf','478 Hailey Manors\nKunzeside, NH 31550-5914','I did: there\'s no name signed at the other, trying every door, she ran out of his great wig.\' The judge, by the White Rabbit as he found it very much,\' said the sage, as he came, \'Oh! the Duchess.',1,0,4054,1,NULL,'2023-10-22 21:44:18','2023-10-22 21:44:18',1,1,NULL,NULL,NULL),(3,'Sarah','Harding','Creative Designer',NULL,'sarah_harding@archielite.com','$2y$12$.wjDHb7GPf3P3LTwWwggf.aeH.qyIRMOUsWhWzCTPfEEJ1pKRePKG',187,'1992-06-20','+13163407227','2023-10-23 04:44:18',NULL,'employer',NULL,NULL,'26540 Gerhard Lane Suite 533\nPort Lilyanburgh, MT 41391-9822','It means much the most important piece of rudeness was more than Alice could only see her. She is such a thing I ever was at the righthand bit again, and the little door into that lovely garden. I.',1,0,946,0,NULL,'2023-10-22 21:44:18','2023-10-22 21:44:18',0,1,NULL,NULL,NULL),(4,'Steven','Jobs','Creative Designer',NULL,'steven_jobs@archielite.com','$2y$12$U5tnSj2C19PnesAMMkwe6Of/Nz/VfpGblHEmdncNgY7aifWoP1pt6',188,'2018-04-28','+15734095087','2023-10-23 04:44:18',NULL,'employer',NULL,NULL,'53742 Donna Unions Suite 873\nLake Tatyanamouth, MO 00497-9874','The Pool of Tears \'Curiouser and curiouser!\' cried Alice again, for really I\'m quite tired of sitting by her sister kissed her, and said, very gravely, \'I think, you ought to be a lesson to you how.',1,0,3208,0,NULL,'2023-10-22 21:44:18','2023-10-22 21:44:18',1,1,NULL,NULL,NULL),(5,'William','Kent','Creative Designer',NULL,'william_kent@archielite.com','$2y$12$ULVfGuy9ghnm6fSkUGIn6.OzxhrNQsQ8L1DkEPQ9GhntgjG0kyXS.',189,'2021-12-25','+14845851803','2023-10-23 04:44:19',NULL,'employer',NULL,NULL,'386 Nikolaus Glens\nKathleenmouth, KS 04462','VERY tired of swimming about here, O Mouse!\' (Alice thought this a very short time the Mouse was speaking, and this Alice would not stoop? Soup of the song. \'What trial is it?\' he said. \'Fifteenth,\'.',1,0,1333,1,NULL,'2023-10-22 21:44:19','2023-10-22 21:44:19',0,1,NULL,NULL,NULL),(6,'Federico','Larson','Hatter. \'You MUST.',NULL,'samantha18@hotmail.com','$2y$12$vh5XhinQE6zW/PKmXKy5q.BlawbQk4cfrWPm1nT7GsCViKXj1VzCy',189,'1988-07-07','+17799446456','2023-10-23 04:44:19',NULL,'employer',NULL,NULL,'5223 Ferry Springs\nPort Rowena, MI 48420','Alice had begun to dream that she was shrinking rapidly; so she waited. The Gryphon lifted up both its paws in surprise. \'What! Never heard of \"Uglification,\"\' Alice ventured to taste it, and found.',1,0,2538,0,NULL,'2023-10-22 21:44:19','2023-10-22 21:44:19',0,1,NULL,NULL,NULL),(7,'Carolina','Stroman','But I\'ve got to?\'.',NULL,'ucrooks@yahoo.com','$2y$12$Gh.sviQoSrd7zPr6dTVsBO3ZzM4g8q1ArXPyjF.nHL1j5QzRchtFW',189,'2010-08-23','+14179481060','2023-10-23 04:44:19',NULL,'job-seeker',NULL,'resume/01.pdf','54959 Brendan Square Apt. 643\nWest Annalise, MN 18556','For anything tougher than suet; Yet you turned a corner, \'Oh my ears and the words a little, and then turned to the rose-tree, she went on, \'that they\'d let Dinah stop in the schoolroom, and though.',1,0,2978,0,NULL,'2023-10-22 21:44:19','2023-10-22 21:44:19',1,1,NULL,NULL,NULL),(8,'Myron','Stoltenberg','Alice could think.',NULL,'samantha84@wisoky.com','$2y$12$Ko7xwiqUlv747Eqn0nckn.eZpoP9v45z19pHCvX.Y.nFtOId7aU5.',188,'2011-03-20','+15202672853','2023-10-23 04:44:20',NULL,'employer',NULL,NULL,'39223 Maureen Unions Suite 506\nEast Kyler, NV 99468','Alice, very loudly and decidedly, and he went on growing, and very neatly and simply arranged; the only one way of expressing yourself.\' The baby grunted again, and we put a white one in by mistake.',1,0,4460,1,NULL,'2023-10-22 21:44:20','2023-10-22 21:44:20',1,1,NULL,NULL,NULL),(9,'Sister','Harris','At last the Mouse.',NULL,'ephraim39@hilpert.biz','$2y$12$B/TqxkNJzmzgvFjlukOgROsf0/kaew1AjEwR52o3HyGRQuoc73xlO',189,'1991-05-25','+13312003475','2023-10-23 04:44:20',NULL,'job-seeker',NULL,'resume/01.pdf','22822 McClure Curve Apt. 487\nNorth Karelleburgh, TN 61411-2648','Footman continued in the act of crawling away: besides all this, there was the White Rabbit read out, at the Queen, who was peeping anxiously into her face. \'Very,\' said Alice: \'three inches is such.',1,0,1800,1,NULL,'2023-10-22 21:44:20','2023-10-22 21:44:20',1,1,NULL,NULL,NULL),(10,'Conrad','Kunde','I can\'t be Mabel.',NULL,'mcclure.yessenia@kassulke.com','$2y$12$5BeRNoP0XNuzIbNSrnlz0.L7./rDWoiqPJ2b.NXmzVJ3DSNna1iay',187,'2002-03-12','+19127222875','2023-10-23 04:44:20',NULL,'employer',NULL,NULL,'7328 Lilyan Stravenue\nCelineport, TN 82785','Bill, I fancy--Who\'s to go from here?\' \'That depends a good character, But said I didn\'t!\' interrupted Alice. \'You are,\' said the Pigeon; \'but I know all sorts of things--I can\'t remember half of.',1,0,4879,1,NULL,'2023-10-22 21:44:20','2023-10-22 21:44:20',0,1,NULL,NULL,NULL),(11,'Gracie','Hoppe','Hatter, and here.',NULL,'wisoky.jackson@conn.info','$2y$12$7OKONzt4hTdOFi.CGjoetuhSMwcx2PQ7eitFum9XQmE2Q9xI2.B.6',189,'1988-11-22','+16514149023','2023-10-23 04:44:20',NULL,'job-seeker',NULL,'resume/01.pdf','368 Bauch Courts Suite 577\nShieldsbury, MO 26958-1352','Mock Turtle yawned and shut his eyes.--\'Tell her about the reason and all that,\' he said to herself. \'Shy, they seem to encourage the witness at all: he kept shifting from one foot to the baby, it.',1,0,872,0,NULL,'2023-10-22 21:44:20','2023-10-22 21:44:20',0,1,NULL,NULL,NULL),(12,'Velma','Kilback','Duchess; \'and most.',NULL,'missouri16@yahoo.com','$2y$12$UuCDFSR.wdBsv25qR5PyH.QHsPbaLRDLFyk7GZ9cg5pO37MKNXrL.',187,'1970-06-30','+18577270660','2023-10-23 04:44:21',NULL,'employer',NULL,NULL,'3782 Zulauf Ridge Suite 602\nHarmonyland, HI 09790','Two began in a melancholy way, being quite unable to move. She soon got it out loud. \'Thinking again?\' the Duchess was sitting on the top of her sister, as well be at school at once.\' However, she.',1,0,1848,1,NULL,'2023-10-22 21:44:21','2023-10-22 21:44:21',0,1,NULL,NULL,NULL),(13,'Faustino','Gusikowski','King: \'however, it.',NULL,'blubowitz@hotmail.com','$2y$12$WDJiSMWc/Haen3Dh7Pyuv.Eued0s.Wmi2aizQhh7TzjyxFt74nyK6',188,'2019-01-05','+17724942712','2023-10-23 04:44:21',NULL,'job-seeker',NULL,'resume/01.pdf','20297 Herzog Walks\nNorth Jettie, WV 80954-0846','At last the Caterpillar called after it; and while she was up to Alice, very much of a procession,\' thought she, \'if people had all to lie down on their hands and feet, to make SOME change in my.',1,0,3180,1,NULL,'2023-10-22 21:44:21','2023-10-22 21:44:21',1,1,NULL,NULL,NULL),(14,'Fletcher','Sipes','Conqueror, whose.',NULL,'anna.powlowski@hotmail.com','$2y$12$JI8spIlm4SkTbciKhtaSsunFiWsM373kdmyJEy14mBaLfmDYgBPNG',187,'1987-10-28','+14342938316','2023-10-23 04:44:21',NULL,'job-seeker',NULL,'resume/01.pdf','92376 Zulauf Trail\nGradyfurt, IN 13487','After a while she was playing against herself, for this curious child was very nearly in the middle, nursing a baby; the cook took the watch and looked very anxiously into her eyes--and still as she.',1,0,338,1,NULL,'2023-10-22 21:44:21','2023-10-22 21:44:21',0,1,NULL,NULL,NULL),(15,'Genevieve','Weber','Alice. \'You must.',NULL,'delmer99@gmail.com','$2y$12$YSFFGg2D5W4WS.sHItZ.z.sHpr8QuZp/fiTmbM7dpZPefcyrKqauq',187,'1977-07-08','+12629351288','2023-10-23 04:44:21',NULL,'employer',NULL,NULL,'7736 Carolyne Glen\nNew Kianna, MA 77731','Elsie, Lacie, and Tillie; and they repeated their arguments to her, one on each side, and opened their eyes and mouths so VERY tired of this. I vote the young man said, \'And your hair has become.',1,0,4640,0,NULL,'2023-10-22 21:44:21','2023-10-22 21:44:21',1,1,NULL,NULL,NULL),(16,'Wellington','Emard','Queen: so she took.',NULL,'schimmel.xzavier@yahoo.com','$2y$12$AB7A2/sy6cKNi6DSnJBBjONOFbepqKHFIlCeo9E7YDuOejgcn2E9u',187,'1982-05-11','+18287851207','2023-10-23 04:44:22',NULL,'job-seeker',NULL,'resume/01.pdf','718 Estevan Light Apt. 057\nPort Van, MI 75618-1770','Alice, seriously, \'I\'ll have nothing more to do this, so that her shoulders were nowhere to be sure! However, everything is to-day! And yesterday things went on again:-- \'I didn\'t mean it!\' pleaded.',1,0,2405,1,NULL,'2023-10-22 21:44:22','2023-10-22 21:44:22',0,1,NULL,NULL,NULL),(17,'Arvilla','Borer','I suppose I ought.',NULL,'edwin27@ruecker.com','$2y$12$L6o3l/ahcVnL3xWH0g0TUO2aJVujrsqYYwfRVMp4Ts9yL8wx4LA5C',187,'2000-06-13','+14159506622','2023-10-23 04:44:22',NULL,'job-seeker',NULL,'resume/01.pdf','7012 Murazik Mountain Apt. 241\nSouth Meggiefort, MT 69367-1340','Five, \'and I\'ll tell him--it was for bringing the cook took the opportunity of showing off her head!\' Alice glanced rather anxiously at the other, saying, in a deep voice, \'What are tarts made of?\'.',1,0,2704,0,NULL,'2023-10-22 21:44:22','2023-10-22 21:44:22',1,1,NULL,NULL,NULL),(18,'Hilton','Walter','I\'m not particular.',NULL,'ncassin@yahoo.com','$2y$12$K4pNmblFe6y0oXuZz7B.G.DRLIpmCR9Ja6wErNyjbewUVYq2lKj/e',188,'2001-03-11','+18652862430','2023-10-23 04:44:22',NULL,'job-seeker',NULL,'resume/01.pdf','8012 Toy Mill Apt. 325\nSouth Gregory, TX 28854-8681','Five, in a trembling voice, \'--and I hadn\'t to bring tears into her eyes; and once she remembered trying to touch her. \'Poor little thing!\' said the young man said, \'And your hair has become very.',1,0,117,0,NULL,'2023-10-22 21:44:22','2023-10-22 21:44:22',0,1,NULL,NULL,NULL),(19,'Ryann','Daniel','Queen, \'and take.',NULL,'delpha.schinner@tromp.org','$2y$12$cJDHtlujkl1f5E/r8tEFuudtZAxv..EtTfa.ybmolrLqV/6TK3O6q',187,'1994-11-12','+12677774840','2023-10-23 04:44:22',NULL,'employer',NULL,NULL,'6772 Arthur Stravenue\nNew Belleburgh, GA 77224-7486','I THINK,\' said Alice. \'Exactly so,\' said Alice. \'I\'m a--I\'m a--\' \'Well! WHAT are you?\' said the Hatter: \'it\'s very rude.\' The Hatter looked at Alice, as the question was evidently meant for her.',1,0,3444,0,NULL,'2023-10-22 21:44:22','2023-10-22 21:44:22',1,1,NULL,NULL,NULL),(20,'Imelda','Pacocha','Silence all round.',NULL,'ratke.sadye@hotmail.com','$2y$12$85euMCrEhmOJ8CZY8Hoe5.pc4ncD.hI494lxA0kiW.Fm9HriG5CqK',189,'2003-12-14','+15744246756','2023-10-23 04:44:23',NULL,'employer',NULL,NULL,'944 Danielle Glen Suite 577\nNorth Verna, CA 04233','Pat, what\'s that in about half no time! Take your choice!\' The Duchess took no notice of her ever getting out of sight, he said to the waving of the hall; but, alas! the little thing was to get.',1,0,3507,1,NULL,'2023-10-22 21:44:23','2023-10-22 21:44:23',0,1,NULL,NULL,NULL),(21,'Jedediah','Wisozk','As for pulling me.',NULL,'jordan.gleichner@yahoo.com','$2y$12$AMf5o6h.Xa5NRmR1nT5paO6l3By.M4FP1SadPiu0NFbB4QocJuYgq',188,'2013-08-11','+13207514855','2023-10-23 04:44:23',NULL,'employer',NULL,NULL,'43728 Herminia Highway Apt. 146\nWest Jett, WI 03653-5531','I don\'t think,\' Alice went on in the air, mixed up with the Gryphon. \'How the creatures order one about, and crept a little bit of mushroom, and raised herself to some tea and bread-and-butter, and.',1,0,2163,0,NULL,'2023-10-22 21:44:23','2023-10-22 21:44:23',0,1,NULL,NULL,NULL),(22,'Linda','Leffler','Would not, could.',NULL,'lkassulke@gmail.com','$2y$12$zcWcHlrClEFfb50YFreshenWgI9sJFkjdDcLtp4k3UzRiCW2rRkOK',187,'1975-04-09','+18188791524','2023-10-23 04:44:23',NULL,'job-seeker',NULL,'resume/01.pdf','164 Melba Fords Suite 790\nLake Jammiemouth, MI 38295-6478','Pig!\' She said the Gryphon, half to itself, half to itself, half to Alice. \'Nothing,\' said Alice. \'I\'m glad I\'ve seen that done,\' thought Alice. \'I\'ve tried every way, and then the Rabbit\'s little.',1,0,4631,1,NULL,'2023-10-22 21:44:23','2023-10-22 21:44:23',1,1,NULL,NULL,NULL),(23,'Jude','Nolan','That he met in the.',NULL,'upton.jennyfer@hane.biz','$2y$12$E71kCbAP53whodWdg85Qne1zeGHihGG8kC2KTPgfZrwAvXQt8gTEG',189,'2004-02-04','+13344614892','2023-10-23 04:44:23',NULL,'job-seeker',NULL,'resume/01.pdf','857 McCullough Loaf\nSouth Brooklyn, NV 35459','Knave shook his head contemptuously. \'I dare say there may be ONE.\' \'One, indeed!\' said the Gryphon, and the moment he was in livery: otherwise, judging by his face only, she would feel with all her.',1,0,3430,0,NULL,'2023-10-22 21:44:23','2023-10-22 21:44:23',0,1,NULL,NULL,NULL),(24,'Retha','Tromp','Mouse, do you like.',NULL,'vonrueden.sophia@hotmail.com','$2y$12$ESN.BEi5CLRIt/PVIUGW6eI7Hdnhp0jenAxHSHrJFJkeSQEPBaEfm',188,'2010-05-29','+14019338794','2023-10-23 04:44:24',NULL,'employer',NULL,NULL,'854 Miller Manor Suite 524\nGreenfort, OR 34971-0491','GAVE HER ONE, THEY GAVE HIM TWO--\" why, that must be kind to them,\' thought Alice, \'shall I NEVER get any older than I am so VERY wide, but she saw in another moment, splash! she was now, and she.',1,0,2358,1,NULL,'2023-10-22 21:44:24','2023-10-22 21:44:24',1,1,NULL,NULL,NULL),(25,'Kadin','Kirlin','King had said that.',NULL,'lemke.bertrand@yahoo.com','$2y$12$znAFXgl1uLbU21YEdmmR1.Ktu7qHaawownassSwFP9gqeql8dRQrC',187,'1980-09-19','+19523181301','2023-10-23 04:44:24',NULL,'employer',NULL,NULL,'23139 Justice Estates Apt. 839\nMannville, PA 36647-6497','CHAPTER VI. Pig and Pepper For a minute or two sobs choked his voice. \'Same as if it makes rather a hard word, I will prosecute YOU.--Come, I\'ll take no denial; We must have a prize herself, you.',1,0,3733,0,NULL,'2023-10-22 21:44:24','2023-10-22 21:44:24',0,1,NULL,NULL,NULL),(26,'Rupert','Ortiz','THIS size: why, I.',NULL,'ysenger@gmail.com','$2y$12$Pudny8O.C8JWzM/pgC30hup5xDIvGgbYtOYXktBZs1HlD72NUQ0yG',187,'2011-01-15','+16612435337','2023-10-23 04:44:24',NULL,'employer',NULL,NULL,'123 Langworth Way\nPourostown, ND 20892','BE TRUE--\" that\'s the jury-box,\' thought Alice, \'and why it is almost certain to disagree with you, sooner or later. However, this bottle does. I do wonder what was the Duchess\'s voice died away.',1,0,3203,0,NULL,'2023-10-22 21:44:24','2023-10-22 21:44:24',0,1,NULL,NULL,NULL),(27,'Darian','Mitchell','Mock Turtle sighed.',NULL,'sigrid18@hotmail.com','$2y$12$kyut0X8dzOIyA.1wOoVj3.m.6ChMVJ9LUfLXe.Z7a8t5P2/Hn31lO',187,'1977-04-01','+15178574931','2023-10-23 04:44:24',NULL,'job-seeker',NULL,'resume/01.pdf','4717 Onie Pike\nNew Ericka, MA 77010-5477','March Hare. Visit either you like: they\'re both mad.\' \'But I don\'t think,\' Alice went on in a hoarse growl, \'the world would go through,\' thought poor Alice, \'when one wasn\'t always growing larger.',1,0,4933,0,NULL,'2023-10-22 21:44:24','2023-10-22 21:44:24',0,1,NULL,NULL,NULL),(28,'Jordy','Little','Alice to herself.',NULL,'trey22@upton.com','$2y$12$i8.2S4v2IBCPGoLMUOPu/uhE.6MAIYX4IAUFyoGwK/yFp2MaJQcSa',189,'1993-07-29','+16287793745','2023-10-23 04:44:25',NULL,'job-seeker',NULL,'resume/01.pdf','874 Arch Knolls Suite 637\nBoehmshire, PA 59246','Alice, rather alarmed at the cook, and a fan! Quick, now!\' And Alice was only sobbing,\' she thought, and it sat down again into its nest. Alice crouched down among the party. Some of the moment she.',1,0,3760,1,NULL,'2023-10-22 21:44:25','2023-10-22 21:44:25',0,1,NULL,NULL,NULL),(29,'Cristal','Berge','VERY much out of.',NULL,'yazmin.lowe@yahoo.com','$2y$12$9zcvodO700YDhi6V0uO5MOTP/LrQDdNQfGxJwOm66ZWj9UKYJ7F5a',188,'2002-05-22','+13514710945','2023-10-23 04:44:25',NULL,'employer',NULL,NULL,'7309 Cali Well Suite 080\nSouth Pierre, WA 94394-8421','I was a real nose; also its eyes were getting extremely small for a good deal frightened at the mushroom (she had grown so large a house, that she had read several nice little dog near our house I.',1,0,4835,1,NULL,'2023-10-22 21:44:25','2023-10-22 21:44:25',0,1,NULL,NULL,NULL),(30,'Ericka','Rutherford','I don\'t care which.',NULL,'cielo44@welch.com','$2y$12$fBXlgmWMHoei5L04LQLgLuT9GnE7gfGTHAFozUTaTpqpH0e21SzpO',189,'1983-08-09','+15862795132','2023-10-23 04:44:25',NULL,'job-seeker',NULL,'resume/01.pdf','899 Kiehn Club\nPort Grantburgh, CT 57260-7373','Alice. \'Come on, then!\' roared the Queen, and in despair she put her hand in hand with Dinah, and saying to herself, being rather proud of it: \'No room! No room!\' they cried out when they hit her.',1,0,4411,1,NULL,'2023-10-22 21:44:25','2023-10-22 21:44:25',1,1,NULL,NULL,NULL),(31,'Audra','Crona','Between yourself.',NULL,'flowe@rodriguez.com','$2y$12$kxYnkC/2Wgkpyy03qM7ZSOFPOlaFbnd/VAhPzWmr0Kt..B3fdVHzy',189,'2022-03-21','+14755251094','2023-10-23 04:44:26',NULL,'job-seeker',NULL,'resume/01.pdf','23492 Maurine Path\nPort Emmanuelstad, CT 49446','Five! Don\'t go splashing paint over me like that!\' But she did not like to be two people! Why, there\'s hardly enough of it at all,\' said Alice: \'allow me to introduce it.\' \'I don\'t know much,\' said.',1,0,2457,0,NULL,'2023-10-22 21:44:26','2023-10-22 21:44:26',1,1,NULL,NULL,NULL),(32,'Eleanora','McClure','White Rabbit, \'and.',NULL,'petra.lemke@parisian.net','$2y$12$tiw1uD6MXBMcW5rxFZyq4OKp13FFFrrWVcVE870Nv8x0yFgODCAz.',187,'1970-01-22','+19702794451','2023-10-23 04:44:26',NULL,'employer',NULL,NULL,'4655 McGlynn Run Apt. 866\nNorth Adeline, MT 23353-2949','I shall be a grin, and she soon made out that the mouse doesn\'t get out.\" Only I don\'t know,\' he went on muttering over the jury-box with the bread-knife.\' The March Hare and the roof of the.',1,0,555,1,NULL,'2023-10-22 21:44:26','2023-10-22 21:44:26',0,1,NULL,NULL,NULL),(33,'Macey','Hodkiewicz','Mabel, for I know.',NULL,'schumm.julio@gmail.com','$2y$12$zeRztOYXirMAM3taBfrJ4O2/eKv5frhlFnSU9fyMsLuLZ1Xue2kcO',187,'1981-03-23','+19568081228','2023-10-23 04:44:26',NULL,'employer',NULL,NULL,'96703 Rhiannon Orchard Suite 357\nVirgilside, WA 07700-9272','Alice. One of the sort!\' said Alice. \'Of course they were\', said the young Crab, a little pattering of feet in a hurry: a large caterpillar, that was sitting on the English coast you find a thing,\'.',1,0,4005,0,NULL,'2023-10-22 21:44:26','2023-10-22 21:44:26',0,1,NULL,NULL,NULL),(34,'Maria','Ryan','THAT direction,\'.',NULL,'farrell.jordon@hotmail.com','$2y$12$LHO0iMmnsoHGTLnSSKYLG.NHkYBiX/Wxr5qOVUsIInNaQOqksdKre',188,'1984-02-16','+17433373737','2023-10-23 04:44:26',NULL,'employer',NULL,NULL,'35475 Hoyt Ports Suite 206\nLake Queenie, DE 75969','The only things in the middle, nursing a baby; the cook till his eyes very wide on hearing this; but all he SAID was, \'Why is a raven like a serpent. She had already heard her voice close to the.',1,0,3490,1,NULL,'2023-10-22 21:44:26','2023-10-22 21:44:26',0,1,NULL,NULL,NULL),(35,'Malika','Jerde','Alice as he spoke.',NULL,'wcrist@yahoo.com','$2y$12$NgyfUihcGLARo0J/TKZe1ed0P3eEPjCT/xCLC3Vb4Izf68VWLmSRu',187,'1998-08-08','+13602905256','2023-10-23 04:44:27',NULL,'job-seeker',NULL,'resume/01.pdf','39613 Schuster Viaduct\nNew Mateo, IN 11264-6361','I then? Tell me that first, and then Alice dodged behind a great many more than that, if you were me?\' \'Well, perhaps not,\' said Alice very meekly: \'I\'m growing.\' \'You\'ve no right to think,\' said.',1,0,2044,1,NULL,'2023-10-22 21:44:27','2023-10-22 21:44:27',0,1,NULL,NULL,NULL),(36,'Bethany','Luettgen','Mabel! I\'ll try if.',NULL,'schroeder.demetris@gmail.com','$2y$12$PEkNmc/mK6zdQhw44dCMnODq/pSyef4JwBpXXkr/GHbldjO5KNxhu',187,'2007-02-01','+14423205854','2023-10-23 04:44:27',NULL,'job-seeker',NULL,'resume/01.pdf','8102 Langosh Heights\nPort Ellie, MA 91070-6343','Queen was silent. The Dormouse slowly opened his eyes were looking up into the earth. At last the Mock Turtle sighed deeply, and began, in a very melancholy voice. \'Repeat, \"YOU ARE OLD, FATHER.',1,0,4074,0,NULL,'2023-10-22 21:44:27','2023-10-22 21:44:27',1,1,NULL,NULL,NULL),(37,'Pasquale','Lakin','Alice ventured to.',NULL,'oleta39@padberg.com','$2y$12$oIXnHOsO0azGhee53ODL.OtYljVB4PUwEQtsZlQGmFaDr9WLn3ZYO',187,'1987-05-01','+18785399899','2023-10-23 04:44:27',NULL,'employer',NULL,NULL,'6332 McGlynn Land Apt. 089\nRyleeland, ME 19630-2864','OURS they had to leave off this minute!\' She generally gave herself very good height indeed!\' said the Rabbit coming to look at the Mouse\'s tail; \'but why do you like to drop the jar for fear of.',1,0,3112,0,NULL,'2023-10-22 21:44:27','2023-10-22 21:44:27',1,1,NULL,NULL,NULL),(38,'Annetta','Bogan','Lobster Quadrille.',NULL,'terrance17@parker.net','$2y$12$i/8rJr43w4/fAZB8T58gfuaTkEzQf2bLny1IlYh90fwHXElIcxAhm',189,'2015-01-02','+13515411570','2023-10-23 04:44:27',NULL,'employer',NULL,NULL,'811 Ona Trail\nPort Jonatan, WA 07477','Gryphon only answered \'Come on!\' and ran till she had put the hookah into its nest. Alice crouched down among the bright flower-beds and the small ones choked and had no idea what a wonderful dream.',1,0,3984,1,NULL,'2023-10-22 21:44:27','2023-10-22 21:44:27',1,1,NULL,NULL,NULL),(39,'Eleazar','Bechtelar','THIS size: why, I.',NULL,'nolan.otis@powlowski.com','$2y$12$We46oSKwV/YbPmVspf4RuOAYVGDRZI7T2vMX4o1kmTgRspS5EIOYa',189,'1987-04-02','+14257391368','2023-10-23 04:44:28',NULL,'employer',NULL,NULL,'13099 Stephon Prairie Suite 822\nVonRuedenbury, KS 13119-8205','I\'ll come up: if not, I\'ll stay down here! It\'ll be no sort of thing never happened, and now here I am so VERY tired of swimming about here, O Mouse!\' (Alice thought this must ever be A secret, kept.',1,0,1218,0,NULL,'2023-10-22 21:44:28','2023-10-22 21:44:28',1,1,NULL,NULL,NULL),(40,'Jaycee','Hills','Alice loudly. \'The.',NULL,'fzemlak@hotmail.com','$2y$12$Vp4A2YaTCn807f3wFeO/9utb4NkjuJOOA9Kj3eXcIN3/xDEILn/9a',188,'2010-11-19','+16207558083','2023-10-23 04:44:28',NULL,'employer',NULL,NULL,'5923 Sterling Station Suite 101\nPort Marlen, NM 40113-9106','So she began: \'O Mouse, do you mean \"purpose\"?\' said Alice. \'Off with her friend. When she got up very sulkily and crossed over to the jury, and the bright eager eyes were getting so used to do.',1,0,4301,0,NULL,'2023-10-22 21:44:28','2023-10-22 21:44:28',1,1,NULL,NULL,NULL),(41,'Herta','Flatley','Then followed the.',NULL,'sbergstrom@hotmail.com','$2y$12$njMs6LvYfn4lTZQBkYar0e.qQWyx4T4FYPmw/IEe4quuNO7s0L69W',189,'2017-04-20','+12066808663','2023-10-23 04:44:28',NULL,'job-seeker',NULL,'resume/01.pdf','50812 Davis Via\nLake Shyann, NH 60622','Her first idea was that it might end, you know,\' the Mock Turtle. \'Certainly not!\' said Alice to herself, \'if one only knew the meaning of it at last, and managed to put it in the world! Oh, my dear.',1,0,2116,1,NULL,'2023-10-22 21:44:28','2023-10-22 21:44:28',1,1,NULL,NULL,NULL),(42,'Clark','Fritsch','Alice replied in.',NULL,'payton13@gmail.com','$2y$12$YnQCy2bVw6SzknwL./IHi.xfexYdRm68NW9W1GIYnJ/9BcXwuvPgO',187,'2020-04-20','+18603470869','2023-10-23 04:44:28',NULL,'employer',NULL,NULL,'77241 Hagenes Brook Suite 430\nHowellstad, AK 26166-1138','English coast you find a pleasure in all directions, \'just like a star-fish,\' thought Alice. \'I\'m a--I\'m a--\' \'Well! WHAT are you?\' said Alice, who had meanwhile been examining the roses. \'Off with.',1,0,2140,0,NULL,'2023-10-22 21:44:28','2023-10-22 21:44:28',1,1,NULL,NULL,NULL),(43,'Jasmin','Reilly','Duchess?\' \'Hush!.',NULL,'general.turner@gmail.com','$2y$12$91TiGGkKy1FvLzp4IXW34.ND2dqhnYHqsVSKKhONjdFOBQuHLeQy2',187,'1996-09-02','+17609588039','2023-10-23 04:44:29',NULL,'employer',NULL,NULL,'80427 Oswaldo Garden Suite 562\nGabrielleside, MA 65455','THROUGH the earth! How funny it\'ll seem, sending presents to one\'s own feet! And how odd the directions will look! ALICE\'S RIGHT FOOT, ESQ. HEARTHRUG, NEAR THE FENDER, (WITH ALICE\'S LOVE). Oh dear.',1,0,933,0,NULL,'2023-10-22 21:44:29','2023-10-22 21:44:29',0,1,NULL,NULL,NULL),(44,'Asia','Bechtelar','Then she went on.',NULL,'bradly82@hotmail.com','$2y$12$Xc1Bk4LvxBb9HEJedd7kLu1LlCvXYN.0KTcv7dYMJOkYnlJbysOe6',189,'2010-07-18','+16178382867','2023-10-23 04:44:29',NULL,'employer',NULL,NULL,'10786 Renner Road\nFaustoville, MD 51708','I find a number of executions the Queen ordering off her knowledge, as there was no one else seemed inclined to say it any longer than that,\' said the Footman. \'That\'s the most confusing thing I.',1,0,4820,0,NULL,'2023-10-22 21:44:29','2023-10-22 21:44:29',1,1,NULL,NULL,NULL),(45,'Emilia','Marvin','When the sands are.',NULL,'xlangworth@prosacco.net','$2y$12$NU1COqcdisbPK1ivzhGB4OUFHzxAnAjsOFSR9LI043j66nYKXfLW2',189,'2011-07-04','+18039000057','2023-10-23 04:44:29',NULL,'employer',NULL,NULL,'38925 Jacobs Trafficway\nFerrymouth, WI 99642','Once more she found she could see, as she ran. \'How surprised he\'ll be when he pleases!\' CHORUS. \'Wow! wow! wow!\' \'Here! you may stand down,\' continued the Pigeon, but in a great hurry to change.',1,0,4149,1,NULL,'2023-10-22 21:44:29','2023-10-22 21:44:29',0,1,NULL,NULL,NULL),(46,'Deshawn','Abbott','And Alice was so.',NULL,'murray09@buckridge.com','$2y$12$.ZKGLi7EJeL1oH.fPDvUCOHRZmV/QqtUVM9RYGY8NRjgn6YyQlJ0u',189,'2006-04-14','+14792934399','2023-10-23 04:44:30',NULL,'employer',NULL,NULL,'17728 Paige Circles Apt. 887\nNorth Aricmouth, SD 19203','Alice replied thoughtfully. \'They have their tails in their paws. \'And how did you begin?\' The Hatter opened his eyes. \'I wasn\'t asleep,\' he said to herself \'It\'s the stupidest tea-party I ever was.',1,0,2408,0,NULL,'2023-10-22 21:44:30','2023-10-22 21:44:30',0,1,NULL,NULL,NULL),(47,'Jade','Hirthe','King, \'unless it.',NULL,'tabitha58@yahoo.com','$2y$12$IG//kcCuipOGBNgAcyjmeeOpQ9SSNshsGBDCgF8f5dNZwKSwOyixe',188,'1975-02-28','+14328931593','2023-10-23 04:44:30',NULL,'employer',NULL,NULL,'7184 Steuber Meadow\nKaylinville, OK 99558','The Rabbit started violently, dropped the white kid gloves: she took up the little magic bottle had now had its full effect, and she tried the effect of lying down on their slates, when the tide.',1,0,1269,0,NULL,'2023-10-22 21:44:30','2023-10-22 21:44:30',1,1,NULL,NULL,NULL),(48,'Brian','Lang','Alice, so please.',NULL,'jaylin18@roob.com','$2y$12$nfoou.WoV6ZtGR9EM2HQ4.M930VdV/gE4AFw/bVZUFaCjCjGcomei',187,'1989-03-05','+13809885556','2023-10-23 04:44:30',NULL,'job-seeker',NULL,'resume/01.pdf','87628 Jaylin Cove Apt. 196\nEast Clarabelle, PA 22957-1399','Alice noticed with some curiosity. \'What a curious plan!\' exclaimed Alice. \'That\'s the reason they\'re called lessons,\' the Gryphon interrupted in a hurry. \'No, I\'ll look first,\' she said, as.',1,0,3236,1,NULL,'2023-10-22 21:44:30','2023-10-22 21:44:30',0,1,NULL,NULL,NULL),(49,'Zoe','Nader','White Rabbit, \'and.',NULL,'georgiana96@gmail.com','$2y$12$8tzMB/StWo/WHtAaPwvdPe6yEKTAOw931pXvLP96WN2oBX0rGjqoO',189,'1987-06-01','+14049351886','2023-10-23 04:44:30',NULL,'job-seeker',NULL,'resume/01.pdf','195 Kuvalis Knoll\nEast Zolachester, LA 17867','Mock Turtle, \'but if you\'ve seen them so often, you know.\' Alice had been anxiously looking across the garden, where Alice could bear: she got up very carefully, with one of them can explain it,\'.',1,0,4097,1,NULL,'2023-10-22 21:44:30','2023-10-22 21:44:30',1,1,NULL,NULL,NULL),(50,'Sister','Wyman','What would become.',NULL,'wpouros@yahoo.com','$2y$12$09s2v7EShtAbTtU7A1YiDOAOJCDAFx/ONbJ68NHJXbRoUc7tmwJgO',189,'2002-04-14','+12404460613','2023-10-23 04:44:31',NULL,'job-seeker',NULL,'resume/01.pdf','7429 Bechtelar Radial Apt. 654\nSouth Monty, HI 76122-7024','I wonder if I shall be a lesson to you how the Dodo could not think of nothing else to say when I got up this morning, but I don\'t think,\' Alice went on, yawning and rubbing its eyes, \'Of course, of.',1,0,1821,1,NULL,'2023-10-22 21:44:31','2023-10-22 21:44:31',0,1,NULL,NULL,NULL),(51,'Ocie','Balistreri','I gave her answer.',NULL,'beahan.rodger@fay.info','$2y$12$oAehb1x3VaQOtdQihQgKpu/Q/TIbiPojiWd9Yi3gAWhvxozcXK6yK',188,'1999-04-08','+15733409196','2023-10-23 04:44:31',NULL,'employer',NULL,NULL,'640 Marilou Trail\nNew Shea, VT 56764','Sir, With no jury or judge, would be like, but it was neither more nor less than no time to be seen: she found this a very fine day!\' said a whiting before.\' \'I can tell you what year it is?\' \'Of.',1,0,3447,0,NULL,'2023-10-22 21:44:31','2023-10-22 21:44:31',1,1,NULL,NULL,NULL),(52,'Cathryn','Brakus','Next came an angry.',NULL,'hkautzer@yahoo.com','$2y$12$4c18AbQ.aHAi2j7PyldL5.NNzHC94KA560BBgQut3sV0rrMcMpwe2',189,'1972-11-29','+17435028854','2023-10-23 04:44:31',NULL,'job-seeker',NULL,'resume/01.pdf','44414 Kovacek Passage Apt. 132\nNorth Floychester, VA 22076-5569','CHORUS. \'Wow! wow! wow!\' While the Duchess by this time, and was immediately suppressed by the whole party swam to the other, and making quite a commotion in the distance, screaming with passion.',1,0,2125,1,NULL,'2023-10-22 21:44:31','2023-10-22 21:44:31',1,1,NULL,NULL,NULL),(53,'Maia','Harvey','Let me see: that.',NULL,'rodriguez.boris@hotmail.com','$2y$12$h.7w4bOnpOc9pwGBnrI/zuxDEoft87SDuT2psdM8O/RpJRALSZgAG',187,'1992-05-03','+14148086156','2023-10-23 04:44:32',NULL,'job-seeker',NULL,'resume/01.pdf','2927 Lueilwitz River\nPort Joelmouth, TN 29561-5157','ONE.\' \'One, indeed!\' said Alice, a little girl she\'ll think me for his housemaid,\' she said this, she came suddenly upon an open place, with a whiting. Now you know.\' \'I DON\'T know,\' said Alice to.',1,0,1648,0,NULL,'2023-10-22 21:44:32','2023-10-22 21:44:32',0,1,NULL,NULL,NULL),(54,'Ford','Steuber','Alice; \'living at.',NULL,'pgreen@swift.org','$2y$12$tm5vF/aglIfMl0akRhniYeCyNqtIeJbM32FwxklAOqvjdmrERCb9O',187,'2020-08-15','+12677134112','2023-10-23 04:44:32',NULL,'employer',NULL,NULL,'66748 Carson Road Suite 205\nKareemfort, NM 61185-0452','Dinah: I think I may as well go back, and see that she let the Dormouse indignantly. However, he consented to go down the chimney close above her: then, saying to herself as she wandered about in.',1,0,2062,1,NULL,'2023-10-22 21:44:32','2023-10-22 21:44:32',0,1,NULL,NULL,NULL),(55,'Bo','Harber','I\'ll kick you down.',NULL,'pfannerstill.landen@gmail.com','$2y$12$uOs5/FzLLLdMC/cXshViHOfrmuzxyAshy4amzJ0pL98tdV2tb.F7i',188,'1988-05-06','+15639639216','2023-10-23 04:44:32',NULL,'job-seeker',NULL,'resume/01.pdf','86637 West Mountain Apt. 833\nPort Hershel, NM 00249-4038','Rabbit angrily. \'Here! Come and help me out of a globe of goldfish she had brought herself down to the Knave. The Knave shook his head sadly. \'Do I look like it?\' he said, \'on and off, for days and.',1,0,1816,0,NULL,'2023-10-22 21:44:32','2023-10-22 21:44:32',1,1,NULL,NULL,NULL),(56,'Edwin','Kilback','Alice noticed, had.',NULL,'graham.laury@herman.info','$2y$12$XyNouxouMYPcYJEKMJVFxO8QwcFCRax/Eu7hH3sFSCzP23FcXXSgu',188,'1990-08-09','+16168431925','2023-10-23 04:44:32',NULL,'employer',NULL,NULL,'753 Karelle Walk\nJasminton, OR 28587-9148','FATHER WILLIAM,\"\' said the Hatter. \'He won\'t stand beating. Now, if you were or might have been changed several times since then.\' \'What do you like to hear it say, as it happens; and if the Mock.',1,0,3420,1,NULL,'2023-10-22 21:44:32','2023-10-22 21:44:32',0,1,NULL,NULL,NULL),(57,'Lilliana','Armstrong','Lory, who at last.',NULL,'jimmie88@hotmail.com','$2y$12$FVxK.P2JHyyImhbcuKsnyO4VM.SBGIdPmOvTzmZdpEgGEGpG3XQpC',189,'1999-01-21','+13858150163','2023-10-23 04:44:33',NULL,'employer',NULL,NULL,'21628 Windler Island\nToyland, DE 91777-6406','Five. \'I heard every word you fellows were saying.\' \'Tell us a story!\' said the Mouse. \'--I proceed. \"Edwin and Morcar, the earls of Mercia and Northumbria, declared for him: and even Stigand, the.',1,0,3528,0,NULL,'2023-10-22 21:44:33','2023-10-22 21:44:33',0,1,NULL,NULL,NULL),(58,'Dominic','Weissnat','Caterpillar. Alice.',NULL,'greenfelder.alisa@marvin.com','$2y$12$QZ48.khYKpcABGnVf44BVe6C68.NSFFzyMaZZhZfKxOgAYurZfPVG',188,'2018-01-19','+12238840989','2023-10-23 04:44:33',NULL,'employer',NULL,NULL,'2565 Sister Ridge\nPort Luciobury, GA 88190','Oh, how I wish you were down here till I\'m somebody else\"--but, oh dear!\' cried Alice, with a little shaking among the leaves, which she concluded that it would make with the strange creatures of.',1,0,2424,0,NULL,'2023-10-22 21:44:33','2023-10-22 21:44:33',0,1,NULL,NULL,NULL),(59,'Celestino','Emard','SAID was, \'Why is.',NULL,'heller.fabiola@brekke.com','$2y$12$tc7MIOf0YEOJZoiBDieawuQJ7UNaD1FW/4HWTpB8UJWuCqS5.jONq',187,'2019-11-11','+13184929196','2023-10-23 04:44:33',NULL,'employer',NULL,NULL,'995 Victor Landing Suite 210\nRodriguezmouth, ME 66303','Elsie, Lacie, and Tillie; and they went on in a hurry to get an opportunity of showing off her unfortunate guests to execution--once more the shriek of the month, and doesn\'t tell what o\'clock it.',1,0,2750,0,NULL,'2023-10-22 21:44:33','2023-10-22 21:44:33',0,1,NULL,NULL,NULL),(60,'Bianka','Hartmann','There could be NO.',NULL,'velma62@paucek.com','$2y$12$dI2Uc/01q9ysaRfyZHNqWObae4ZTfW6PhoAphNNyIK4uSEsbE2c3a',189,'2003-08-07','+16406838434','2023-10-23 04:44:33',NULL,'employer',NULL,NULL,'1080 Abbott Village\nSouth Tevin, NH 39282-2646','VII. A Mad Tea-Party There was a body to cut it off from: that he had a little feeble, squeaking voice, (\'That\'s Bill,\' thought Alice,) \'Well, I never was so large in the shade: however, the moment.',1,0,2340,0,NULL,'2023-10-22 21:44:33','2023-10-22 21:44:33',0,1,NULL,NULL,NULL),(61,'Hope','Kuphal','Some of the bill.',NULL,'ybrakus@gmail.com','$2y$12$abHj4WDuhX23tdqWn8yA1eRsqFdaJQYkrZ8oOtzNQ2q8CoXb/a4QO',189,'1980-06-13','+14153827004','2023-10-23 04:44:34',NULL,'employer',NULL,NULL,'595 Bertram Roads Suite 740\nRaynorstad, KY 86618-9800','How I wonder who will put on his spectacles and looked at poor Alice, \'when one wasn\'t always growing larger and smaller, and being so many out-of-the-way things to happen, that it would be a.',1,0,1019,1,NULL,'2023-10-22 21:44:34','2023-10-22 21:44:34',1,1,NULL,NULL,NULL),(62,'Ceasar','Crist','MARMALADE\', but to.',NULL,'shanon96@yahoo.com','$2y$12$LGEoFojibkm2Tab8M80nwO4WFf/zr7VCzkTjAzEKjlQivPWiJimQq',187,'1995-01-09','+13084021996','2023-10-23 04:44:34',NULL,'employer',NULL,NULL,'64425 Volkman Oval\nDachfurt, CA 15227-0709','I do hope it\'ll make me giddy.\' And then, turning to Alice: he had a head unless there was generally a ridge or furrow in the after-time, be herself a grown woman; and how she would feel very sleepy.',1,0,1463,1,NULL,'2023-10-22 21:44:34','2023-10-22 21:44:34',0,1,NULL,NULL,NULL),(63,'Reta','Quigley','Queen said--\' \'Get.',NULL,'carleton.veum@yahoo.com','$2y$12$JXPGUroUlwCjroNxfiAR9uCj0lNiPGdl8CAq8J.Pf/alxsDyP679e',188,'1997-06-19','+17472369381','2023-10-23 04:44:34',NULL,'job-seeker',NULL,'resume/01.pdf','432 Emard Crossroad Apt. 641\nAbelbury, OR 04376','Alice asked. The Hatter shook his head off outside,\' the Queen had never seen such a tiny golden key, and Alice\'s first thought was that she did not seem to dry me at all.\' \'In that case,\' said the.',1,0,2061,1,NULL,'2023-10-22 21:44:34','2023-10-22 21:44:34',0,1,NULL,NULL,NULL),(64,'Sammy','Prohaska','Gryphon: and Alice.',NULL,'jsauer@hotmail.com','$2y$12$/tlccNXVxh0f06URBDggiemts0u9lLMJqmuvFa4PN6Q16i79XenoG',187,'2020-05-18','+12239265577','2023-10-23 04:44:35',NULL,'employer',NULL,NULL,'45582 Anissa Viaduct Suite 840\nNew Selmer, MN 17948','VERY wide, but she remembered the number of cucumber-frames there must be!\' thought Alice. \'I\'ve read that in the act of crawling away: besides all this, there was a dispute going on between the.',1,0,3315,0,NULL,'2023-10-22 21:44:35','2023-10-22 21:44:35',0,1,NULL,NULL,NULL),(65,'Sylvester','Becker','Gryphon as if he.',NULL,'maximillian49@gleichner.com','$2y$12$aeHAe/HRwO1LWXd1s2uxeO/i.ZSM4UuONA1BLUa85X1w/yDjbXUGy',189,'2021-09-18','+19159660442','2023-10-23 04:44:35',NULL,'employer',NULL,NULL,'573 Hegmann Cliff\nMayertmouth, DC 95831-4471','I think I must sugar my hair.\" As a duck with its wings. \'Serpent!\' screamed the Queen. \'Sentence first--verdict afterwards.\' \'Stuff and nonsense!\' said Alice to herself, \'whenever I eat or drink.',1,0,2659,0,NULL,'2023-10-22 21:44:35','2023-10-22 21:44:35',1,1,NULL,NULL,NULL),(66,'Margret','McCullough','Cat\'s head began.',NULL,'shad85@yahoo.com','$2y$12$NM7N4sMTCBPY/1QttG/8feznKDI5ZvGBgJolhWVxutRTcr4Lp.1Z2',187,'1978-10-16','+17035987474','2023-10-23 04:44:35',NULL,'job-seeker',NULL,'resume/01.pdf','209 Asia Brook Apt. 121\nRitchieport, NY 22570','If they had any dispute with the Dormouse. \'Write that down,\' the King said gravely, \'and go on in these words: \'Yes, we went to school every day--\' \'I\'VE been to her, still it had struck her foot!.',1,0,2059,1,NULL,'2023-10-22 21:44:35','2023-10-22 21:44:35',0,1,NULL,NULL,NULL),(67,'Leann','Goldner','Dormouse went on.',NULL,'rylee.lehner@koelpin.com','$2y$12$h497HU8UJvfap25Wv0CjZO357G1osQmafsCYrmmRPAVMnV/5cQaCm',187,'2005-05-10','+18576591608','2023-10-23 04:44:35',NULL,'employer',NULL,NULL,'252 Jacobi Flats Apt. 149\nEast Kayleighland, ME 18307','I think that will be much the most curious thing I ever was at in all directions, tumbling up against each other; however, they got thrown out to sea as you go to law: I will just explain to you.',1,0,1860,1,NULL,'2023-10-22 21:44:35','2023-10-22 21:44:35',1,1,NULL,NULL,NULL),(68,'Royce','Olson','Fish-Footman was.',NULL,'leatha.kunde@haley.net','$2y$12$6n3CD2AS363I4a17lxtPDeuLMU4GsJNR/kKUdUcOo/dcJjR2xhWvq',187,'2007-07-27','+14588971694','2023-10-23 04:44:36',NULL,'employer',NULL,NULL,'102 Olson Rue Suite 259\nWisozkhaven, NM 34762-4748','Dormouse began in a very pretty dance,\' said Alice as he spoke. \'A cat may look at it!\' This speech caused a remarkable sensation among the bright flower-beds and the cool fountains. CHAPTER VIII.',1,0,4525,0,NULL,'2023-10-22 21:44:36','2023-10-22 21:44:36',0,1,NULL,NULL,NULL),(69,'Tom','Lang','Don\'t let him know.',NULL,'kathleen15@howell.com','$2y$12$lBH0pFA6NEeS5rR8Gd7ExeIOqMnB7c3UF3CBjaC7B9ZcaHPOXrl3W',188,'2007-07-25','+14424208268','2023-10-23 04:44:36',NULL,'employer',NULL,NULL,'78222 Abbott Walks\nDereckberg, IN 84579','King. The White Rabbit hurried by--the frightened Mouse splashed his way through the neighbouring pool--she could hear him sighing as if she was now the right word) \'--but I shall see it pop down a.',1,0,2318,0,NULL,'2023-10-22 21:44:36','2023-10-22 21:44:36',0,1,NULL,NULL,NULL),(70,'Craig','Ledner','I wonder what was.',NULL,'wolff.sydney@hessel.info','$2y$12$44Hq89WBkv/dygYbj9ccN.vW8uhFlw6Ol2ESOazUoII.GMpjAtnCu',189,'2006-04-08','+19547608999','2023-10-23 04:44:36',NULL,'job-seeker',NULL,'resume/01.pdf','25345 Bayer Ridge Suite 203\nNew Clyde, GA 10344','First, because I\'m on the twelfth?\' Alice went on, \'What HAVE you been doing here?\' \'May it please your Majesty?\' he asked. \'Begin at the Hatter, it woke up again as quickly as she could, and soon.',1,0,464,0,NULL,'2023-10-22 21:44:36','2023-10-22 21:44:36',1,1,NULL,NULL,NULL),(71,'Ricardo','Rogahn','March Hare said in.',NULL,'raphaelle58@kuhn.com','$2y$12$LdQ/7y4ffv.e9QOPq7De2epIICdQQAMBzLW5ar1mz0xi44Rl7eBmK',187,'2013-01-25','+17348596259','2023-10-23 04:44:36',NULL,'employer',NULL,NULL,'15597 Lesch Causeway Apt. 117\nMyrlport, OK 20009-4875','CHAPTER II. The Pool of Tears \'Curiouser and curiouser!\' cried Alice again, in a low voice. \'Not at first, the two sides of it; then Alice, thinking it was impossible to say \"HOW DOTH THE LITTLE.',1,0,1025,1,NULL,'2023-10-22 21:44:36','2023-10-22 21:44:36',1,1,NULL,NULL,NULL),(72,'Cooper','Denesik','And the moral of.',NULL,'hodkiewicz.juwan@hotmail.com','$2y$12$/V.F5MfI9w828bHON0HbYuoEBypYoi4IZhZXM5v4u238LBqv21b2.',189,'1978-03-30','+15623888142','2023-10-23 04:44:37',NULL,'employer',NULL,NULL,'84519 Wiza Plain\nNorth Napoleonview, MN 10941','Hatter. \'I deny it!\' said the Pigeon; \'but I haven\'t been invited yet.\' \'You\'ll see me there,\' said the Hatter, it woke up again as she could, for the end of the well, and noticed that one of the.',1,0,4348,1,NULL,'2023-10-22 21:44:37','2023-10-22 21:44:37',1,1,NULL,NULL,NULL),(73,'Zack','Dickens','Duchess, digging.',NULL,'kerluke.kennedi@hotmail.com','$2y$12$RcrGDWJMfYa2A.Jiz7GD5OtGOZE/VWAbuqEJ9dBkSXNvnGobhYz6m',188,'2021-05-10','+19403845476','2023-10-23 04:44:37',NULL,'job-seeker',NULL,'resume/01.pdf','3013 Sandrine Cliff Suite 042\nStromanfurt, TX 88353','Good-bye, feet!\' (for when she caught it, and finding it very much,\' said the King. The White Rabbit interrupted: \'UNimportant, your Majesty means, of course,\' said the Cat. \'I don\'t much care.',1,0,1021,0,NULL,'2023-10-22 21:44:37','2023-10-22 21:44:37',0,1,NULL,NULL,NULL),(74,'Jerrod','Powlowski','The judge, by the.',NULL,'rosalyn70@gmail.com','$2y$12$IOmuoxCi.eke0CkaimwWkesiD6ub6xNyLDbN3MTLXcLyIOSxvzCzK',187,'2000-03-25','+17325139401','2023-10-23 04:44:37',NULL,'job-seeker',NULL,'resume/01.pdf','6327 Bryon Shore Apt. 255\nNewtonstad, CA 56994-2401','I was going to leave the room, when her eye fell on a branch of a large crowd collected round it: there was enough of it at all. However, \'jury-men\' would have done that, you know,\' said the one who.',1,0,1655,0,NULL,'2023-10-22 21:44:37','2023-10-22 21:44:37',1,1,NULL,NULL,NULL),(75,'Russell','Haag','Dormouse; \'--well.',NULL,'denis30@hotmail.com','$2y$12$PQVYMNJ3.YYGCIV/To1noOZC5p9IghLb9qDCvg2dTUxlbS1UvISqm',187,'1989-07-25','+14454243083','2023-10-23 04:44:37',NULL,'job-seeker',NULL,'resume/01.pdf','77154 Zachery Lights Apt. 643\nPort Jeffereyborough, OH 08719-1249','Yet you finished the guinea-pigs!\' thought Alice. \'I\'m glad they don\'t seem to put down the chimney, has he?\' said Alice in a great interest in questions of eating and drinking. \'They lived on.',1,0,3349,1,NULL,'2023-10-22 21:44:37','2023-10-22 21:44:37',1,1,NULL,NULL,NULL),(76,'Erich','Kunde','BEST butter, you.',NULL,'nya.kertzmann@yahoo.com','$2y$12$a8RVUuIWu/mKkyl5iYdlFOS6PrscWBh4L1KghqACdKCGuMSiCIIg6',188,'1974-12-28','+16174936642','2023-10-23 04:44:38',NULL,'job-seeker',NULL,'resume/01.pdf','19053 Myrna Forest\nWest Chancemouth, MO 64588-5597','Pigeon; \'but if you\'ve seen them at dinn--\' she checked herself hastily, and said \'That\'s very curious.\' \'It\'s all her fancy, that: he hasn\'t got no sorrow, you know. Come on!\' So they got their.',1,0,3210,1,NULL,'2023-10-22 21:44:38','2023-10-22 21:44:38',1,1,NULL,NULL,NULL),(77,'Yessenia','Kunze','Elsie, Lacie, and.',NULL,'jerrod.pagac@casper.net','$2y$12$ZVcbAssdeMvO55AyftnYp.2VJ5dlH4Ye8Ci5U3BDTi90L2aVomlAS',188,'1985-11-03','+17403580858','2023-10-23 04:44:38',NULL,'employer',NULL,NULL,'769 Valentin Gateway Suite 562\nNew Austynshire, IN 76582-6716','I suppose?\' \'Yes,\' said Alice, who was sitting on the trumpet, and then another confusion of voices--\'Hold up his head--Brandy now--Don\'t choke him--How was it, old fellow? What happened to you?.',1,0,3585,0,NULL,'2023-10-22 21:44:38','2023-10-22 21:44:38',0,1,NULL,NULL,NULL),(78,'Ferne','Lakin','When I used to say.',NULL,'rosalinda.rath@gmail.com','$2y$12$5S6Ykn1jzAGQjtULCaJLI.ZZLWKKKwa2R4nr/R4qmGVMCNnoYjMnC',188,'2012-11-12','+19318136167','2023-10-23 04:44:38',NULL,'job-seeker',NULL,'resume/01.pdf','2922 Halvorson Point Suite 418\nRunolfssonview, IN 16849-2723','Oh dear! I\'d nearly forgotten to ask.\' \'It turned into a large plate came skimming out, straight at the frontispiece if you cut your finger VERY deeply with a trumpet in one hand, and a long way.',1,0,1660,1,NULL,'2023-10-22 21:44:38','2023-10-22 21:44:38',1,1,NULL,NULL,NULL),(79,'Pattie','Stamm','Queen, pointing to.',NULL,'hudson.jade@gmail.com','$2y$12$BXK7VVu3rLo7ZaQ59lH/fuQo4wt6FNP5Mx5hwY4vmloQSjTsMqrLe',189,'2005-08-07','+13523915537','2023-10-23 04:44:39',NULL,'job-seeker',NULL,'resume/01.pdf','9924 Ronaldo Forges Suite 903\nNew Stephenfort, NJ 29313','Good-bye, feet!\' (for when she got into a large flower-pot that stood near the door, and knocked. \'There\'s no such thing!\' Alice was thoroughly puzzled. \'Does the boots and shoes!\' she repeated in a.',1,0,4522,0,NULL,'2023-10-22 21:44:39','2023-10-22 21:44:39',1,1,NULL,NULL,NULL),(80,'Lisandro','Boyle','The Mouse looked.',NULL,'klueilwitz@volkman.biz','$2y$12$DIKBBWnDGQkB6WmIVtxKN.orolTtSkoDv/YectJMiQg.D0qMK1BHK',187,'1981-06-09','+18628725227','2023-10-23 04:44:39',NULL,'employer',NULL,NULL,'27506 Leannon Motorway Suite 595\nSebastianhaven, UT 08386','Alice had been looking at everything about her, to pass away the time. Alice had begun to dream that she might as well as the March Hare took the hookah out of its mouth, and its great eyes half.',1,0,2718,0,NULL,'2023-10-22 21:44:39','2023-10-22 21:44:39',0,1,NULL,NULL,NULL),(81,'Mozelle','Mitchell','Gryphon whispered.',NULL,'nauer@yahoo.com','$2y$12$eK7hnLzti3JkT1VEKA5UMOYB2CSueMmnsdJUQzCsD3zDPtXt9/pUC',188,'1980-04-09','+16409478378','2023-10-23 04:44:39',NULL,'employer',NULL,NULL,'1311 Marquardt Fords\nEast Antoneview, NJ 28986-2808','Alice looked at Alice, and she very seldom followed it), and sometimes shorter, until she made some tarts, All on a bough of a muchness\"--did you ever eat a bat?\' when suddenly, thump! thump! down.',1,0,4174,0,NULL,'2023-10-22 21:44:39','2023-10-22 21:44:39',0,1,NULL,NULL,NULL),(82,'Boris','Rogahn','Knave was standing.',NULL,'dicki.dayana@hotmail.com','$2y$12$AV5Cn/QkDq2Zd8XCgaxZPuC.HLBwu4tRP2vlm4QrRAKN3OIftYGTS',188,'1984-07-26','+17817914021','2023-10-23 04:44:40',NULL,'job-seeker',NULL,'resume/01.pdf','6479 Vena Trafficway\nWindlermouth, IN 73210-0432','Alice, rather alarmed at the top of it. She felt very curious to see it trot away quietly into the garden with one finger; and the little golden key, and unlocking the door opened inwards, and.',1,0,2857,1,NULL,'2023-10-22 21:44:40','2023-10-22 21:44:40',0,1,NULL,NULL,NULL),(83,'Abdul','Jaskolski','Mock Turtle: \'nine.',NULL,'lura.damore@hotmail.com','$2y$12$PdAVHnnqa8qZL22JGM3eKuRP0PODiG0e.bOD4XHJuupbpZb5mn8/2',189,'1973-12-17','+15512508176','2023-10-23 04:44:40',NULL,'employer',NULL,NULL,'3095 Garett Mountain Apt. 544\nMitchellstad, MT 34551-1499','White Rabbit blew three blasts on the whole party swam to the Dormouse, not choosing to notice this question, but hurriedly went on, yawning and rubbing its eyes, \'Of course, of course; just what I.',1,0,941,1,NULL,'2023-10-22 21:44:40','2023-10-22 21:44:40',0,1,NULL,NULL,NULL),(84,'Briana','Predovic','Alice: \'--where\'s.',NULL,'daniela42@yahoo.com','$2y$12$8cwaGeAw2P6kpYcpc2t80uei0wAw1gR/SzyMm9IzNfUpTSfP1r8W6',187,'1970-08-22','+17073418847','2023-10-23 04:44:40',NULL,'employer',NULL,NULL,'6869 Durgan Flats\nKaelynchester, MT 47132-3450','I to get in at the Queen, and Alice looked all round the hall, but they all cheered. Alice thought over all the jurors had a consultation about this, and Alice could only hear whispers now and then.',1,0,237,1,NULL,'2023-10-22 21:44:40','2023-10-22 21:44:40',0,1,NULL,NULL,NULL),(85,'Matilda','Kub','Here the Dormouse.',NULL,'karson.marks@von.com','$2y$12$Wkr0GNg1LWhrzT0oGg/UPOBh7DvdJw5M.KoNsutGFY2dYC0ZDiBa2',189,'1972-03-25','+13646861486','2023-10-23 04:44:41',NULL,'job-seeker',NULL,'resume/01.pdf','6046 Adams Club Apt. 727\nPort Earnestburgh, WV 76265-9946','Queen put on his spectacles. \'Where shall I begin, please your Majesty,\' said the Hatter. \'You might just as she went on in these words: \'Yes, we went to work very diligently to write with one.',1,0,384,1,NULL,'2023-10-22 21:44:41','2023-10-22 21:44:41',1,1,NULL,NULL,NULL),(86,'Lizeth','Hammes','Alice. \'Why, SHE,\'.',NULL,'hickle.salvador@yahoo.com','$2y$12$vXtkLgxMNC7BnrQwmIPF5uilL9QoZHco2VewrYz9QsxH81qm85BM2',188,'2003-01-13','+17605385273','2023-10-23 04:44:41',NULL,'employer',NULL,NULL,'196 Pollich Summit Apt. 728\nLake Jacksonside, TX 97161','CURTSEYING as you\'re falling through the wood. \'It\'s the Cheshire Cat sitting on the bank--the birds with draggled feathers, the animals with their hands and feet at once, while all the players.',1,0,4206,0,NULL,'2023-10-22 21:44:41','2023-10-22 21:44:41',1,1,NULL,NULL,NULL),(87,'Nash','Romaguera','Mock Turtle said.',NULL,'dibbert.bridie@gmail.com','$2y$12$r7LG.VZ5sUJuVEsyU7fsmOu.dIrX/9CW17YJcqykAgs.eHGZ4JwxS',188,'1996-07-06','+15749629227','2023-10-23 04:44:41',NULL,'job-seeker',NULL,'resume/01.pdf','22245 Pfannerstill Place\nWest Liliana, OR 79794-7735','March Hare. \'He denies it,\' said the Caterpillar. Alice said to herself. \'Shy, they seem to put his shoes on. \'--and just take his head sadly. \'Do I look like one, but the Gryphon in an undertone.',1,0,3528,1,NULL,'2023-10-22 21:44:41','2023-10-22 21:44:41',1,1,NULL,NULL,NULL),(88,'Mossie','Torp','King, with an M--\'.',NULL,'chadrick41@yahoo.com','$2y$12$0cxjGELCVyPtI9xjuKk4MePv8b1Qd6eL878vNsCSjZMp3iqri7Pq2',188,'1993-04-21','+16126494452','2023-10-23 04:44:41',NULL,'employer',NULL,NULL,'620 Kasey Prairie\nPort Dorrisland, DC 53408','Queen, stamping on the floor: in another minute there was a treacle-well.\' \'There\'s no such thing!\' Alice was very provoking to find her way out. \'I shall do nothing of the players to be a.',1,0,528,0,NULL,'2023-10-22 21:44:41','2023-10-22 21:44:41',0,1,NULL,NULL,NULL),(89,'Joey','Bartoletti','Alice again, for.',NULL,'dangelo.bruen@kirlin.com','$2y$12$tbVm/xIuqY9jzxGEDmHjJu2EtUq0rdc3I3sUQChGi2vO3VX5eQj6y',189,'2009-12-04','+18054092371','2023-10-23 04:44:42',NULL,'job-seeker',NULL,'resume/01.pdf','6599 Beatty Harbors\nSouth Deven, MI 53768-4489','Only I don\'t care which happens!\' She ate a little three-legged table, all made a memorandum of the trees had a head could be NO mistake about it: it was only a pack of cards: the Knave was standing.',1,0,3637,1,NULL,'2023-10-22 21:44:42','2023-10-22 21:44:42',0,1,NULL,NULL,NULL),(90,'Amaya','Schoen','Alice, \'and why it.',NULL,'marley.tromp@swift.info','$2y$12$v0dpwaI0ohQO0Aque7hP1OFIGW3566xtuc0OmRHdl5O7w1fLXhqjW',188,'1978-12-07','+14784763383','2023-10-23 04:44:42',NULL,'job-seeker',NULL,'resume/01.pdf','2675 Durgan Passage\nPort Zula, NH 56576','Alice. \'Of course it was,\' said the Footman, \'and that for the Dormouse,\' thought Alice; but she heard a little bird as soon as it spoke (it was exactly three inches high). \'But I\'m not particular.',1,0,2249,0,NULL,'2023-10-22 21:44:42','2023-10-22 21:44:42',0,1,NULL,NULL,NULL),(91,'Layla','Fadel','Lobster Quadrille.',NULL,'wunsch.sabina@turner.com','$2y$12$hbxXmChcwpDfK1xRl/RbIOgX6VVX84iJ0NTPsyZbRrKjteL3FETAu',188,'2002-06-06','+18727190284','2023-10-23 04:44:42',NULL,'job-seeker',NULL,'resume/01.pdf','312 Lesch Junctions Apt. 755\nGrimesview, NM 86011','Alice as it was certainly too much of a sea of green leaves that had a VERY good opportunity for croqueting one of the ground--and I should be raving mad--at least not so mad as it was written to.',1,0,856,1,NULL,'2023-10-22 21:44:42','2023-10-22 21:44:42',1,1,NULL,NULL,NULL),(92,'Alysson','Gottlieb','I should think!\'.',NULL,'xavier.pollich@dibbert.com','$2y$12$fGwxzgG1h0qVgfre/ZuAQedMwJ8wtmz7MDyIcHtQDurSSgCzxTQFa',187,'1991-04-15','+17576358100','2023-10-23 04:44:43',NULL,'employer',NULL,NULL,'454 Isom Stream\nEast Rebecca, ND 98501-0025','Alice was not here before,\' said the Cat: \'we\'re all mad here. I\'m mad. You\'re mad.\' \'How do you know why it\'s called a whiting?\' \'I never could abide figures!\' And with that she hardly knew what.',1,0,255,1,NULL,'2023-10-22 21:44:43','2023-10-22 21:44:43',1,1,NULL,NULL,NULL),(93,'Prince','Torp','Hatter, it woke up.',NULL,'giovani74@gmail.com','$2y$12$NiyEoC3eEm9O5M5Yq1mki.u14igprt/iwq2TFbL1Mfs/mlmxbhpJ.',187,'2006-12-06','+15417461873','2023-10-23 04:44:43',NULL,'employer',NULL,NULL,'84596 Emilia Shores\nBernhardbury, CO 58275','Quadrille The Mock Turtle\'s heavy sobs. Lastly, she pictured to herself that perhaps it was too slippery; and when she had hoped) a fan and a fall, and a pair of gloves and a bright brass plate with.',1,0,1304,1,NULL,'2023-10-22 21:44:43','2023-10-22 21:44:43',0,1,NULL,NULL,NULL),(94,'Chance','Padberg','DON\'T know,\' said.',NULL,'payton53@hotmail.com','$2y$12$FoeroX9GOiwp.7cQ9OLSD.CnIpsorNi6WqZQ/4vFmJeGIyEGTYR5e',188,'1981-02-02','+13649147345','2023-10-23 04:44:43',NULL,'employer',NULL,NULL,'69069 Collins Summit\nNealstad, ND 78669','I shall never get to the Dormouse, without considering at all comfortable, and it set to work very diligently to write with one finger, as he wore his crown over the verses on his slate with one.',1,0,1247,0,NULL,'2023-10-22 21:44:43','2023-10-22 21:44:43',0,1,NULL,NULL,NULL),(95,'Colin','Aufderhar','But there seemed.',NULL,'else.schmeler@yahoo.com','$2y$12$F6tyovDq/9fcYCDGLdzREeLNQxrL8mpt1ggO2E0f1TSifxboJZQU.',188,'1974-07-16','+12133602943','2023-10-23 04:44:44',NULL,'employer',NULL,NULL,'314 Hilma Vista Suite 403\nMertzton, TX 98217','I can remember feeling a little pattering of feet on the twelfth?\' Alice went on, very much confused, \'I don\'t even know what to beautify is, I can\'t put it more clearly,\' Alice replied in an angry.',1,0,4301,1,NULL,'2023-10-22 21:44:44','2023-10-22 21:44:44',0,1,NULL,NULL,NULL),(96,'Pearline','Weimann','Duchess; \'and most.',NULL,'myra42@gmail.com','$2y$12$9IhcdmmWVRROnXKmDUzrrOxU7dm/g/uHa/r4tWcfxq7zNWKErrFUG',189,'2020-05-29','+15208014146','2023-10-23 04:44:44',NULL,'job-seeker',NULL,'resume/01.pdf','1242 Hirthe Meadow Suite 924\nPatrickview, TN 07346-0576','Alice asked. \'We called him a fish)--and rapped loudly at the stick, and held out its arms and frowning at the Queen, pointing to the door, and the Mock Turtle yet?\' \'No,\' said Alice. \'Come, let\'s.',1,0,345,0,NULL,'2023-10-22 21:44:44','2023-10-22 21:44:44',0,1,NULL,NULL,NULL),(97,'Katherine','O\'Reilly','First, she tried.',NULL,'simonis.saul@gmail.com','$2y$12$dsoxZOQX3zWc2qYctLOpkO.Egjq7tcur1cqRDmAny2nzcoeLGcCCu',187,'2023-10-08','+13852478360','2023-10-23 04:44:44',NULL,'employer',NULL,NULL,'1979 Spencer Mill Apt. 747\nPort Anjalihaven, MI 41989-4727','Alice heard the Queen\'s shrill cries to the puppy; whereupon the puppy made another snatch in the pool as it left no mark on the ground near the entrance of the court,\" and I shall only look up and.',1,0,3200,1,NULL,'2023-10-22 21:44:44','2023-10-22 21:44:44',0,1,NULL,NULL,NULL),(98,'Tessie','Stokes','Rabbit just under.',NULL,'harvey.mckayla@gmail.com','$2y$12$FjEZd7X2eb0vU43OoNyJiOj0QACVc5MZPO8sMyxmXbn.s4h7WMO2u',189,'2022-03-30','+17177282523','2023-10-23 04:44:45',NULL,'employer',NULL,NULL,'978 Vicenta Shoal Apt. 229\nPiperchester, FL 54581-3250','Queen: so she went on so long since she had not the right way of expressing yourself.\' The baby grunted again, so that it was certainly English. \'I don\'t quite understand you,\' she said, as politely.',1,0,3532,1,NULL,'2023-10-22 21:44:45','2023-10-22 21:44:45',1,1,NULL,NULL,NULL),(99,'Willy','Jast','Duchess; \'and most.',NULL,'stehr.wilhelmine@yahoo.com','$2y$12$3IyGLg5V6zm7xWewDk.6GOZMvvEZxoAcfDPZEST1Bts0GoyaFX0Sy',189,'1991-04-17','+18567616502','2023-10-23 04:44:45',NULL,'employer',NULL,NULL,'17775 Gislason Walk\nLake Lewis, KS 08647','It doesn\'t look like one, but the wise little Alice and all the things between whiles.\' \'Then you should say \"With what porpoise?\"\' \'Don\'t you mean \"purpose\"?\' said Alice. \'Why, you don\'t know one,\'.',1,0,542,1,NULL,'2023-10-22 21:44:45','2023-10-22 21:44:45',0,1,NULL,NULL,NULL),(100,'Francisca','Hegmann','March Hare, \'that.',NULL,'retta.nicolas@heller.com','$2y$12$tjF29qbIMab81Ta5ti3zo.wI7Af7eb5QRayc4kFX.AqMz37TsD3E6',187,'1973-03-19','+19286604403','2023-10-23 04:44:46',NULL,'job-seeker',NULL,'resume/01.pdf','27425 Mitchell Route\nBoganville, MA 22394-8285','THE KING AND QUEEN OF HEARTS. Alice was beginning to end,\' said the Rabbit in a Little Bill It was the BEST butter, you know.\' \'And what an ignorant little girl she\'ll think me for a minute or two.',1,0,2333,1,NULL,'2023-10-22 21:44:46','2023-10-22 21:44:46',0,1,NULL,NULL,NULL);
/*!40000 ALTER TABLE `jb_accounts` ENABLE KEYS */;
UNLOCK TABLES;

--
-- Table structure for table `jb_analytics`
--

DROP TABLE IF EXISTS `jb_analytics`;
/*!40101 SET @saved_cs_client     = @@character_set_client */;
/*!50503 SET character_set_client = utf8mb4 */;
CREATE TABLE `jb_analytics` (
  `id` bigint unsigned NOT NULL AUTO_INCREMENT,
  `job_id` bigint unsigned NOT NULL,
  `country` varchar(10) DEFAULT NULL,
  `country_full` varchar(50) DEFAULT NULL,
  `referer` varchar(300) DEFAULT NULL,
  `ip_address` varchar(300) NOT NULL,
  `created_at` timestamp NULL DEFAULT NULL,
  `updated_at` timestamp NULL DEFAULT NULL,
  PRIMARY KEY (`id`)
) ENGINE=InnoDB DEFAULT CHARSET=utf8mb4 COLLATE=utf8mb4_0900_ai_ci;
/*!40101 SET character_set_client = @saved_cs_client */;

--
-- Dumping data for table `jb_analytics`
--

LOCK TABLES `jb_analytics` WRITE;
/*!40000 ALTER TABLE `jb_analytics` DISABLE KEYS */;
/*!40000 ALTER TABLE `jb_analytics` ENABLE KEYS */;
UNLOCK TABLES;

--
-- Table structure for table `jb_applications`
--

DROP TABLE IF EXISTS `jb_applications`;
/*!40101 SET @saved_cs_client     = @@character_set_client */;
/*!50503 SET character_set_client = utf8mb4 */;
CREATE TABLE `jb_applications` (
  `id` bigint unsigned NOT NULL AUTO_INCREMENT,
  `first_name` varchar(120) DEFAULT NULL,
  `last_name` varchar(120) DEFAULT NULL,
  `phone` varchar(20) DEFAULT NULL,
  `email` varchar(60) NOT NULL,
  `message` text,
  `job_id` bigint unsigned NOT NULL,
  `resume` varchar(255) DEFAULT NULL,
  `cover_letter` varchar(255) DEFAULT NULL,
  `account_id` bigint unsigned DEFAULT NULL,
  `is_external_apply` tinyint(1) NOT NULL DEFAULT '0',
  `status` varchar(60) NOT NULL DEFAULT 'pending',
  `created_at` timestamp NULL DEFAULT NULL,
  `updated_at` timestamp NULL DEFAULT NULL,
  PRIMARY KEY (`id`)
) ENGINE=InnoDB AUTO_INCREMENT=21 DEFAULT CHARSET=utf8mb4 COLLATE=utf8mb4_0900_ai_ci;
/*!40101 SET character_set_client = @saved_cs_client */;

--
-- Dumping data for table `jb_applications`
--

LOCK TABLES `jb_applications` WRITE;
/*!40000 ALTER TABLE `jb_applications` DISABLE KEYS */;
INSERT INTO `jb_applications` VALUES (1,'Jordy','Little','+16287793745','trey22@upton.com','Alice took up the conversation a little. \'\'Tis so,\' said the Dormouse; \'--well in.\' This answer so confused poor Alice, \'to pretend to be trampled under its feet, ran round the court and got behind.',49,'resume/01.pdf','resume/01.pdf',28,0,'checked','2023-10-22 21:44:48','2023-10-22 21:44:48'),(2,'Cathryn','Brakus','+17435028854','hkautzer@yahoo.com','Improve his shining tail, And pour the waters of the hall: in fact she was near enough to drive one crazy!\' The Footman seemed to be treated with respect. \'Cheshire Puss,\' she began, rather timidly.',7,'resume/01.pdf','resume/01.pdf',52,1,'checked','2023-10-22 21:44:48','2023-10-22 21:44:48'),(3,'Arvilla','Borer','+14159506622','edwin27@ruecker.com','QUITE as much right,\' said the Mouse to tell you--all I know all sorts of little pebbles came rattling in at the window, and on it in the window, she suddenly spread out her hand in her hands, and.',11,'resume/01.pdf','resume/01.pdf',17,1,'checked','2023-10-22 21:44:48','2023-10-22 21:44:48'),(4,'Jerrod','Powlowski','+17325139401','rosalyn70@gmail.com','Gryphon went on growing, and, as they lay sprawling about, reminding her very much at first, the two sides of it, and behind it, it occurred to her in the air. She did not look at all comfortable.',3,'resume/01.pdf','resume/01.pdf',74,0,'checked','2023-10-22 21:44:48','2023-10-22 21:44:48'),(5,'Joey','Bartoletti','+18054092371','dangelo.bruen@kirlin.com','I BEG your pardon!\' she exclaimed in a natural way again. \'I should have liked teaching it tricks very much, if--if I\'d only been the whiting,\' said Alice, in a pleased tone. \'Pray don\'t trouble.',26,'resume/01.pdf','resume/01.pdf',89,1,'checked','2023-10-22 21:44:48','2023-10-22 21:44:48'),(6,'Malika','Jerde','+13602905256','wcrist@yahoo.com','YET,\' she said to herself how this same little sister of hers would, in the pool as it is.\' \'Then you keep moving round, I suppose?\' \'Yes,\' said Alice thoughtfully: \'but then--I shouldn\'t be hungry.',32,'resume/01.pdf','resume/01.pdf',35,1,'checked','2023-10-22 21:44:48','2023-10-22 21:44:48'),(7,'Zack','Dickens','+19403845476','kerluke.kennedi@hotmail.com','If I or she fell past it. \'Well!\' thought Alice \'without pictures or conversations?\' So she began thinking over other children she knew, who might do very well without--Maybe it\'s always pepper that.',34,'resume/01.pdf','resume/01.pdf',73,0,'checked','2023-10-22 21:44:48','2023-10-22 21:44:48'),(8,'Matilda','Kub','+13646861486','karson.marks@von.com','Queen had never had to sing this:-- \'Beautiful Soup, so rich and green, Waiting in a whisper.) \'That would be offended again. \'Mine is a very poor speaker,\' said the Mock Turtle at last, and they.',16,'resume/01.pdf','resume/01.pdf',85,0,'checked','2023-10-22 21:44:48','2023-10-22 21:44:48'),(9,'Faustino','Gusikowski','+17724942712','blubowitz@hotmail.com','Then the Queen in a whisper.) \'That would be grand, certainly,\' said Alice to herself, in a great crash, as if he wasn\'t one?\' Alice asked. \'We called him a fish)--and rapped loudly at the Mouse\'s.',10,'resume/01.pdf','resume/01.pdf',13,0,'checked','2023-10-22 21:44:48','2023-10-22 21:44:48'),(10,'Sister','Wyman','+12404460613','wpouros@yahoo.com','CHAPTER VI. Pig and Pepper For a minute or two, which gave the Pigeon went on, very much confused, \'I don\'t believe you do lessons?\' said Alice, very earnestly. \'I\'ve had nothing yet,\' Alice replied.',25,'resume/01.pdf','resume/01.pdf',50,0,'checked','2023-10-22 21:44:48','2023-10-22 21:44:48'),(11,'Bo','Harber','+15639639216','pfannerstill.landen@gmail.com','Hatter. \'Stolen!\' the King said, with a large fan in the schoolroom, and though this was his first remark, \'It was much pleasanter at home,\' thought poor Alice, that she had accidentally upset the.',8,'resume/01.pdf','resume/01.pdf',55,0,'checked','2023-10-22 21:44:48','2023-10-22 21:44:48'),(12,'Linda','Leffler','+18188791524','lkassulke@gmail.com','Alice replied eagerly, for she was to eat some of them even when they hit her; and when she next peeped out the answer to shillings and pence. \'Take off your hat,\' the King had said that day. \'No.',19,'resume/01.pdf','resume/01.pdf',22,1,'checked','2023-10-22 21:44:48','2023-10-22 21:44:48'),(13,'Sister','Harris','+13312003475','ephraim39@hilpert.biz','I say,\' the Mock Turtle, who looked at each other for some time in silence: at last she stretched her arms folded, frowning like a snout than a real Turtle.\' These words were followed by a row of.',41,'resume/01.pdf','resume/01.pdf',9,0,'checked','2023-10-22 21:44:48','2023-10-22 21:44:48'),(14,'Jude','Nolan','+13344614892','upton.jennyfer@hane.biz','IS the fun?\' said Alice. \'You are,\' said the Caterpillar took the regular course.\' \'What was THAT like?\' said Alice. \'I\'m glad they\'ve begun asking riddles.--I believe I can reach the key; and if.',2,'resume/01.pdf','resume/01.pdf',23,1,'checked','2023-10-22 21:44:48','2023-10-22 21:44:48'),(15,'Hilton','Walter','+18652862430','ncassin@yahoo.com','King. Here one of the shelves as she spoke; \'either you or your head must be the right way of expressing yourself.\' The baby grunted again, so violently, that she still held the pieces of mushroom.',22,'resume/01.pdf','resume/01.pdf',18,1,'checked','2023-10-22 21:44:48','2023-10-22 21:44:48'),(16,'Pattie','Stamm','+13523915537','hudson.jade@gmail.com','So she set off at once: one old Magpie began wrapping itself up and ran till she heard one of the room again, no wonder she felt sure she would have called him a fish)--and rapped loudly at the.',33,'resume/01.pdf','resume/01.pdf',79,1,'checked','2023-10-22 21:44:48','2023-10-22 21:44:48'),(17,'Nash','Romaguera','+15749629227','dibbert.bridie@gmail.com','Cat, as soon as she could. \'The game\'s going on between the executioner, the King, the Queen, and in his confusion he bit a large rabbit-hole under the window, I only wish they COULD! I\'m sure _I_.',47,'resume/01.pdf','resume/01.pdf',87,0,'checked','2023-10-22 21:44:48','2023-10-22 21:44:48'),(18,'Audra','Crona','+14755251094','flowe@rodriguez.com','March Hare said in a natural way. \'I thought it had entirely disappeared; so the King had said that day. \'That PROVES his guilt,\' said the White Rabbit, \'and that\'s the queerest thing about it.\'.',50,'resume/01.pdf','resume/01.pdf',31,1,'checked','2023-10-22 21:44:48','2023-10-22 21:44:48'),(19,'Margret','McCullough','+17035987474','shad85@yahoo.com','So they had at the proposal. \'Then the eleventh day must have been ill.\' \'So they were,\' said the White Rabbit returning, splendidly dressed, with a knife, it usually bleeds; and she went on. \'I.',13,'resume/01.pdf','resume/01.pdf',66,1,'checked','2023-10-22 21:44:48','2023-10-22 21:44:48'),(20,'Francisca','Hegmann','+19286604403','retta.nicolas@heller.com','The door led right into it. \'That\'s very curious.\' \'It\'s all her coaxing. Hardly knowing what she was appealed to by all three to settle the question, and they sat down and cried. \'Come, there\'s.',4,'resume/01.pdf','resume/01.pdf',100,1,'checked','2023-10-22 21:44:48','2023-10-22 21:44:48');
/*!40000 ALTER TABLE `jb_applications` ENABLE KEYS */;
UNLOCK TABLES;

--
-- Table structure for table `jb_career_levels`
--

DROP TABLE IF EXISTS `jb_career_levels`;
/*!40101 SET @saved_cs_client     = @@character_set_client */;
/*!50503 SET character_set_client = utf8mb4 */;
CREATE TABLE `jb_career_levels` (
  `id` bigint unsigned NOT NULL AUTO_INCREMENT,
  `name` varchar(120) NOT NULL,
  `order` tinyint NOT NULL DEFAULT '0',
  `is_default` tinyint unsigned NOT NULL DEFAULT '0',
  `status` varchar(60) NOT NULL DEFAULT 'published',
  `created_at` timestamp NULL DEFAULT NULL,
  `updated_at` timestamp NULL DEFAULT NULL,
  PRIMARY KEY (`id`)
) ENGINE=InnoDB AUTO_INCREMENT=6 DEFAULT CHARSET=utf8mb4 COLLATE=utf8mb4_0900_ai_ci;
/*!40101 SET character_set_client = @saved_cs_client */;

--
-- Dumping data for table `jb_career_levels`
--

LOCK TABLES `jb_career_levels` WRITE;
/*!40000 ALTER TABLE `jb_career_levels` DISABLE KEYS */;
INSERT INTO `jb_career_levels` VALUES (1,'Department Head',0,0,'published','2023-10-22 21:44:12','2023-10-22 21:44:12'),(2,'Entry Level',0,0,'published','2023-10-22 21:44:12','2023-10-22 21:44:12'),(3,'Experienced Professional',0,0,'published','2023-10-22 21:44:12','2023-10-22 21:44:12'),(4,'GM / CEO / Country Head / President',0,0,'published','2023-10-22 21:44:12','2023-10-22 21:44:12'),(5,'Intern/Student',0,0,'published','2023-10-22 21:44:12','2023-10-22 21:44:12');
/*!40000 ALTER TABLE `jb_career_levels` ENABLE KEYS */;
UNLOCK TABLES;

--
-- Table structure for table `jb_career_levels_translations`
--

DROP TABLE IF EXISTS `jb_career_levels_translations`;
/*!40101 SET @saved_cs_client     = @@character_set_client */;
/*!50503 SET character_set_client = utf8mb4 */;
CREATE TABLE `jb_career_levels_translations` (
  `lang_code` varchar(191) NOT NULL,
  `jb_career_levels_id` bigint unsigned NOT NULL,
  `name` varchar(255) DEFAULT NULL,
  PRIMARY KEY (`lang_code`,`jb_career_levels_id`)
) ENGINE=InnoDB DEFAULT CHARSET=utf8mb4 COLLATE=utf8mb4_0900_ai_ci;
/*!40101 SET character_set_client = @saved_cs_client */;

--
-- Dumping data for table `jb_career_levels_translations`
--

LOCK TABLES `jb_career_levels_translations` WRITE;
/*!40000 ALTER TABLE `jb_career_levels_translations` DISABLE KEYS */;
/*!40000 ALTER TABLE `jb_career_levels_translations` ENABLE KEYS */;
UNLOCK TABLES;

--
-- Table structure for table `jb_categories`
--

DROP TABLE IF EXISTS `jb_categories`;
/*!40101 SET @saved_cs_client     = @@character_set_client */;
/*!50503 SET character_set_client = utf8mb4 */;
CREATE TABLE `jb_categories` (
  `id` bigint unsigned NOT NULL AUTO_INCREMENT,
  `name` varchar(120) NOT NULL,
  `description` varchar(400) DEFAULT NULL,
  `order` tinyint NOT NULL DEFAULT '0',
  `is_default` tinyint unsigned NOT NULL DEFAULT '0',
  `is_featured` tinyint NOT NULL DEFAULT '0',
  `status` varchar(60) NOT NULL DEFAULT 'published',
  `created_at` timestamp NULL DEFAULT NULL,
  `updated_at` timestamp NULL DEFAULT NULL,
  `parent_id` bigint unsigned NOT NULL DEFAULT '0',
  PRIMARY KEY (`id`)
) ENGINE=InnoDB AUTO_INCREMENT=11 DEFAULT CHARSET=utf8mb4 COLLATE=utf8mb4_0900_ai_ci;
/*!40101 SET character_set_client = @saved_cs_client */;

--
-- Dumping data for table `jb_categories`
--

LOCK TABLES `jb_categories` WRITE;
/*!40000 ALTER TABLE `jb_categories` DISABLE KEYS */;
INSERT INTO `jb_categories` VALUES (1,'Content Writer',NULL,0,0,1,'published','2023-10-22 21:44:15','2023-10-22 21:44:15',0),(2,'Market Research',NULL,1,0,1,'published','2023-10-22 21:44:15','2023-10-22 21:44:15',0),(3,'Marketing &amp; Sale',NULL,2,0,1,'published','2023-10-22 21:44:15','2023-10-22 21:44:15',0),(4,'Customer Help',NULL,3,0,1,'published','2023-10-22 21:44:15','2023-10-22 21:44:15',0),(5,'Finance',NULL,4,0,1,'published','2023-10-22 21:44:15','2023-10-22 21:44:15',0),(6,'Software',NULL,5,0,1,'published','2023-10-22 21:44:15','2023-10-22 21:44:15',0),(7,'Human Resource',NULL,6,0,1,'published','2023-10-22 21:44:15','2023-10-22 21:44:15',0),(8,'Management',NULL,7,0,1,'published','2023-10-22 21:44:15','2023-10-22 21:44:15',0),(9,'Retail &amp; Products',NULL,8,0,0,'published','2023-10-22 21:44:15','2023-10-22 21:44:15',0),(10,'Security Analyst',NULL,9,0,0,'published','2023-10-22 21:44:15','2023-10-22 21:44:15',0);
/*!40000 ALTER TABLE `jb_categories` ENABLE KEYS */;
UNLOCK TABLES;

--
-- Table structure for table `jb_categories_translations`
--

DROP TABLE IF EXISTS `jb_categories_translations`;
/*!40101 SET @saved_cs_client     = @@character_set_client */;
/*!50503 SET character_set_client = utf8mb4 */;
CREATE TABLE `jb_categories_translations` (
  `lang_code` varchar(191) NOT NULL,
  `jb_categories_id` bigint unsigned NOT NULL,
  `name` varchar(255) DEFAULT NULL,
  `description` varchar(400) DEFAULT NULL,
  PRIMARY KEY (`lang_code`,`jb_categories_id`)
) ENGINE=InnoDB DEFAULT CHARSET=utf8mb4 COLLATE=utf8mb4_0900_ai_ci;
/*!40101 SET character_set_client = @saved_cs_client */;

--
-- Dumping data for table `jb_categories_translations`
--

LOCK TABLES `jb_categories_translations` WRITE;
/*!40000 ALTER TABLE `jb_categories_translations` DISABLE KEYS */;
/*!40000 ALTER TABLE `jb_categories_translations` ENABLE KEYS */;
UNLOCK TABLES;

--
-- Table structure for table `jb_companies`
--

DROP TABLE IF EXISTS `jb_companies`;
/*!40101 SET @saved_cs_client     = @@character_set_client */;
/*!50503 SET character_set_client = utf8mb4 */;
CREATE TABLE `jb_companies` (
  `id` bigint unsigned NOT NULL AUTO_INCREMENT,
  `name` varchar(120) DEFAULT NULL,
  `email` varchar(60) DEFAULT NULL,
  `description` varchar(400) DEFAULT NULL,
  `content` mediumtext,
  `website` varchar(120) DEFAULT NULL,
  `logo` varchar(120) DEFAULT NULL,
  `latitude` varchar(25) DEFAULT NULL,
  `longitude` varchar(25) DEFAULT NULL,
  `address` varchar(250) DEFAULT NULL,
  `country_id` bigint unsigned DEFAULT '1',
  `state_id` bigint unsigned DEFAULT NULL,
  `city_id` bigint unsigned DEFAULT NULL,
  `postal_code` varchar(30) DEFAULT NULL,
  `phone` varchar(30) DEFAULT NULL,
  `year_founded` int unsigned DEFAULT NULL,
  `ceo` varchar(120) DEFAULT NULL,
  `number_of_offices` int unsigned DEFAULT NULL,
  `number_of_employees` varchar(60) DEFAULT NULL,
  `annual_revenue` varchar(60) DEFAULT NULL,
  `cover_image` varchar(120) DEFAULT NULL,
  `facebook` varchar(255) DEFAULT NULL,
  `twitter` varchar(255) DEFAULT NULL,
  `linkedin` varchar(255) DEFAULT NULL,
  `instagram` varchar(255) DEFAULT NULL,
  `is_featured` tinyint NOT NULL DEFAULT '0',
  `status` varchar(60) NOT NULL DEFAULT 'published',
  `views` bigint unsigned NOT NULL DEFAULT '0',
  `created_at` timestamp NULL DEFAULT NULL,
  `updated_at` timestamp NULL DEFAULT NULL,
  PRIMARY KEY (`id`)
) ENGINE=InnoDB AUTO_INCREMENT=21 DEFAULT CHARSET=utf8mb4 COLLATE=utf8mb4_0900_ai_ci;
/*!40101 SET character_set_client = @saved_cs_client */;

--
-- Dumping data for table `jb_companies`
--

LOCK TABLES `jb_companies` WRITE;
/*!40000 ALTER TABLE `jb_companies` DISABLE KEYS */;
INSERT INTO `jb_companies` VALUES (1,'LinkedIn',NULL,'Officia reiciendis blanditiis deserunt aut eum ipsum. Recusandae sed consequatur eaque et vel soluta quam qui. Eos quisquam delectus assumenda accusamus ut molestias.','<p class=\"text-muted\"> Objectively pursue diverse catalysts for change for interoperable meta-services. Distinctively re-engineer\n                revolutionary meta-services and premium architectures. Intrinsically incubate intuitive opportunities and\n                real-time potentialities. Appropriately communicate one-to-one technology.</p>\n\n            <p class=\"text-muted\">Intrinsically incubate intuitive opportunities and real-time potentialities Appropriately communicate\n                one-to-one technology.</p>\n\n            <p class=\"text-muted\"> Exercitation photo booth stumptown tote bag Banksy, elit small batch freegan sed. Craft beer elit\n                seitan exercitation, photo booth et 8-bit kale chips proident chillwave deep v laborum. Aliquip veniam delectus, Marfa\n                eiusmod Pinterest in do umami readymade swag.</p>','https://www.linkedin.com/','companies/1.png','43.037748','-76.266912','404 Orn Prairie Apt. 547\nSengerberg, HI 75134-8973',5,5,5,NULL,'+12012772733',1987,'John Doe',5,'6','1M',NULL,NULL,NULL,NULL,NULL,1,'published',0,'2023-10-22 21:44:16','2023-10-22 21:44:16'),(2,'Adobe Illustrator',NULL,'Ut debitis non voluptas sit sed aut saepe. Molestias quod autem at fuga aut labore voluptatem. Neque recusandae dolor itaque ut. Hic alias nemo aliquid.','<p class=\"text-muted\"> Objectively pursue diverse catalysts for change for interoperable meta-services. Distinctively re-engineer\n                revolutionary meta-services and premium architectures. Intrinsically incubate intuitive opportunities and\n                real-time potentialities. Appropriately communicate one-to-one technology.</p>\n\n            <p class=\"text-muted\">Intrinsically incubate intuitive opportunities and real-time potentialities Appropriately communicate\n                one-to-one technology.</p>\n\n            <p class=\"text-muted\"> Exercitation photo booth stumptown tote bag Banksy, elit small batch freegan sed. Craft beer elit\n                seitan exercitation, photo booth et 8-bit kale chips proident chillwave deep v laborum. Aliquip veniam delectus, Marfa\n                eiusmod Pinterest in do umami readymade swag.</p>','https://www.adobe.com/','companies/2.png','43.364542','-76.604124','8621 Wolff Trail\nNorth Hattieport, ND 31322-5591',5,5,5,NULL,'+16108854311',1975,'Jeff Werner',10,'6','8M',NULL,NULL,NULL,NULL,NULL,1,'published',0,'2023-10-22 21:44:16','2023-10-22 21:44:16'),(3,'Bing Search',NULL,'Architecto nobis voluptas sed quis maiores. Quis ipsam ea perspiciatis sint quia. Sit in cumque distinctio.','<p class=\"text-muted\"> Objectively pursue diverse catalysts for change for interoperable meta-services. Distinctively re-engineer\n                revolutionary meta-services and premium architectures. Intrinsically incubate intuitive opportunities and\n                real-time potentialities. Appropriately communicate one-to-one technology.</p>\n\n            <p class=\"text-muted\">Intrinsically incubate intuitive opportunities and real-time potentialities Appropriately communicate\n                one-to-one technology.</p>\n\n            <p class=\"text-muted\"> Exercitation photo booth stumptown tote bag Banksy, elit small batch freegan sed. Craft beer elit\n                seitan exercitation, photo booth et 8-bit kale chips proident chillwave deep v laborum. Aliquip veniam delectus, Marfa\n                eiusmod Pinterest in do umami readymade swag.</p>','https://www.bing.com/','companies/3.png','42.800595','-75.024962','309 O\'Hara Flat Suite 642\nSouth Alverta, VA 03613-2086',1,1,1,NULL,'+17605905969',1972,'Nakamura',5,'3','9M',NULL,NULL,NULL,NULL,NULL,1,'published',0,'2023-10-22 21:44:16','2023-10-22 21:44:16'),(4,'Dailymotion',NULL,'Officiis atque id dolor nesciunt. Molestias corrupti recusandae omnis quos hic beatae.','<p class=\"text-muted\"> Objectively pursue diverse catalysts for change for interoperable meta-services. Distinctively re-engineer\n                revolutionary meta-services and premium architectures. Intrinsically incubate intuitive opportunities and\n                real-time potentialities. Appropriately communicate one-to-one technology.</p>\n\n            <p class=\"text-muted\">Intrinsically incubate intuitive opportunities and real-time potentialities Appropriately communicate\n                one-to-one technology.</p>\n\n            <p class=\"text-muted\"> Exercitation photo booth stumptown tote bag Banksy, elit small batch freegan sed. Craft beer elit\n                seitan exercitation, photo booth et 8-bit kale chips proident chillwave deep v laborum. Aliquip veniam delectus, Marfa\n                eiusmod Pinterest in do umami readymade swag.</p>','https://www.dailymotion.com/','companies/4.png','43.265922','-75.149418','4335 Braeden Cliffs Suite 753\nMervinhaven, ID 29921',1,1,1,NULL,'+15418725664',2020,'John Doe',3,'3','7M',NULL,NULL,NULL,NULL,NULL,1,'published',0,'2023-10-22 21:44:16','2023-10-22 21:44:16'),(5,'Linkedin',NULL,'Neque itaque quo quaerat ut inventore numquam libero ad. Corrupti ut et aut sapiente. Qui sit minus dolorum dolorem. Voluptatibus accusamus assumenda vel facilis pariatur magnam.','<p class=\"text-muted\"> Objectively pursue diverse catalysts for change for interoperable meta-services. Distinctively re-engineer\n                revolutionary meta-services and premium architectures. Intrinsically incubate intuitive opportunities and\n                real-time potentialities. Appropriately communicate one-to-one technology.</p>\n\n            <p class=\"text-muted\">Intrinsically incubate intuitive opportunities and real-time potentialities Appropriately communicate\n                one-to-one technology.</p>\n\n            <p class=\"text-muted\"> Exercitation photo booth stumptown tote bag Banksy, elit small batch freegan sed. Craft beer elit\n                seitan exercitation, photo booth et 8-bit kale chips proident chillwave deep v laborum. Aliquip veniam delectus, Marfa\n                eiusmod Pinterest in do umami readymade swag.</p>','https://www.linkedin.com/','companies/5.png','42.72121','-75.357078','8425 Marina Estate\nNew Bill, NE 04004-3763',1,1,1,NULL,'+18659073690',1981,'John Doe',7,'3','3M',NULL,NULL,NULL,NULL,NULL,1,'published',0,'2023-10-22 21:44:16','2023-10-22 21:44:16'),(6,'Quora JSC',NULL,'Sit tempore possimus id possimus rerum. Sit eligendi est quasi. Nisi et occaecati id voluptatum et exercitationem. Est voluptatem nam harum velit quis. Ut maiores corrupti consequatur quo numquam.','<p class=\"text-muted\"> Objectively pursue diverse catalysts for change for interoperable meta-services. Distinctively re-engineer\n                revolutionary meta-services and premium architectures. Intrinsically incubate intuitive opportunities and\n                real-time potentialities. Appropriately communicate one-to-one technology.</p>\n\n            <p class=\"text-muted\">Intrinsically incubate intuitive opportunities and real-time potentialities Appropriately communicate\n                one-to-one technology.</p>\n\n            <p class=\"text-muted\"> Exercitation photo booth stumptown tote bag Banksy, elit small batch freegan sed. Craft beer elit\n                seitan exercitation, photo booth et 8-bit kale chips proident chillwave deep v laborum. Aliquip veniam delectus, Marfa\n                eiusmod Pinterest in do umami readymade swag.</p>','https://www.quora.com/','companies/6.png','42.965482','-74.892942','38574 Morar Cove Suite 109\nHuelfort, MT 28180',5,5,5,NULL,'+15204974023',2015,'John Doe',3,'4','9M',NULL,NULL,NULL,NULL,NULL,1,'published',0,'2023-10-22 21:44:16','2023-10-22 21:44:16'),(7,'Nintendo',NULL,'Reprehenderit aut similique quo voluptatem. Suscipit aut ipsam ut et. Non dolor molestiae in officia labore nostrum porro.','<p class=\"text-muted\"> Objectively pursue diverse catalysts for change for interoperable meta-services. Distinctively re-engineer\n                revolutionary meta-services and premium architectures. Intrinsically incubate intuitive opportunities and\n                real-time potentialities. Appropriately communicate one-to-one technology.</p>\n\n            <p class=\"text-muted\">Intrinsically incubate intuitive opportunities and real-time potentialities Appropriately communicate\n                one-to-one technology.</p>\n\n            <p class=\"text-muted\"> Exercitation photo booth stumptown tote bag Banksy, elit small batch freegan sed. Craft beer elit\n                seitan exercitation, photo booth et 8-bit kale chips proident chillwave deep v laborum. Aliquip veniam delectus, Marfa\n                eiusmod Pinterest in do umami readymade swag.</p>','https://www.nintendo.com/','companies/7.png','43.769657','-75.969495','8511 Colin Dale\nChanelmouth, WY 10738',4,4,4,NULL,'+14087711963',1988,'Steve Jobs',10,'10','2M',NULL,NULL,NULL,NULL,NULL,1,'published',0,'2023-10-22 21:44:16','2023-10-22 21:44:16'),(8,'Periscope',NULL,'Rerum et praesentium nesciunt odio. Numquam est adipisci nobis. Eveniet deleniti blanditiis voluptatem iusto eum non ut qui. Veniam vero consequatur voluptates sunt nam dolores.','<p class=\"text-muted\"> Objectively pursue diverse catalysts for change for interoperable meta-services. Distinctively re-engineer\n                revolutionary meta-services and premium architectures. Intrinsically incubate intuitive opportunities and\n                real-time potentialities. Appropriately communicate one-to-one technology.</p>\n\n            <p class=\"text-muted\">Intrinsically incubate intuitive opportunities and real-time potentialities Appropriately communicate\n                one-to-one technology.</p>\n\n            <p class=\"text-muted\"> Exercitation photo booth stumptown tote bag Banksy, elit small batch freegan sed. Craft beer elit\n                seitan exercitation, photo booth et 8-bit kale chips proident chillwave deep v laborum. Aliquip veniam delectus, Marfa\n                eiusmod Pinterest in do umami readymade swag.</p>','https://www.pscp.tv/','companies/8.png','43.103061','-75.149102','320 Balistreri Freeway Apt. 539\nSouth Leoneport, CO 50877',3,3,3,NULL,'+15852809995',2011,'John Doe',7,'2','4M',NULL,NULL,NULL,NULL,NULL,1,'published',0,'2023-10-22 21:44:16','2023-10-22 21:44:16'),(9,'NewSum',NULL,'Aperiam ut at et inventore aut. Est qui quia et cum corrupti sint voluptatem. Ipsum dolorem voluptas minus sint hic.','<p class=\"text-muted\"> Objectively pursue diverse catalysts for change for interoperable meta-services. Distinctively re-engineer\n                revolutionary meta-services and premium architectures. Intrinsically incubate intuitive opportunities and\n                real-time potentialities. Appropriately communicate one-to-one technology.</p>\n\n            <p class=\"text-muted\">Intrinsically incubate intuitive opportunities and real-time potentialities Appropriately communicate\n                one-to-one technology.</p>\n\n            <p class=\"text-muted\"> Exercitation photo booth stumptown tote bag Banksy, elit small batch freegan sed. Craft beer elit\n                seitan exercitation, photo booth et 8-bit kale chips proident chillwave deep v laborum. Aliquip veniam delectus, Marfa\n                eiusmod Pinterest in do umami readymade swag.</p>','https://newsum.us/','companies/4.png','43.082965','-76.170266','819 Gibson Mountain\nNew Jaquelinland, NM 25163',2,2,2,NULL,'+19525643956',2018,'John Doe',8,'5','8M',NULL,NULL,NULL,NULL,NULL,1,'published',0,'2023-10-22 21:44:16','2023-10-22 21:44:16'),(10,'PowerHome',NULL,'Esse minima ut dolore. Eos est molestias quam aspernatur. Et dolor aperiam ea consequatur.','<p class=\"text-muted\"> Objectively pursue diverse catalysts for change for interoperable meta-services. Distinctively re-engineer\n                revolutionary meta-services and premium architectures. Intrinsically incubate intuitive opportunities and\n                real-time potentialities. Appropriately communicate one-to-one technology.</p>\n\n            <p class=\"text-muted\">Intrinsically incubate intuitive opportunities and real-time potentialities Appropriately communicate\n                one-to-one technology.</p>\n\n            <p class=\"text-muted\"> Exercitation photo booth stumptown tote bag Banksy, elit small batch freegan sed. Craft beer elit\n                seitan exercitation, photo booth et 8-bit kale chips proident chillwave deep v laborum. Aliquip veniam delectus, Marfa\n                eiusmod Pinterest in do umami readymade swag.</p>','https://www.pscp.tv/','companies/5.png','43.6735','-76.421932','9533 Toni Ridge Apt. 962\nKadenchester, OR 41222',6,6,6,NULL,'+16107098942',1994,'John Doe',3,'9','3M',NULL,NULL,NULL,NULL,NULL,1,'published',0,'2023-10-22 21:44:16','2023-10-22 21:44:16'),(11,'Whop.com',NULL,'Magnam recusandae accusantium debitis quo cumque. Reiciendis laborum modi deleniti. Nihil praesentium doloremque consequatur dolor quia vero rerum.','<p class=\"text-muted\"> Objectively pursue diverse catalysts for change for interoperable meta-services. Distinctively re-engineer\n                revolutionary meta-services and premium architectures. Intrinsically incubate intuitive opportunities and\n                real-time potentialities. Appropriately communicate one-to-one technology.</p>\n\n            <p class=\"text-muted\">Intrinsically incubate intuitive opportunities and real-time potentialities Appropriately communicate\n                one-to-one technology.</p>\n\n            <p class=\"text-muted\"> Exercitation photo booth stumptown tote bag Banksy, elit small batch freegan sed. Craft beer elit\n                seitan exercitation, photo booth et 8-bit kale chips proident chillwave deep v laborum. Aliquip veniam delectus, Marfa\n                eiusmod Pinterest in do umami readymade swag.</p>','https://whop.com/','companies/6.png','43.756832','-75.868832','6370 Jayde Estate\nPricechester, MO 26704-4765',1,1,1,NULL,'+17706658782',1990,'John Doe',7,'8','3M',NULL,NULL,NULL,NULL,NULL,1,'published',0,'2023-10-22 21:44:16','2023-10-22 21:44:16'),(12,'Greenwood',NULL,'Magni autem dignissimos quia in placeat omnis neque. Assumenda quaerat voluptatum ut libero omnis cupiditate eligendi saepe. Veniam aspernatur numquam similique quam et illo.','<p class=\"text-muted\"> Objectively pursue diverse catalysts for change for interoperable meta-services. Distinctively re-engineer\n                revolutionary meta-services and premium architectures. Intrinsically incubate intuitive opportunities and\n                real-time potentialities. Appropriately communicate one-to-one technology.</p>\n\n            <p class=\"text-muted\">Intrinsically incubate intuitive opportunities and real-time potentialities Appropriately communicate\n                one-to-one technology.</p>\n\n            <p class=\"text-muted\"> Exercitation photo booth stumptown tote bag Banksy, elit small batch freegan sed. Craft beer elit\n                seitan exercitation, photo booth et 8-bit kale chips proident chillwave deep v laborum. Aliquip veniam delectus, Marfa\n                eiusmod Pinterest in do umami readymade swag.</p>','https://www.greenwoodjs.io/','companies/7.png','43.553537','-75.237179','1093 Koss Isle\nLake Joetown, MA 62506-1666',6,6,6,NULL,'+15859664950',2009,'John Doe',1,'6','9M',NULL,NULL,NULL,NULL,NULL,1,'published',0,'2023-10-22 21:44:16','2023-10-22 21:44:16'),(13,'Kentucky',NULL,'Aspernatur fuga beatae delectus ratione consectetur. Omnis blanditiis et praesentium qui eius. Eos debitis sunt expedita dolor. Nihil est in cupiditate culpa ut.','<p class=\"text-muted\"> Objectively pursue diverse catalysts for change for interoperable meta-services. Distinctively re-engineer\n                revolutionary meta-services and premium architectures. Intrinsically incubate intuitive opportunities and\n                real-time potentialities. Appropriately communicate one-to-one technology.</p>\n\n            <p class=\"text-muted\">Intrinsically incubate intuitive opportunities and real-time potentialities Appropriately communicate\n                one-to-one technology.</p>\n\n            <p class=\"text-muted\"> Exercitation photo booth stumptown tote bag Banksy, elit small batch freegan sed. Craft beer elit\n                seitan exercitation, photo booth et 8-bit kale chips proident chillwave deep v laborum. Aliquip veniam delectus, Marfa\n                eiusmod Pinterest in do umami readymade swag.</p>','https://www.kentucky.gov/','companies/8.png','42.596261','-76.637396','503 Cecelia Coves Apt. 573\nEast Theodoreburgh, TN 80073-5378',1,1,1,NULL,'+15203748247',1988,'John Doe',5,'3','4M',NULL,NULL,NULL,NULL,NULL,1,'published',0,'2023-10-22 21:44:16','2023-10-22 21:44:16'),(14,'Equity',NULL,'Aut ut et voluptas. Ea ad quod impedit amet dolore. Voluptatibus voluptates blanditiis ad labore.','<p class=\"text-muted\"> Objectively pursue diverse catalysts for change for interoperable meta-services. Distinctively re-engineer\n                revolutionary meta-services and premium architectures. Intrinsically incubate intuitive opportunities and\n                real-time potentialities. Appropriately communicate one-to-one technology.</p>\n\n            <p class=\"text-muted\">Intrinsically incubate intuitive opportunities and real-time potentialities Appropriately communicate\n                one-to-one technology.</p>\n\n            <p class=\"text-muted\"> Exercitation photo booth stumptown tote bag Banksy, elit small batch freegan sed. Craft beer elit\n                seitan exercitation, photo booth et 8-bit kale chips proident chillwave deep v laborum. Aliquip veniam delectus, Marfa\n                eiusmod Pinterest in do umami readymade swag.</p>','https://www.equity.org.uk/','companies/6.png','43.364463','-75.722715','6158 Reichel Groves Suite 728\nTressamouth, KY 20025',4,4,4,NULL,'+12058932213',2004,'John Doe',5,'6','6M',NULL,NULL,NULL,NULL,NULL,1,'published',0,'2023-10-22 21:44:16','2023-10-22 21:44:16'),(15,'Honda',NULL,'Architecto harum vel earum rem excepturi blanditiis. Ratione aspernatur culpa qui accusantium provident nemo id ex. Ipsa dicta accusamus quia doloremque. Praesentium rerum sint dolor rerum assumenda.','<p class=\"text-muted\"> Objectively pursue diverse catalysts for change for interoperable meta-services. Distinctively re-engineer\n                revolutionary meta-services and premium architectures. Intrinsically incubate intuitive opportunities and\n                real-time potentialities. Appropriately communicate one-to-one technology.</p>\n\n            <p class=\"text-muted\">Intrinsically incubate intuitive opportunities and real-time potentialities Appropriately communicate\n                one-to-one technology.</p>\n\n            <p class=\"text-muted\"> Exercitation photo booth stumptown tote bag Banksy, elit small batch freegan sed. Craft beer elit\n                seitan exercitation, photo booth et 8-bit kale chips proident chillwave deep v laborum. Aliquip veniam delectus, Marfa\n                eiusmod Pinterest in do umami readymade swag.</p>','https://www.honda.com/','companies/9.png','43.289393','-76.275974','16883 Kuphal Land Apt. 637\nNorth Kris, MO 03722-3721',5,5,5,NULL,'+19137559666',2015,'John Doe',10,'3','3M',NULL,NULL,NULL,NULL,NULL,1,'published',0,'2023-10-22 21:44:16','2023-10-22 21:44:16'),(16,'Toyota',NULL,'Fugit id ab repudiandae error possimus adipisci iste. Consequuntur hic facilis et cupiditate labore quod labore. Blanditiis mollitia eligendi dolor voluptas neque itaque et quos.','<p class=\"text-muted\"> Objectively pursue diverse catalysts for change for interoperable meta-services. Distinctively re-engineer\n                revolutionary meta-services and premium architectures. Intrinsically incubate intuitive opportunities and\n                real-time potentialities. Appropriately communicate one-to-one technology.</p>\n\n            <p class=\"text-muted\">Intrinsically incubate intuitive opportunities and real-time potentialities Appropriately communicate\n                one-to-one technology.</p>\n\n            <p class=\"text-muted\"> Exercitation photo booth stumptown tote bag Banksy, elit small batch freegan sed. Craft beer elit\n                seitan exercitation, photo booth et 8-bit kale chips proident chillwave deep v laborum. Aliquip veniam delectus, Marfa\n                eiusmod Pinterest in do umami readymade swag.</p>','https://www.toyota.com/','companies/5.png','42.996244','-74.794998','9079 Olaf Stravenue Suite 105\nEast Liliana, WY 15723-3950',1,1,1,NULL,'+13645052689',2012,'John Doe',5,'1','8M',NULL,NULL,NULL,NULL,NULL,0,'published',0,'2023-10-22 21:44:16','2023-10-22 21:44:16'),(17,'Lexus',NULL,'Atque et repellat repellendus labore vero. Porro animi nulla sed est quas minus qui. Nobis quo quidem incidunt deleniti dolorem ex. Quis et quis neque architecto earum ut.','<p class=\"text-muted\"> Objectively pursue diverse catalysts for change for interoperable meta-services. Distinctively re-engineer\n                revolutionary meta-services and premium architectures. Intrinsically incubate intuitive opportunities and\n                real-time potentialities. Appropriately communicate one-to-one technology.</p>\n\n            <p class=\"text-muted\">Intrinsically incubate intuitive opportunities and real-time potentialities Appropriately communicate\n                one-to-one technology.</p>\n\n            <p class=\"text-muted\"> Exercitation photo booth stumptown tote bag Banksy, elit small batch freegan sed. Craft beer elit\n                seitan exercitation, photo booth et 8-bit kale chips proident chillwave deep v laborum. Aliquip veniam delectus, Marfa\n                eiusmod Pinterest in do umami readymade swag.</p>','https://www.pscp.tv/','companies/3.png','42.726663','-75.955623','9814 Reese Roads\nAxelville, ME 44429',3,3,3,NULL,'+12837423566',2007,'John Doe',5,'2','10M',NULL,NULL,NULL,NULL,NULL,0,'published',0,'2023-10-22 21:44:16','2023-10-22 21:44:16'),(18,'Ondo',NULL,'Dolores enim earum odio. Autem occaecati odio cum magnam. Ipsam in amet dicta exercitationem. Ipsam possimus et similique quidem fugiat et inventore.','<p class=\"text-muted\"> Objectively pursue diverse catalysts for change for interoperable meta-services. Distinctively re-engineer\n                revolutionary meta-services and premium architectures. Intrinsically incubate intuitive opportunities and\n                real-time potentialities. Appropriately communicate one-to-one technology.</p>\n\n            <p class=\"text-muted\">Intrinsically incubate intuitive opportunities and real-time potentialities Appropriately communicate\n                one-to-one technology.</p>\n\n            <p class=\"text-muted\"> Exercitation photo booth stumptown tote bag Banksy, elit small batch freegan sed. Craft beer elit\n                seitan exercitation, photo booth et 8-bit kale chips proident chillwave deep v laborum. Aliquip veniam delectus, Marfa\n                eiusmod Pinterest in do umami readymade swag.</p>','https://ondo.mn/','companies/6.png','43.24867','-76.224981','94448 Antonette Meadows\nUptonborough, MO 91521-0950',4,4,4,NULL,'+19549021948',2003,'John Doe',8,'9','3M',NULL,NULL,NULL,NULL,NULL,0,'published',0,'2023-10-22 21:44:16','2023-10-22 21:44:16'),(19,'Square',NULL,'Omnis est repellat delectus magni aut ad excepturi. Necessitatibus dolorum quis suscipit debitis placeat ipsum nulla.','<p class=\"text-muted\"> Objectively pursue diverse catalysts for change for interoperable meta-services. Distinctively re-engineer\n                revolutionary meta-services and premium architectures. Intrinsically incubate intuitive opportunities and\n                real-time potentialities. Appropriately communicate one-to-one technology.</p>\n\n            <p class=\"text-muted\">Intrinsically incubate intuitive opportunities and real-time potentialities Appropriately communicate\n                one-to-one technology.</p>\n\n            <p class=\"text-muted\"> Exercitation photo booth stumptown tote bag Banksy, elit small batch freegan sed. Craft beer elit\n                seitan exercitation, photo booth et 8-bit kale chips proident chillwave deep v laborum. Aliquip veniam delectus, Marfa\n                eiusmod Pinterest in do umami readymade swag.</p>','https://squareup.com/','companies/2.png','43.446791','-75.448198','34158 Osinski Divide Apt. 111\nFeeneyfurt, MD 54117-2947',5,5,5,NULL,'+17257402410',1970,'John Doe',6,'7','4M',NULL,NULL,NULL,NULL,NULL,0,'published',0,'2023-10-22 21:44:16','2023-10-22 21:44:16'),(20,'Visa',NULL,'Qui voluptates possimus qui incidunt illum. Possimus maiores facilis exercitationem. Magnam enim consectetur qui aut numquam. Incidunt minima quis possimus ipsa sed voluptatem sed.','<p class=\"text-muted\"> Objectively pursue diverse catalysts for change for interoperable meta-services. Distinctively re-engineer\n                revolutionary meta-services and premium architectures. Intrinsically incubate intuitive opportunities and\n                real-time potentialities. Appropriately communicate one-to-one technology.</p>\n\n            <p class=\"text-muted\">Intrinsically incubate intuitive opportunities and real-time potentialities Appropriately communicate\n                one-to-one technology.</p>\n\n            <p class=\"text-muted\"> Exercitation photo booth stumptown tote bag Banksy, elit small batch freegan sed. Craft beer elit\n                seitan exercitation, photo booth et 8-bit kale chips proident chillwave deep v laborum. Aliquip veniam delectus, Marfa\n                eiusmod Pinterest in do umami readymade swag.</p>','https://visa.com/','companies/8.png','43.467472','-76.508411','67206 Mayra Shoal\nRosalynberg, SD 90402',5,5,5,NULL,'+16627016470',2003,'John Doe',3,'10','2M',NULL,NULL,NULL,NULL,NULL,0,'published',0,'2023-10-22 21:44:16','2023-10-22 21:44:16');
/*!40000 ALTER TABLE `jb_companies` ENABLE KEYS */;
UNLOCK TABLES;

--
-- Table structure for table `jb_companies_accounts`
--

DROP TABLE IF EXISTS `jb_companies_accounts`;
/*!40101 SET @saved_cs_client     = @@character_set_client */;
/*!50503 SET character_set_client = utf8mb4 */;
CREATE TABLE `jb_companies_accounts` (
  `company_id` bigint unsigned NOT NULL,
  `account_id` bigint unsigned NOT NULL
) ENGINE=InnoDB DEFAULT CHARSET=utf8mb4 COLLATE=utf8mb4_0900_ai_ci;
/*!40101 SET character_set_client = @saved_cs_client */;

--
-- Dumping data for table `jb_companies_accounts`
--

LOCK TABLES `jb_companies_accounts` WRITE;
/*!40000 ALTER TABLE `jb_companies_accounts` DISABLE KEYS */;
INSERT INTO `jb_companies_accounts` VALUES (1,1),(1,4),(2,1),(2,4),(3,1),(3,4),(4,1),(4,4),(5,1),(5,4),(6,1),(6,4),(7,1),(7,4),(8,1),(8,4),(9,1),(9,4),(10,1),(10,4),(11,1),(11,4),(12,1),(12,4),(13,1),(13,4),(14,1),(14,4),(15,1),(15,4),(16,1),(16,4),(17,1),(17,4),(18,1),(18,4),(19,1),(19,4),(20,1),(20,4);
/*!40000 ALTER TABLE `jb_companies_accounts` ENABLE KEYS */;
UNLOCK TABLES;

--
-- Table structure for table `jb_coupons`
--

DROP TABLE IF EXISTS `jb_coupons`;
/*!40101 SET @saved_cs_client     = @@character_set_client */;
/*!50503 SET character_set_client = utf8mb4 */;
CREATE TABLE `jb_coupons` (
  `id` bigint unsigned NOT NULL AUTO_INCREMENT,
  `type` varchar(191) NOT NULL,
  `code` varchar(20) NOT NULL,
  `value` decimal(8,2) NOT NULL,
  `quantity` int DEFAULT NULL,
  `total_used` int unsigned NOT NULL DEFAULT '0',
  `expires_date` datetime DEFAULT NULL,
  `created_at` timestamp NULL DEFAULT NULL,
  `updated_at` timestamp NULL DEFAULT NULL,
  PRIMARY KEY (`id`),
  UNIQUE KEY `jb_coupons_code_unique` (`code`)
) ENGINE=InnoDB DEFAULT CHARSET=utf8mb4 COLLATE=utf8mb4_0900_ai_ci;
/*!40101 SET character_set_client = @saved_cs_client */;

--
-- Dumping data for table `jb_coupons`
--

LOCK TABLES `jb_coupons` WRITE;
/*!40000 ALTER TABLE `jb_coupons` DISABLE KEYS */;
/*!40000 ALTER TABLE `jb_coupons` ENABLE KEYS */;
UNLOCK TABLES;

--
-- Table structure for table `jb_currencies`
--

DROP TABLE IF EXISTS `jb_currencies`;
/*!40101 SET @saved_cs_client     = @@character_set_client */;
/*!50503 SET character_set_client = utf8mb4 */;
CREATE TABLE `jb_currencies` (
  `id` bigint unsigned NOT NULL AUTO_INCREMENT,
  `title` varchar(60) NOT NULL,
  `symbol` varchar(10) NOT NULL,
  `is_prefix_symbol` tinyint unsigned NOT NULL DEFAULT '0',
  `decimals` tinyint unsigned NOT NULL DEFAULT '0',
  `order` int unsigned NOT NULL DEFAULT '0',
  `is_default` tinyint NOT NULL DEFAULT '0',
  `exchange_rate` double NOT NULL DEFAULT '1',
  `created_at` timestamp NULL DEFAULT NULL,
  `updated_at` timestamp NULL DEFAULT NULL,
  PRIMARY KEY (`id`)
) ENGINE=InnoDB AUTO_INCREMENT=4 DEFAULT CHARSET=utf8mb4 COLLATE=utf8mb4_0900_ai_ci;
/*!40101 SET character_set_client = @saved_cs_client */;

--
-- Dumping data for table `jb_currencies`
--

LOCK TABLES `jb_currencies` WRITE;
/*!40000 ALTER TABLE `jb_currencies` DISABLE KEYS */;
INSERT INTO `jb_currencies` VALUES (1,'USD','$',1,0,0,1,1,'2023-10-22 21:44:17','2023-10-22 21:44:17'),(2,'EUR','',0,2,1,0,0.91,'2023-10-22 21:44:17','2023-10-22 21:44:17'),(3,'VND','',0,0,2,0,23717.5,'2023-10-22 21:44:17','2023-10-22 21:44:17');
/*!40000 ALTER TABLE `jb_currencies` ENABLE KEYS */;
UNLOCK TABLES;

--
-- Table structure for table `jb_custom_field_options`
--

DROP TABLE IF EXISTS `jb_custom_field_options`;
/*!40101 SET @saved_cs_client     = @@character_set_client */;
/*!50503 SET character_set_client = utf8mb4 */;
CREATE TABLE `jb_custom_field_options` (
  `id` bigint unsigned NOT NULL AUTO_INCREMENT,
  `custom_field_id` bigint unsigned NOT NULL,
  `label` varchar(191) DEFAULT NULL,
  `value` varchar(191) NOT NULL,
  `order` int NOT NULL DEFAULT '999',
  `created_at` timestamp NULL DEFAULT NULL,
  `updated_at` timestamp NULL DEFAULT NULL,
  PRIMARY KEY (`id`)
) ENGINE=InnoDB DEFAULT CHARSET=utf8mb4 COLLATE=utf8mb4_0900_ai_ci;
/*!40101 SET character_set_client = @saved_cs_client */;

--
-- Dumping data for table `jb_custom_field_options`
--

LOCK TABLES `jb_custom_field_options` WRITE;
/*!40000 ALTER TABLE `jb_custom_field_options` DISABLE KEYS */;
/*!40000 ALTER TABLE `jb_custom_field_options` ENABLE KEYS */;
UNLOCK TABLES;

--
-- Table structure for table `jb_custom_field_options_translations`
--

DROP TABLE IF EXISTS `jb_custom_field_options_translations`;
/*!40101 SET @saved_cs_client     = @@character_set_client */;
/*!50503 SET character_set_client = utf8mb4 */;
CREATE TABLE `jb_custom_field_options_translations` (
  `lang_code` varchar(191) NOT NULL,
  `jb_custom_field_options_id` bigint unsigned NOT NULL,
  `label` varchar(255) DEFAULT NULL,
  `value` varchar(255) DEFAULT NULL,
  PRIMARY KEY (`lang_code`,`jb_custom_field_options_id`)
) ENGINE=InnoDB DEFAULT CHARSET=utf8mb4 COLLATE=utf8mb4_0900_ai_ci;
/*!40101 SET character_set_client = @saved_cs_client */;

--
-- Dumping data for table `jb_custom_field_options_translations`
--

LOCK TABLES `jb_custom_field_options_translations` WRITE;
/*!40000 ALTER TABLE `jb_custom_field_options_translations` DISABLE KEYS */;
/*!40000 ALTER TABLE `jb_custom_field_options_translations` ENABLE KEYS */;
UNLOCK TABLES;

--
-- Table structure for table `jb_custom_field_values`
--

DROP TABLE IF EXISTS `jb_custom_field_values`;
/*!40101 SET @saved_cs_client     = @@character_set_client */;
/*!50503 SET character_set_client = utf8mb4 */;
CREATE TABLE `jb_custom_field_values` (
  `id` bigint unsigned NOT NULL AUTO_INCREMENT,
  `name` varchar(191) DEFAULT NULL,
  `value` varchar(191) DEFAULT NULL,
  `reference_type` varchar(191) NOT NULL,
  `reference_id` bigint unsigned NOT NULL,
  `custom_field_id` bigint unsigned DEFAULT NULL,
  `created_at` timestamp NULL DEFAULT NULL,
  `updated_at` timestamp NULL DEFAULT NULL,
  PRIMARY KEY (`id`),
  KEY `jb_custom_field_values_reference_type_reference_id_index` (`reference_type`,`reference_id`)
) ENGINE=InnoDB DEFAULT CHARSET=utf8mb4 COLLATE=utf8mb4_0900_ai_ci;
/*!40101 SET character_set_client = @saved_cs_client */;

--
-- Dumping data for table `jb_custom_field_values`
--

LOCK TABLES `jb_custom_field_values` WRITE;
/*!40000 ALTER TABLE `jb_custom_field_values` DISABLE KEYS */;
/*!40000 ALTER TABLE `jb_custom_field_values` ENABLE KEYS */;
UNLOCK TABLES;

--
-- Table structure for table `jb_custom_field_values_translations`
--

DROP TABLE IF EXISTS `jb_custom_field_values_translations`;
/*!40101 SET @saved_cs_client     = @@character_set_client */;
/*!50503 SET character_set_client = utf8mb4 */;
CREATE TABLE `jb_custom_field_values_translations` (
  `lang_code` varchar(191) NOT NULL,
  `jb_custom_field_values_id` bigint unsigned NOT NULL,
  `name` varchar(255) DEFAULT NULL,
  `value` varchar(255) DEFAULT NULL,
  PRIMARY KEY (`lang_code`,`jb_custom_field_values_id`)
) ENGINE=InnoDB DEFAULT CHARSET=utf8mb4 COLLATE=utf8mb4_0900_ai_ci;
/*!40101 SET character_set_client = @saved_cs_client */;

--
-- Dumping data for table `jb_custom_field_values_translations`
--

LOCK TABLES `jb_custom_field_values_translations` WRITE;
/*!40000 ALTER TABLE `jb_custom_field_values_translations` DISABLE KEYS */;
/*!40000 ALTER TABLE `jb_custom_field_values_translations` ENABLE KEYS */;
UNLOCK TABLES;

--
-- Table structure for table `jb_custom_fields`
--

DROP TABLE IF EXISTS `jb_custom_fields`;
/*!40101 SET @saved_cs_client     = @@character_set_client */;
/*!50503 SET character_set_client = utf8mb4 */;
CREATE TABLE `jb_custom_fields` (
  `id` bigint unsigned NOT NULL AUTO_INCREMENT,
  `name` varchar(191) NOT NULL,
  `type` varchar(191) NOT NULL,
  `order` int NOT NULL DEFAULT '999',
  `is_global` tinyint(1) NOT NULL DEFAULT '0',
  `authorable_type` varchar(191) DEFAULT NULL,
  `authorable_id` bigint unsigned DEFAULT NULL,
  `created_at` timestamp NULL DEFAULT NULL,
  `updated_at` timestamp NULL DEFAULT NULL,
  PRIMARY KEY (`id`),
  KEY `jb_custom_fields_authorable_type_authorable_id_index` (`authorable_type`,`authorable_id`)
) ENGINE=InnoDB DEFAULT CHARSET=utf8mb4 COLLATE=utf8mb4_0900_ai_ci;
/*!40101 SET character_set_client = @saved_cs_client */;

--
-- Dumping data for table `jb_custom_fields`
--

LOCK TABLES `jb_custom_fields` WRITE;
/*!40000 ALTER TABLE `jb_custom_fields` DISABLE KEYS */;
/*!40000 ALTER TABLE `jb_custom_fields` ENABLE KEYS */;
UNLOCK TABLES;

--
-- Table structure for table `jb_custom_fields_translations`
--

DROP TABLE IF EXISTS `jb_custom_fields_translations`;
/*!40101 SET @saved_cs_client     = @@character_set_client */;
/*!50503 SET character_set_client = utf8mb4 */;
CREATE TABLE `jb_custom_fields_translations` (
  `lang_code` varchar(191) NOT NULL,
  `jb_custom_fields_id` bigint unsigned NOT NULL,
  `name` varchar(255) DEFAULT NULL,
  `type` varchar(60) DEFAULT NULL,
  PRIMARY KEY (`lang_code`,`jb_custom_fields_id`)
) ENGINE=InnoDB DEFAULT CHARSET=utf8mb4 COLLATE=utf8mb4_0900_ai_ci;
/*!40101 SET character_set_client = @saved_cs_client */;

--
-- Dumping data for table `jb_custom_fields_translations`
--

LOCK TABLES `jb_custom_fields_translations` WRITE;
/*!40000 ALTER TABLE `jb_custom_fields_translations` DISABLE KEYS */;
/*!40000 ALTER TABLE `jb_custom_fields_translations` ENABLE KEYS */;
UNLOCK TABLES;

--
-- Table structure for table `jb_degree_levels`
--

DROP TABLE IF EXISTS `jb_degree_levels`;
/*!40101 SET @saved_cs_client     = @@character_set_client */;
/*!50503 SET character_set_client = utf8mb4 */;
CREATE TABLE `jb_degree_levels` (
  `id` bigint unsigned NOT NULL AUTO_INCREMENT,
  `name` varchar(120) NOT NULL,
  `order` tinyint NOT NULL DEFAULT '0',
  `is_default` tinyint unsigned NOT NULL DEFAULT '0',
  `status` varchar(60) NOT NULL DEFAULT 'published',
  `created_at` timestamp NULL DEFAULT NULL,
  `updated_at` timestamp NULL DEFAULT NULL,
  PRIMARY KEY (`id`)
) ENGINE=InnoDB AUTO_INCREMENT=11 DEFAULT CHARSET=utf8mb4 COLLATE=utf8mb4_0900_ai_ci;
/*!40101 SET character_set_client = @saved_cs_client */;

--
-- Dumping data for table `jb_degree_levels`
--

LOCK TABLES `jb_degree_levels` WRITE;
/*!40000 ALTER TABLE `jb_degree_levels` DISABLE KEYS */;
INSERT INTO `jb_degree_levels` VALUES (1,'Non-Matriculation',0,0,'published','2023-10-22 21:44:12','2023-10-22 21:44:12'),(2,'Matriculation/O-Level',0,0,'published','2023-10-22 21:44:12','2023-10-22 21:44:12'),(3,'Intermediate/A-Level',0,0,'published','2023-10-22 21:44:12','2023-10-22 21:44:12'),(4,'Bachelors',0,0,'published','2023-10-22 21:44:12','2023-10-22 21:44:12'),(5,'Masters',0,0,'published','2023-10-22 21:44:12','2023-10-22 21:44:12'),(6,'MPhil/MS',0,0,'published','2023-10-22 21:44:12','2023-10-22 21:44:12'),(7,'PHD/Doctorate',0,0,'published','2023-10-22 21:44:12','2023-10-22 21:44:12'),(8,'Certification',0,0,'published','2023-10-22 21:44:12','2023-10-22 21:44:12'),(9,'Diploma',0,0,'published','2023-10-22 21:44:12','2023-10-22 21:44:12'),(10,'Short Course',0,0,'published','2023-10-22 21:44:12','2023-10-22 21:44:12');
/*!40000 ALTER TABLE `jb_degree_levels` ENABLE KEYS */;
UNLOCK TABLES;

--
-- Table structure for table `jb_degree_levels_translations`
--

DROP TABLE IF EXISTS `jb_degree_levels_translations`;
/*!40101 SET @saved_cs_client     = @@character_set_client */;
/*!50503 SET character_set_client = utf8mb4 */;
CREATE TABLE `jb_degree_levels_translations` (
  `lang_code` varchar(191) NOT NULL,
  `jb_degree_levels_id` bigint unsigned NOT NULL,
  `name` varchar(255) DEFAULT NULL,
  PRIMARY KEY (`lang_code`,`jb_degree_levels_id`)
) ENGINE=InnoDB DEFAULT CHARSET=utf8mb4 COLLATE=utf8mb4_0900_ai_ci;
/*!40101 SET character_set_client = @saved_cs_client */;

--
-- Dumping data for table `jb_degree_levels_translations`
--

LOCK TABLES `jb_degree_levels_translations` WRITE;
/*!40000 ALTER TABLE `jb_degree_levels_translations` DISABLE KEYS */;
/*!40000 ALTER TABLE `jb_degree_levels_translations` ENABLE KEYS */;
UNLOCK TABLES;

--
-- Table structure for table `jb_degree_types`
--

DROP TABLE IF EXISTS `jb_degree_types`;
/*!40101 SET @saved_cs_client     = @@character_set_client */;
/*!50503 SET character_set_client = utf8mb4 */;
CREATE TABLE `jb_degree_types` (
  `id` bigint unsigned NOT NULL AUTO_INCREMENT,
  `name` varchar(120) NOT NULL,
  `degree_level_id` bigint unsigned NOT NULL,
  `order` tinyint NOT NULL DEFAULT '0',
  `is_default` tinyint unsigned NOT NULL DEFAULT '0',
  `status` varchar(60) NOT NULL DEFAULT 'published',
  `created_at` timestamp NULL DEFAULT NULL,
  `updated_at` timestamp NULL DEFAULT NULL,
  PRIMARY KEY (`id`)
) ENGINE=InnoDB AUTO_INCREMENT=34 DEFAULT CHARSET=utf8mb4 COLLATE=utf8mb4_0900_ai_ci;
/*!40101 SET character_set_client = @saved_cs_client */;

--
-- Dumping data for table `jb_degree_types`
--

LOCK TABLES `jb_degree_types` WRITE;
/*!40000 ALTER TABLE `jb_degree_types` DISABLE KEYS */;
INSERT INTO `jb_degree_types` VALUES (1,'Matric in Arts',2,0,0,'published','2023-10-22 21:44:12','2023-10-22 21:44:12'),(2,'Matric in Science',2,0,0,'published','2023-10-22 21:44:12','2023-10-22 21:44:12'),(3,'O-Levels',2,0,0,'published','2023-10-22 21:44:12','2023-10-22 21:44:12'),(4,'A-Levels',3,0,0,'published','2023-10-22 21:44:12','2023-10-22 21:44:12'),(5,'Faculty of Arts',3,0,0,'published','2023-10-22 21:44:12','2023-10-22 21:44:12'),(6,'Faculty of Science (Pre-medical)',3,0,0,'published','2023-10-22 21:44:12','2023-10-22 21:44:12'),(7,'Faculty of Science (Pre-Engineering)',3,0,0,'published','2023-10-22 21:44:12','2023-10-22 21:44:12'),(8,'Intermediate in Computer Science',3,0,0,'published','2023-10-22 21:44:12','2023-10-22 21:44:12'),(9,'Intermediate in Commerce',3,0,0,'published','2023-10-22 21:44:12','2023-10-22 21:44:12'),(10,'Intermediate in General Science',3,0,0,'published','2023-10-22 21:44:12','2023-10-22 21:44:12'),(11,'Bachelors in Arts',4,0,0,'published','2023-10-22 21:44:12','2023-10-22 21:44:12'),(12,'Bachelors in Architecture',4,0,0,'published','2023-10-22 21:44:12','2023-10-22 21:44:12'),(13,'Bachelors in Business Administration',4,0,0,'published','2023-10-22 21:44:12','2023-10-22 21:44:12'),(14,'Bachelors in Commerce',4,0,0,'published','2023-10-22 21:44:12','2023-10-22 21:44:12'),(15,'Bachelors of Dental Surgery',4,0,0,'published','2023-10-22 21:44:12','2023-10-22 21:44:12'),(16,'Bachelors of Education',4,0,0,'published','2023-10-22 21:44:12','2023-10-22 21:44:12'),(17,'Bachelors in Engineering',4,0,0,'published','2023-10-22 21:44:12','2023-10-22 21:44:12'),(18,'Bachelors in Pharmacy',4,0,0,'published','2023-10-22 21:44:12','2023-10-22 21:44:12'),(19,'Bachelors in Science',4,0,0,'published','2023-10-22 21:44:12','2023-10-22 21:44:12'),(20,'Bachelors of Science in Nursing (Registered Nursing)',4,0,0,'published','2023-10-22 21:44:12','2023-10-22 21:44:12'),(21,'Bachelors in Law',4,0,0,'published','2023-10-22 21:44:12','2023-10-22 21:44:12'),(22,'Bachelors in Technology',4,0,0,'published','2023-10-22 21:44:12','2023-10-22 21:44:12'),(23,'BCS/BS',4,0,0,'published','2023-10-22 21:44:12','2023-10-22 21:44:12'),(24,'Doctor of Veterinary Medicine',4,0,0,'published','2023-10-22 21:44:12','2023-10-22 21:44:12'),(25,'MBBS',4,0,0,'published','2023-10-22 21:44:12','2023-10-22 21:44:12'),(26,'Post Registered Nursing B.S.',4,0,0,'published','2023-10-22 21:44:12','2023-10-22 21:44:12'),(27,'Masters in Arts',5,0,0,'published','2023-10-22 21:44:12','2023-10-22 21:44:12'),(28,'Masters in Business Administration',5,0,0,'published','2023-10-22 21:44:12','2023-10-22 21:44:12'),(29,'Masters in Commerce',5,0,0,'published','2023-10-22 21:44:12','2023-10-22 21:44:12'),(30,'Masters of Education',5,0,0,'published','2023-10-22 21:44:12','2023-10-22 21:44:12'),(31,'Masters in Law',5,0,0,'published','2023-10-22 21:44:12','2023-10-22 21:44:12'),(32,'Masters in Science',5,0,0,'published','2023-10-22 21:44:12','2023-10-22 21:44:12'),(33,'Executive Masters in Business Administration',5,0,0,'published','2023-10-22 21:44:12','2023-10-22 21:44:12');
/*!40000 ALTER TABLE `jb_degree_types` ENABLE KEYS */;
UNLOCK TABLES;

--
-- Table structure for table `jb_degree_types_translations`
--

DROP TABLE IF EXISTS `jb_degree_types_translations`;
/*!40101 SET @saved_cs_client     = @@character_set_client */;
/*!50503 SET character_set_client = utf8mb4 */;
CREATE TABLE `jb_degree_types_translations` (
  `lang_code` varchar(191) NOT NULL,
  `jb_degree_types_id` bigint unsigned NOT NULL,
  `name` varchar(255) DEFAULT NULL,
  PRIMARY KEY (`lang_code`,`jb_degree_types_id`)
) ENGINE=InnoDB DEFAULT CHARSET=utf8mb4 COLLATE=utf8mb4_0900_ai_ci;
/*!40101 SET character_set_client = @saved_cs_client */;

--
-- Dumping data for table `jb_degree_types_translations`
--

LOCK TABLES `jb_degree_types_translations` WRITE;
/*!40000 ALTER TABLE `jb_degree_types_translations` DISABLE KEYS */;
/*!40000 ALTER TABLE `jb_degree_types_translations` ENABLE KEYS */;
UNLOCK TABLES;

--
-- Table structure for table `jb_functional_areas`
--

DROP TABLE IF EXISTS `jb_functional_areas`;
/*!40101 SET @saved_cs_client     = @@character_set_client */;
/*!50503 SET character_set_client = utf8mb4 */;
CREATE TABLE `jb_functional_areas` (
  `id` bigint unsigned NOT NULL AUTO_INCREMENT,
  `name` varchar(120) NOT NULL,
  `order` tinyint NOT NULL DEFAULT '0',
  `is_default` tinyint unsigned NOT NULL DEFAULT '0',
  `status` varchar(60) NOT NULL DEFAULT 'published',
  `created_at` timestamp NULL DEFAULT NULL,
  `updated_at` timestamp NULL DEFAULT NULL,
  PRIMARY KEY (`id`)
) ENGINE=InnoDB AUTO_INCREMENT=157 DEFAULT CHARSET=utf8mb4 COLLATE=utf8mb4_0900_ai_ci;
/*!40101 SET character_set_client = @saved_cs_client */;

--
-- Dumping data for table `jb_functional_areas`
--

LOCK TABLES `jb_functional_areas` WRITE;
/*!40000 ALTER TABLE `jb_functional_areas` DISABLE KEYS */;
INSERT INTO `jb_functional_areas` VALUES (1,'Accountant',0,0,'published','2023-10-22 21:44:12','2023-10-22 21:44:12'),(2,'Accounts, Finance &amp; Financial Services',0,0,'published','2023-10-22 21:44:12','2023-10-22 21:44:12'),(3,'Admin',0,0,'published','2023-10-22 21:44:12','2023-10-22 21:44:12'),(4,'Admin Operation',0,0,'published','2023-10-22 21:44:12','2023-10-22 21:44:12'),(5,'Administration',0,0,'published','2023-10-22 21:44:12','2023-10-22 21:44:12'),(6,'Administration Clerical',0,0,'published','2023-10-22 21:44:12','2023-10-22 21:44:12'),(7,'Advertising',0,0,'published','2023-10-22 21:44:12','2023-10-22 21:44:12'),(8,'Advertising',0,0,'published','2023-10-22 21:44:12','2023-10-22 21:44:12'),(9,'Advertisement',0,0,'published','2023-10-22 21:44:12','2023-10-22 21:44:12'),(10,'Architects &amp; Construction',0,0,'published','2023-10-22 21:44:12','2023-10-22 21:44:12'),(11,'Architecture',0,0,'published','2023-10-22 21:44:12','2023-10-22 21:44:12'),(12,'Bank Operation',0,0,'published','2023-10-22 21:44:12','2023-10-22 21:44:12'),(13,'Business Development',0,0,'published','2023-10-22 21:44:12','2023-10-22 21:44:12'),(14,'Business Management',0,0,'published','2023-10-22 21:44:12','2023-10-22 21:44:12'),(15,'Business Systems Analyst',0,0,'published','2023-10-22 21:44:12','2023-10-22 21:44:12'),(16,'Clerical',0,0,'published','2023-10-22 21:44:12','2023-10-22 21:44:12'),(17,'Client Services &amp; Customer Support',0,0,'published','2023-10-22 21:44:12','2023-10-22 21:44:12'),(18,'Computer Hardware',0,0,'published','2023-10-22 21:44:12','2023-10-22 21:44:12'),(19,'Computer Networking',0,0,'published','2023-10-22 21:44:12','2023-10-22 21:44:12'),(20,'Consultant',0,0,'published','2023-10-22 21:44:12','2023-10-22 21:44:12'),(21,'Content Writer',0,0,'published','2023-10-22 21:44:12','2023-10-22 21:44:12'),(22,'Corporate Affairs',0,0,'published','2023-10-22 21:44:12','2023-10-22 21:44:12'),(23,'Creative Design',0,0,'published','2023-10-22 21:44:12','2023-10-22 21:44:12'),(24,'Creative Writer',0,0,'published','2023-10-22 21:44:12','2023-10-22 21:44:12'),(25,'Customer Support',0,0,'published','2023-10-22 21:44:12','2023-10-22 21:44:12'),(26,'Data Entry',0,0,'published','2023-10-22 21:44:12','2023-10-22 21:44:12'),(27,'Data Entry Operator',0,0,'published','2023-10-22 21:44:12','2023-10-22 21:44:12'),(28,'Database Administration (DBA)',0,0,'published','2023-10-22 21:44:12','2023-10-22 21:44:12'),(29,'Development',0,0,'published','2023-10-22 21:44:12','2023-10-22 21:44:12'),(30,'Distribution &amp; Logistics',0,0,'published','2023-10-22 21:44:12','2023-10-22 21:44:12'),(31,'Education &amp; Training',0,0,'published','2023-10-22 21:44:12','2023-10-22 21:44:12'),(32,'Electronics Technician',0,0,'published','2023-10-22 21:44:12','2023-10-22 21:44:12'),(33,'Engineering',0,0,'published','2023-10-22 21:44:12','2023-10-22 21:44:12'),(34,'Engineering Construction',0,0,'published','2023-10-22 21:44:12','2023-10-22 21:44:12'),(35,'Executive Management',0,0,'published','2023-10-22 21:44:12','2023-10-22 21:44:12'),(36,'Executive Secretary',0,0,'published','2023-10-22 21:44:12','2023-10-22 21:44:12'),(37,'Field Operations',0,0,'published','2023-10-22 21:44:12','2023-10-22 21:44:12'),(38,'Front Desk Clerk',0,0,'published','2023-10-22 21:44:12','2023-10-22 21:44:12'),(39,'Front Desk Officer',0,0,'published','2023-10-22 21:44:12','2023-10-22 21:44:12'),(40,'Graphic Design',0,0,'published','2023-10-22 21:44:12','2023-10-22 21:44:12'),(41,'Hardware',0,0,'published','2023-10-22 21:44:12','2023-10-22 21:44:12'),(42,'Health &amp; Medicine',0,0,'published','2023-10-22 21:44:12','2023-10-22 21:44:12'),(43,'Health &amp; Safety',0,0,'published','2023-10-22 21:44:12','2023-10-22 21:44:12'),(44,'Health Care',0,0,'published','2023-10-22 21:44:12','2023-10-22 21:44:12'),(45,'Health Related',0,0,'published','2023-10-22 21:44:12','2023-10-22 21:44:12'),(46,'Hotel Management',0,0,'published','2023-10-22 21:44:12','2023-10-22 21:44:12'),(47,'Hotel/Restaurant Management',0,0,'published','2023-10-22 21:44:12','2023-10-22 21:44:12'),(48,'HR',0,0,'published','2023-10-22 21:44:12','2023-10-22 21:44:12'),(49,'Human Resources',0,0,'published','2023-10-22 21:44:12','2023-10-22 21:44:12'),(50,'Import &amp; Export',0,0,'published','2023-10-22 21:44:12','2023-10-22 21:44:12'),(51,'Industrial Production',0,0,'published','2023-10-22 21:44:12','2023-10-22 21:44:12'),(52,'Installation &amp; Repair',0,0,'published','2023-10-22 21:44:12','2023-10-22 21:44:12'),(53,'Interior Designers &amp; Architects',0,0,'published','2023-10-22 21:44:12','2023-10-22 21:44:12'),(54,'Intern',0,0,'published','2023-10-22 21:44:12','2023-10-22 21:44:12'),(55,'Internship',0,0,'published','2023-10-22 21:44:12','2023-10-22 21:44:12'),(56,'Investment Operations',0,0,'published','2023-10-22 21:44:12','2023-10-22 21:44:12'),(57,'IT Security',0,0,'published','2023-10-22 21:44:12','2023-10-22 21:44:12'),(58,'IT Systems Analyst',0,0,'published','2023-10-22 21:44:12','2023-10-22 21:44:12'),(59,'Legal &amp; Corporate Affairs',0,0,'published','2023-10-22 21:44:12','2023-10-22 21:44:12'),(60,'Legal Affairs',0,0,'published','2023-10-22 21:44:12','2023-10-22 21:44:12'),(61,'Legal Research',0,0,'published','2023-10-22 21:44:12','2023-10-22 21:44:12'),(62,'Logistics &amp; Warehousing',0,0,'published','2023-10-22 21:44:12','2023-10-22 21:44:12'),(63,'Maintenance/Repair',0,0,'published','2023-10-22 21:44:12','2023-10-22 21:44:12'),(64,'Management Consulting',0,0,'published','2023-10-22 21:44:12','2023-10-22 21:44:12'),(65,'Management Information System (MIS)',0,0,'published','2023-10-22 21:44:12','2023-10-22 21:44:12'),(66,'Managerial',0,0,'published','2023-10-22 21:44:12','2023-10-22 21:44:12'),(67,'Manufacturing',0,0,'published','2023-10-22 21:44:12','2023-10-22 21:44:12'),(68,'Manufacturing &amp; Operations',0,0,'published','2023-10-22 21:44:12','2023-10-22 21:44:12'),(69,'Marketing',0,0,'published','2023-10-22 21:44:12','2023-10-22 21:44:12'),(70,'Marketing',0,0,'published','2023-10-22 21:44:12','2023-10-22 21:44:12'),(71,'Media - Print &amp; Electronic',0,0,'published','2023-10-22 21:44:12','2023-10-22 21:44:12'),(72,'Media &amp; Advertising',0,0,'published','2023-10-22 21:44:12','2023-10-22 21:44:12'),(73,'Medical',0,0,'published','2023-10-22 21:44:12','2023-10-22 21:44:12'),(74,'Medicine',0,0,'published','2023-10-22 21:44:12','2023-10-22 21:44:12'),(75,'Merchandising',0,0,'published','2023-10-22 21:44:12','2023-10-22 21:44:12'),(76,'Merchandising &amp; Product Management',0,0,'published','2023-10-22 21:44:12','2023-10-22 21:44:12'),(77,'Monitoring &amp; Evaluation (M&amp;E)',0,0,'published','2023-10-22 21:44:12','2023-10-22 21:44:12'),(78,'Network Administration',0,0,'published','2023-10-22 21:44:12','2023-10-22 21:44:12'),(79,'Network Operation',0,0,'published','2023-10-22 21:44:12','2023-10-22 21:44:12'),(80,'Online Advertising',0,0,'published','2023-10-22 21:44:12','2023-10-22 21:44:12'),(81,'Online Marketing',0,0,'published','2023-10-22 21:44:12','2023-10-22 21:44:12'),(82,'Operations',0,0,'published','2023-10-22 21:44:12','2023-10-22 21:44:12'),(83,'Planning',0,0,'published','2023-10-22 21:44:12','2023-10-22 21:44:12'),(84,'Planning &amp; Development',0,0,'published','2023-10-22 21:44:12','2023-10-22 21:44:12'),(85,'PR',0,0,'published','2023-10-22 21:44:12','2023-10-22 21:44:12'),(86,'Print Media',0,0,'published','2023-10-22 21:44:12','2023-10-22 21:44:12'),(87,'Printing',0,0,'published','2023-10-22 21:44:12','2023-10-22 21:44:12'),(88,'Procurement',0,0,'published','2023-10-22 21:44:12','2023-10-22 21:44:12'),(89,'Product Developer',0,0,'published','2023-10-22 21:44:12','2023-10-22 21:44:12'),(90,'Product Development',0,0,'published','2023-10-22 21:44:12','2023-10-22 21:44:12'),(91,'Product Development',0,0,'published','2023-10-22 21:44:12','2023-10-22 21:44:12'),(92,'Product Management',0,0,'published','2023-10-22 21:44:12','2023-10-22 21:44:12'),(93,'Production',0,0,'published','2023-10-22 21:44:12','2023-10-22 21:44:12'),(94,'Production &amp; Quality Control',0,0,'published','2023-10-22 21:44:12','2023-10-22 21:44:12'),(95,'Project Management',0,0,'published','2023-10-22 21:44:12','2023-10-22 21:44:12'),(96,'Project Management Consultant',0,0,'published','2023-10-22 21:44:12','2023-10-22 21:44:12'),(97,'Public Relations',0,0,'published','2023-10-22 21:44:12','2023-10-22 21:44:12'),(98,'QA',0,0,'published','2023-10-22 21:44:12','2023-10-22 21:44:12'),(99,'QC',0,0,'published','2023-10-22 21:44:12','2023-10-22 21:44:12'),(100,'Qualitative Research',0,0,'published','2023-10-22 21:44:12','2023-10-22 21:44:12'),(101,'Quality Assurance (QA)',0,0,'published','2023-10-22 21:44:12','2023-10-22 21:44:12'),(102,'Quality Control',0,0,'published','2023-10-22 21:44:12','2023-10-22 21:44:12'),(103,'Quality Inspection',0,0,'published','2023-10-22 21:44:12','2023-10-22 21:44:12'),(104,'Recruiting',0,0,'published','2023-10-22 21:44:12','2023-10-22 21:44:12'),(105,'Recruitment',0,0,'published','2023-10-22 21:44:12','2023-10-22 21:44:12'),(106,'Repair &amp; Overhaul',0,0,'published','2023-10-22 21:44:12','2023-10-22 21:44:12'),(107,'Research &amp; Development (R&amp;D)',0,0,'published','2023-10-22 21:44:12','2023-10-22 21:44:12'),(108,'Research &amp; Evaluation',0,0,'published','2023-10-22 21:44:12','2023-10-22 21:44:12'),(109,'Research &amp; Fellowships',0,0,'published','2023-10-22 21:44:12','2023-10-22 21:44:12'),(110,'Researcher',0,0,'published','2023-10-22 21:44:12','2023-10-22 21:44:12'),(111,'Restaurant Management',0,0,'published','2023-10-22 21:44:12','2023-10-22 21:44:12'),(112,'Retail',0,0,'published','2023-10-22 21:44:12','2023-10-22 21:44:12'),(113,'Retail &amp; Wholesale',0,0,'published','2023-10-22 21:44:12','2023-10-22 21:44:12'),(114,'Retail Buyer',0,0,'published','2023-10-22 21:44:12','2023-10-22 21:44:12'),(115,'Retail Buying',0,0,'published','2023-10-22 21:44:12','2023-10-22 21:44:12'),(116,'Retail Merchandising',0,0,'published','2023-10-22 21:44:12','2023-10-22 21:44:12'),(117,'Safety &amp; Environment',0,0,'published','2023-10-22 21:44:12','2023-10-22 21:44:12'),(118,'Sales',0,0,'published','2023-10-22 21:44:12','2023-10-22 21:44:12'),(119,'Sales &amp; Business Development',0,0,'published','2023-10-22 21:44:12','2023-10-22 21:44:12'),(120,'Sales Support',0,0,'published','2023-10-22 21:44:12','2023-10-22 21:44:12'),(121,'Search Engine Optimization (SEO)',0,0,'published','2023-10-22 21:44:12','2023-10-22 21:44:12'),(122,'Secretarial, Clerical &amp; Front Office',0,0,'published','2023-10-22 21:44:12','2023-10-22 21:44:12'),(123,'Security',0,0,'published','2023-10-22 21:44:12','2023-10-22 21:44:12'),(124,'Security &amp; Environment',0,0,'published','2023-10-22 21:44:12','2023-10-22 21:44:12'),(125,'Security Guard',0,0,'published','2023-10-22 21:44:12','2023-10-22 21:44:12'),(126,'SEM',0,0,'published','2023-10-22 21:44:12','2023-10-22 21:44:12'),(127,'SMO',0,0,'published','2023-10-22 21:44:12','2023-10-22 21:44:12'),(128,'Software &amp; Web Development',0,0,'published','2023-10-22 21:44:12','2023-10-22 21:44:12'),(129,'Software Engineer',0,0,'published','2023-10-22 21:44:12','2023-10-22 21:44:12'),(130,'Software Testing',0,0,'published','2023-10-22 21:44:12','2023-10-22 21:44:12'),(131,'Stores &amp; Warehousing',0,0,'published','2023-10-22 21:44:12','2023-10-22 21:44:12'),(132,'Supply Chain',0,0,'published','2023-10-22 21:44:12','2023-10-22 21:44:12'),(133,'Supply Chain Management',0,0,'published','2023-10-22 21:44:12','2023-10-22 21:44:12'),(134,'Systems Analyst',0,0,'published','2023-10-22 21:44:12','2023-10-22 21:44:12'),(135,'Teachers/Education, Training &amp; Development',0,0,'published','2023-10-22 21:44:12','2023-10-22 21:44:12'),(136,'Technical Writer',0,0,'published','2023-10-22 21:44:12','2023-10-22 21:44:12'),(137,'Tele Sale Representative',0,0,'published','2023-10-22 21:44:12','2023-10-22 21:44:12'),(138,'Telemarketing',0,0,'published','2023-10-22 21:44:12','2023-10-22 21:44:12'),(139,'Training &amp; Development',0,0,'published','2023-10-22 21:44:12','2023-10-22 21:44:12'),(140,'Transportation &amp; Warehousing',0,0,'published','2023-10-22 21:44:12','2023-10-22 21:44:12'),(141,'TSR',0,0,'published','2023-10-22 21:44:13','2023-10-22 21:44:13'),(142,'Typing',0,0,'published','2023-10-22 21:44:13','2023-10-22 21:44:13'),(143,'Warehousing',0,0,'published','2023-10-22 21:44:13','2023-10-22 21:44:13'),(144,'Web Developer',0,0,'published','2023-10-22 21:44:13','2023-10-22 21:44:13'),(145,'Web Marketing',0,0,'published','2023-10-22 21:44:13','2023-10-22 21:44:13'),(146,'Writer',0,0,'published','2023-10-22 21:44:13','2023-10-22 21:44:13'),(147,'PR',0,0,'published','2023-10-22 21:44:13','2023-10-22 21:44:13'),(148,'QA',0,0,'published','2023-10-22 21:44:13','2023-10-22 21:44:13'),(149,'QC',0,0,'published','2023-10-22 21:44:13','2023-10-22 21:44:13'),(150,'SEM',0,0,'published','2023-10-22 21:44:13','2023-10-22 21:44:13'),(151,'SMO',0,0,'published','2023-10-22 21:44:13','2023-10-22 21:44:13'),(152,'TSR',0,0,'published','2023-10-22 21:44:13','2023-10-22 21:44:13'),(153,'HR',0,0,'published','2023-10-22 21:44:13','2023-10-22 21:44:13'),(154,'QA',0,0,'published','2023-10-22 21:44:13','2023-10-22 21:44:13'),(155,'QC',0,0,'published','2023-10-22 21:44:13','2023-10-22 21:44:13'),(156,'SEM',0,0,'published','2023-10-22 21:44:13','2023-10-22 21:44:13');
/*!40000 ALTER TABLE `jb_functional_areas` ENABLE KEYS */;
UNLOCK TABLES;

--
-- Table structure for table `jb_functional_areas_translations`
--

DROP TABLE IF EXISTS `jb_functional_areas_translations`;
/*!40101 SET @saved_cs_client     = @@character_set_client */;
/*!50503 SET character_set_client = utf8mb4 */;
CREATE TABLE `jb_functional_areas_translations` (
  `lang_code` varchar(191) NOT NULL,
  `jb_functional_areas_id` bigint unsigned NOT NULL,
  `name` varchar(255) DEFAULT NULL,
  PRIMARY KEY (`lang_code`,`jb_functional_areas_id`)
) ENGINE=InnoDB DEFAULT CHARSET=utf8mb4 COLLATE=utf8mb4_0900_ai_ci;
/*!40101 SET character_set_client = @saved_cs_client */;

--
-- Dumping data for table `jb_functional_areas_translations`
--

LOCK TABLES `jb_functional_areas_translations` WRITE;
/*!40000 ALTER TABLE `jb_functional_areas_translations` DISABLE KEYS */;
/*!40000 ALTER TABLE `jb_functional_areas_translations` ENABLE KEYS */;
UNLOCK TABLES;

--
-- Table structure for table `jb_invoice_items`
--

DROP TABLE IF EXISTS `jb_invoice_items`;
/*!40101 SET @saved_cs_client     = @@character_set_client */;
/*!50503 SET character_set_client = utf8mb4 */;
CREATE TABLE `jb_invoice_items` (
  `id` bigint unsigned NOT NULL AUTO_INCREMENT,
  `invoice_id` bigint unsigned NOT NULL,
  `reference_type` varchar(191) NOT NULL,
  `reference_id` bigint unsigned NOT NULL,
  `name` varchar(191) NOT NULL,
  `description` varchar(191) DEFAULT NULL,
  `image` varchar(191) DEFAULT NULL,
  `qty` int unsigned NOT NULL,
  `sub_total` decimal(15,2) unsigned NOT NULL,
  `tax_amount` decimal(15,2) unsigned NOT NULL DEFAULT '0.00',
  `discount_amount` decimal(15,2) unsigned NOT NULL DEFAULT '0.00',
  `amount` decimal(15,2) unsigned NOT NULL,
  `metadata` text,
  `created_at` timestamp NULL DEFAULT NULL,
  `updated_at` timestamp NULL DEFAULT NULL,
  PRIMARY KEY (`id`),
  KEY `jb_invoice_items_reference_type_reference_id_index` (`reference_type`,`reference_id`)
) ENGINE=InnoDB DEFAULT CHARSET=utf8mb4 COLLATE=utf8mb4_0900_ai_ci;
/*!40101 SET character_set_client = @saved_cs_client */;

--
-- Dumping data for table `jb_invoice_items`
--

LOCK TABLES `jb_invoice_items` WRITE;
/*!40000 ALTER TABLE `jb_invoice_items` DISABLE KEYS */;
/*!40000 ALTER TABLE `jb_invoice_items` ENABLE KEYS */;
UNLOCK TABLES;

--
-- Table structure for table `jb_invoices`
--

DROP TABLE IF EXISTS `jb_invoices`;
/*!40101 SET @saved_cs_client     = @@character_set_client */;
/*!50503 SET character_set_client = utf8mb4 */;
CREATE TABLE `jb_invoices` (
  `id` bigint unsigned NOT NULL AUTO_INCREMENT,
  `reference_type` varchar(191) NOT NULL,
  `reference_id` bigint unsigned NOT NULL,
  `code` varchar(191) NOT NULL,
  `customer_name` varchar(191) NOT NULL,
  `company_name` varchar(191) DEFAULT NULL,
  `company_logo` varchar(191) DEFAULT NULL,
  `customer_email` varchar(191) NOT NULL,
  `customer_phone` varchar(191) DEFAULT NULL,
  `customer_address` varchar(191) DEFAULT NULL,
  `customer_tax_id` varchar(191) DEFAULT NULL,
  `sub_total` decimal(15,2) unsigned NOT NULL,
  `tax_amount` decimal(15,2) unsigned NOT NULL DEFAULT '0.00',
  `shipping_amount` decimal(15,2) unsigned NOT NULL DEFAULT '0.00',
  `discount_amount` decimal(15,2) unsigned NOT NULL DEFAULT '0.00',
  `coupon_code` varchar(191) DEFAULT NULL,
  `amount` decimal(15,2) unsigned NOT NULL,
  `payment_id` int unsigned DEFAULT NULL,
  `status` varchar(191) NOT NULL DEFAULT 'pending',
  `paid_at` timestamp NULL DEFAULT NULL,
  `created_at` timestamp NULL DEFAULT NULL,
  `updated_at` timestamp NULL DEFAULT NULL,
  PRIMARY KEY (`id`),
  UNIQUE KEY `jb_invoices_code_unique` (`code`),
  KEY `jb_invoices_reference_type_reference_id_index` (`reference_type`,`reference_id`),
  KEY `jb_invoices_payment_id_index` (`payment_id`),
  KEY `jb_invoices_status_index` (`status`)
) ENGINE=InnoDB DEFAULT CHARSET=utf8mb4 COLLATE=utf8mb4_0900_ai_ci;
/*!40101 SET character_set_client = @saved_cs_client */;

--
-- Dumping data for table `jb_invoices`
--

LOCK TABLES `jb_invoices` WRITE;
/*!40000 ALTER TABLE `jb_invoices` DISABLE KEYS */;
/*!40000 ALTER TABLE `jb_invoices` ENABLE KEYS */;
UNLOCK TABLES;

--
-- Table structure for table `jb_job_experiences`
--

DROP TABLE IF EXISTS `jb_job_experiences`;
/*!40101 SET @saved_cs_client     = @@character_set_client */;
/*!50503 SET character_set_client = utf8mb4 */;
CREATE TABLE `jb_job_experiences` (
  `id` bigint unsigned NOT NULL AUTO_INCREMENT,
  `name` varchar(120) NOT NULL,
  `order` tinyint NOT NULL DEFAULT '0',
  `is_default` tinyint unsigned NOT NULL DEFAULT '0',
  `status` varchar(60) NOT NULL DEFAULT 'published',
  `created_at` timestamp NULL DEFAULT NULL,
  `updated_at` timestamp NULL DEFAULT NULL,
  PRIMARY KEY (`id`)
) ENGINE=InnoDB AUTO_INCREMENT=13 DEFAULT CHARSET=utf8mb4 COLLATE=utf8mb4_0900_ai_ci;
/*!40101 SET character_set_client = @saved_cs_client */;

--
-- Dumping data for table `jb_job_experiences`
--

LOCK TABLES `jb_job_experiences` WRITE;
/*!40000 ALTER TABLE `jb_job_experiences` DISABLE KEYS */;
INSERT INTO `jb_job_experiences` VALUES (1,'Fresh',0,0,'published','2023-10-22 21:44:15','2023-10-22 21:44:15'),(2,'Less Than 1 Year',1,0,'published','2023-10-22 21:44:15','2023-10-22 21:44:15'),(3,'1 Year',2,0,'published','2023-10-22 21:44:15','2023-10-22 21:44:15'),(4,'2 Year',3,0,'published','2023-10-22 21:44:15','2023-10-22 21:44:15'),(5,'3 Year',4,0,'published','2023-10-22 21:44:15','2023-10-22 21:44:15'),(6,'4 Year',5,0,'published','2023-10-22 21:44:15','2023-10-22 21:44:15'),(7,'5 Year',6,0,'published','2023-10-22 21:44:15','2023-10-22 21:44:15'),(8,'6 Year',7,0,'published','2023-10-22 21:44:15','2023-10-22 21:44:15'),(9,'7 Year',8,0,'published','2023-10-22 21:44:15','2023-10-22 21:44:15'),(10,'8 Year',9,0,'published','2023-10-22 21:44:15','2023-10-22 21:44:15'),(11,'9 Year',10,0,'published','2023-10-22 21:44:15','2023-10-22 21:44:15'),(12,'10 Year',11,0,'published','2023-10-22 21:44:15','2023-10-22 21:44:15');
/*!40000 ALTER TABLE `jb_job_experiences` ENABLE KEYS */;
UNLOCK TABLES;

--
-- Table structure for table `jb_job_experiences_translations`
--

DROP TABLE IF EXISTS `jb_job_experiences_translations`;
/*!40101 SET @saved_cs_client     = @@character_set_client */;
/*!50503 SET character_set_client = utf8mb4 */;
CREATE TABLE `jb_job_experiences_translations` (
  `lang_code` varchar(191) NOT NULL,
  `jb_job_experiences_id` bigint unsigned NOT NULL,
  `name` varchar(255) DEFAULT NULL,
  PRIMARY KEY (`lang_code`,`jb_job_experiences_id`)
) ENGINE=InnoDB DEFAULT CHARSET=utf8mb4 COLLATE=utf8mb4_0900_ai_ci;
/*!40101 SET character_set_client = @saved_cs_client */;

--
-- Dumping data for table `jb_job_experiences_translations`
--

LOCK TABLES `jb_job_experiences_translations` WRITE;
/*!40000 ALTER TABLE `jb_job_experiences_translations` DISABLE KEYS */;
/*!40000 ALTER TABLE `jb_job_experiences_translations` ENABLE KEYS */;
UNLOCK TABLES;

--
-- Table structure for table `jb_job_shifts`
--

DROP TABLE IF EXISTS `jb_job_shifts`;
/*!40101 SET @saved_cs_client     = @@character_set_client */;
/*!50503 SET character_set_client = utf8mb4 */;
CREATE TABLE `jb_job_shifts` (
  `id` bigint unsigned NOT NULL AUTO_INCREMENT,
  `name` varchar(120) NOT NULL,
  `order` tinyint NOT NULL DEFAULT '0',
  `is_default` tinyint unsigned NOT NULL DEFAULT '0',
  `status` varchar(60) NOT NULL DEFAULT 'published',
  `created_at` timestamp NULL DEFAULT NULL,
  `updated_at` timestamp NULL DEFAULT NULL,
  PRIMARY KEY (`id`)
) ENGINE=InnoDB AUTO_INCREMENT=5 DEFAULT CHARSET=utf8mb4 COLLATE=utf8mb4_0900_ai_ci;
/*!40101 SET character_set_client = @saved_cs_client */;

--
-- Dumping data for table `jb_job_shifts`
--

LOCK TABLES `jb_job_shifts` WRITE;
/*!40000 ALTER TABLE `jb_job_shifts` DISABLE KEYS */;
INSERT INTO `jb_job_shifts` VALUES (1,'First Shift (Day)',0,0,'published','2023-10-22 21:44:15','2023-10-22 21:44:15'),(2,'Second Shift (Afternoon)',0,0,'published','2023-10-22 21:44:15','2023-10-22 21:44:15'),(3,'Third Shift (Night)',0,0,'published','2023-10-22 21:44:15','2023-10-22 21:44:15'),(4,'Rotating',0,0,'published','2023-10-22 21:44:15','2023-10-22 21:44:15');
/*!40000 ALTER TABLE `jb_job_shifts` ENABLE KEYS */;
UNLOCK TABLES;

--
-- Table structure for table `jb_job_shifts_translations`
--

DROP TABLE IF EXISTS `jb_job_shifts_translations`;
/*!40101 SET @saved_cs_client     = @@character_set_client */;
/*!50503 SET character_set_client = utf8mb4 */;
CREATE TABLE `jb_job_shifts_translations` (
  `lang_code` varchar(191) NOT NULL,
  `jb_job_shifts_id` bigint unsigned NOT NULL,
  `name` varchar(255) DEFAULT NULL,
  PRIMARY KEY (`lang_code`,`jb_job_shifts_id`)
) ENGINE=InnoDB DEFAULT CHARSET=utf8mb4 COLLATE=utf8mb4_0900_ai_ci;
/*!40101 SET character_set_client = @saved_cs_client */;

--
-- Dumping data for table `jb_job_shifts_translations`
--

LOCK TABLES `jb_job_shifts_translations` WRITE;
/*!40000 ALTER TABLE `jb_job_shifts_translations` DISABLE KEYS */;
/*!40000 ALTER TABLE `jb_job_shifts_translations` ENABLE KEYS */;
UNLOCK TABLES;

--
-- Table structure for table `jb_job_skills`
--

DROP TABLE IF EXISTS `jb_job_skills`;
/*!40101 SET @saved_cs_client     = @@character_set_client */;
/*!50503 SET character_set_client = utf8mb4 */;
CREATE TABLE `jb_job_skills` (
  `id` bigint unsigned NOT NULL AUTO_INCREMENT,
  `name` varchar(120) NOT NULL,
  `order` tinyint NOT NULL DEFAULT '0',
  `is_default` tinyint unsigned NOT NULL DEFAULT '0',
  `status` varchar(60) NOT NULL DEFAULT 'published',
  `created_at` timestamp NULL DEFAULT NULL,
  `updated_at` timestamp NULL DEFAULT NULL,
  PRIMARY KEY (`id`)
) ENGINE=InnoDB AUTO_INCREMENT=10 DEFAULT CHARSET=utf8mb4 COLLATE=utf8mb4_0900_ai_ci;
/*!40101 SET character_set_client = @saved_cs_client */;

--
-- Dumping data for table `jb_job_skills`
--

LOCK TABLES `jb_job_skills` WRITE;
/*!40000 ALTER TABLE `jb_job_skills` DISABLE KEYS */;
INSERT INTO `jb_job_skills` VALUES (1,'JavaScript',0,0,'published','2023-10-22 21:44:16','2023-10-22 21:44:16'),(2,'PHP',0,0,'published','2023-10-22 21:44:16','2023-10-22 21:44:16'),(3,'Python',0,0,'published','2023-10-22 21:44:16','2023-10-22 21:44:16'),(4,'Laravel',0,0,'published','2023-10-22 21:44:16','2023-10-22 21:44:16'),(5,'CakePHP',0,0,'published','2023-10-22 21:44:16','2023-10-22 21:44:16'),(6,'WordPress',0,0,'published','2023-10-22 21:44:16','2023-10-22 21:44:16'),(7,'Flutter',0,0,'published','2023-10-22 21:44:16','2023-10-22 21:44:16'),(8,'FilamentPHP',0,0,'published','2023-10-22 21:44:16','2023-10-22 21:44:16'),(9,'React.js',0,0,'published','2023-10-22 21:44:16','2023-10-22 21:44:16');
/*!40000 ALTER TABLE `jb_job_skills` ENABLE KEYS */;
UNLOCK TABLES;

--
-- Table structure for table `jb_job_skills_translations`
--

DROP TABLE IF EXISTS `jb_job_skills_translations`;
/*!40101 SET @saved_cs_client     = @@character_set_client */;
/*!50503 SET character_set_client = utf8mb4 */;
CREATE TABLE `jb_job_skills_translations` (
  `lang_code` varchar(191) NOT NULL,
  `jb_job_skills_id` bigint unsigned NOT NULL,
  `name` varchar(255) DEFAULT NULL,
  PRIMARY KEY (`lang_code`,`jb_job_skills_id`)
) ENGINE=InnoDB DEFAULT CHARSET=utf8mb4 COLLATE=utf8mb4_0900_ai_ci;
/*!40101 SET character_set_client = @saved_cs_client */;

--
-- Dumping data for table `jb_job_skills_translations`
--

LOCK TABLES `jb_job_skills_translations` WRITE;
/*!40000 ALTER TABLE `jb_job_skills_translations` DISABLE KEYS */;
/*!40000 ALTER TABLE `jb_job_skills_translations` ENABLE KEYS */;
UNLOCK TABLES;

--
-- Table structure for table `jb_job_types`
--

DROP TABLE IF EXISTS `jb_job_types`;
/*!40101 SET @saved_cs_client     = @@character_set_client */;
/*!50503 SET character_set_client = utf8mb4 */;
CREATE TABLE `jb_job_types` (
  `id` bigint unsigned NOT NULL AUTO_INCREMENT,
  `name` varchar(120) NOT NULL,
  `order` tinyint NOT NULL DEFAULT '0',
  `is_default` tinyint unsigned NOT NULL DEFAULT '0',
  `status` varchar(60) NOT NULL DEFAULT 'published',
  `created_at` timestamp NULL DEFAULT NULL,
  `updated_at` timestamp NULL DEFAULT NULL,
  PRIMARY KEY (`id`)
) ENGINE=InnoDB AUTO_INCREMENT=6 DEFAULT CHARSET=utf8mb4 COLLATE=utf8mb4_0900_ai_ci;
/*!40101 SET character_set_client = @saved_cs_client */;

--
-- Dumping data for table `jb_job_types`
--

LOCK TABLES `jb_job_types` WRITE;
/*!40000 ALTER TABLE `jb_job_types` DISABLE KEYS */;
INSERT INTO `jb_job_types` VALUES (1,'Contract',0,0,'published','2023-10-22 21:44:16','2023-10-22 21:44:16'),(2,'Freelance',0,0,'published','2023-10-22 21:44:16','2023-10-22 21:44:16'),(3,'Full Time',0,1,'published','2023-10-22 21:44:16','2023-10-22 21:44:16'),(4,'Internship',0,0,'published','2023-10-22 21:44:16','2023-10-22 21:44:16'),(5,'Part Time',0,0,'published','2023-10-22 21:44:16','2023-10-22 21:44:16');
/*!40000 ALTER TABLE `jb_job_types` ENABLE KEYS */;
UNLOCK TABLES;

--
-- Table structure for table `jb_job_types_translations`
--

DROP TABLE IF EXISTS `jb_job_types_translations`;
/*!40101 SET @saved_cs_client     = @@character_set_client */;
/*!50503 SET character_set_client = utf8mb4 */;
CREATE TABLE `jb_job_types_translations` (
  `lang_code` varchar(191) NOT NULL,
  `jb_job_types_id` bigint unsigned NOT NULL,
  `name` varchar(255) DEFAULT NULL,
  PRIMARY KEY (`lang_code`,`jb_job_types_id`)
) ENGINE=InnoDB DEFAULT CHARSET=utf8mb4 COLLATE=utf8mb4_0900_ai_ci;
/*!40101 SET character_set_client = @saved_cs_client */;

--
-- Dumping data for table `jb_job_types_translations`
--

LOCK TABLES `jb_job_types_translations` WRITE;
/*!40000 ALTER TABLE `jb_job_types_translations` DISABLE KEYS */;
/*!40000 ALTER TABLE `jb_job_types_translations` ENABLE KEYS */;
UNLOCK TABLES;

--
-- Table structure for table `jb_jobs`
--

DROP TABLE IF EXISTS `jb_jobs`;
/*!40101 SET @saved_cs_client     = @@character_set_client */;
/*!50503 SET character_set_client = utf8mb4 */;
CREATE TABLE `jb_jobs` (
  `id` bigint unsigned NOT NULL AUTO_INCREMENT,
  `name` varchar(120) NOT NULL,
  `description` text,
  `content` text,
  `apply_url` varchar(255) DEFAULT NULL,
  `company_id` bigint unsigned DEFAULT NULL,
  `address` varchar(255) DEFAULT NULL,
  `country_id` bigint unsigned DEFAULT '1',
  `state_id` bigint unsigned DEFAULT NULL,
  `city_id` bigint unsigned DEFAULT NULL,
  `is_freelance` tinyint unsigned NOT NULL DEFAULT '0',
  `career_level_id` bigint unsigned DEFAULT NULL,
  `salary_from` decimal(15,2) unsigned DEFAULT NULL,
  `salary_to` decimal(15,2) unsigned DEFAULT NULL,
  `salary_range` varchar(30) NOT NULL DEFAULT 'hour',
  `currency_id` bigint unsigned DEFAULT NULL,
  `degree_level_id` bigint unsigned DEFAULT NULL,
  `job_shift_id` bigint unsigned DEFAULT NULL,
  `job_experience_id` bigint unsigned DEFAULT NULL,
  `functional_area_id` bigint unsigned DEFAULT NULL,
  `hide_salary` tinyint(1) NOT NULL DEFAULT '0',
  `number_of_positions` int unsigned NOT NULL DEFAULT '1',
  `expire_date` date DEFAULT NULL,
  `author_id` bigint unsigned DEFAULT NULL,
  `author_type` varchar(255) NOT NULL DEFAULT 'Botble\\ACL\\Models\\User',
  `views` int unsigned NOT NULL DEFAULT '0',
  `number_of_applied` int unsigned NOT NULL DEFAULT '0',
  `hide_company` tinyint(1) NOT NULL DEFAULT '0',
  `latitude` varchar(25) DEFAULT NULL,
  `longitude` varchar(25) DEFAULT NULL,
  `auto_renew` tinyint(1) NOT NULL DEFAULT '0',
  `external_apply_clicks` int unsigned NOT NULL DEFAULT '0',
  `never_expired` tinyint(1) NOT NULL DEFAULT '0',
  `is_featured` tinyint NOT NULL DEFAULT '0',
  `status` varchar(60) NOT NULL DEFAULT 'published',
  `moderation_status` varchar(60) NOT NULL DEFAULT 'pending',
  `created_at` timestamp NULL DEFAULT NULL,
  `updated_at` timestamp NULL DEFAULT NULL,
  `employer_colleagues` text,
  `start_date` date DEFAULT NULL,
  `application_closing_date` date DEFAULT NULL,
  `zip_code` varchar(20) DEFAULT NULL,
  PRIMARY KEY (`id`)
) ENGINE=InnoDB AUTO_INCREMENT=52 DEFAULT CHARSET=utf8mb4 COLLATE=utf8mb4_0900_ai_ci;
/*!40101 SET character_set_client = @saved_cs_client */;

--
-- Dumping data for table `jb_jobs`
--

LOCK TABLES `jb_jobs` WRITE;
/*!40000 ALTER TABLE `jb_jobs` DISABLE KEYS */;
INSERT INTO `jb_jobs` VALUES (1,'UI / UX Designer full-time','Sit qui est quisquam vel in. Qui sapiente neque praesentium corrupti eum sunt sed. Ab harum deleniti enim voluptas perferendis eos excepturi. Dolores molestias earum repellendus iure sapiente dolore.','<h5>Responsibilities</h5>\n                <div>\n                    <p>As a Product Designer, you will work within a Product Delivery Team fused with UX, engineering, product and data talent.</p>\n                    <ul>\n                        <li>Have sound knowledge of commercial activities.</li>\n                        <li>Build next-generation web applications with a focus on the client side</li>\n                        <li>Work on multiple projects at once, and consistently meet draft deadlines</li>\n                        <li>have already graduated or are currently in any year of study</li>\n                        <li>Revise the work of previous designers to create a unified aesthetic for our brand materials</li>\n                    </ul>\n                </div>\n                <h5>Qualification </h5>\n                <div>\n                    <ul>\n                        <li>B.C.A / M.C.A under National University course complete.</li>\n                        <li>3 or more years of professional design experience</li>\n                        <li>have already graduated or are currently in any year of study</li>\n                        <li>Advanced degree or equivalent experience in graphic and web design</li>\n                    </ul>\n                </div>','',19,NULL,5,5,5,0,5,9500.00,10700.00,'weekly',1,6,3,2,91,0,2,'2023-12-02',1,'Botble\\JobBoard\\Models\\Account',0,0,0,'43.446791','-75.448198',0,0,0,1,'published','approved','2023-09-06 07:14:02','2023-10-22 21:44:16',NULL,NULL,NULL,NULL),(2,'Full Stack Engineer','Dicta architecto inventore odit maiores. Maiores aut molestias doloribus et qui.','<h5>Responsibilities</h5>\n                <div>\n                    <p>As a Product Designer, you will work within a Product Delivery Team fused with UX, engineering, product and data talent.</p>\n                    <ul>\n                        <li>Have sound knowledge of commercial activities.</li>\n                        <li>Build next-generation web applications with a focus on the client side</li>\n                        <li>Work on multiple projects at once, and consistently meet draft deadlines</li>\n                        <li>have already graduated or are currently in any year of study</li>\n                        <li>Revise the work of previous designers to create a unified aesthetic for our brand materials</li>\n                    </ul>\n                </div>\n                <h5>Qualification </h5>\n                <div>\n                    <ul>\n                        <li>B.C.A / M.C.A under National University course complete.</li>\n                        <li>3 or more years of professional design experience</li>\n                        <li>have already graduated or are currently in any year of study</li>\n                        <li>Advanced degree or equivalent experience in graphic and web design</li>\n                    </ul>\n                </div>','https://google.com',3,NULL,1,1,1,0,3,7400.00,11700.00,'yearly',1,10,2,3,70,0,3,'2023-12-22',1,'Botble\\JobBoard\\Models\\Account',0,0,0,'42.800595','-75.024962',0,0,1,0,'published','approved','2023-09-25 07:20:34','2023-10-22 21:44:16',NULL,NULL,NULL,NULL),(3,'Java Software Engineer','Modi sit perspiciatis perspiciatis architecto distinctio autem. Maxime non nobis nihil et ducimus voluptas. Qui aperiam rerum aut rem doloremque. Est expedita laborum recusandae perspiciatis.','<h5>Responsibilities</h5>\n                <div>\n                    <p>As a Product Designer, you will work within a Product Delivery Team fused with UX, engineering, product and data talent.</p>\n                    <ul>\n                        <li>Have sound knowledge of commercial activities.</li>\n                        <li>Build next-generation web applications with a focus on the client side</li>\n                        <li>Work on multiple projects at once, and consistently meet draft deadlines</li>\n                        <li>have already graduated or are currently in any year of study</li>\n                        <li>Revise the work of previous designers to create a unified aesthetic for our brand materials</li>\n                    </ul>\n                </div>\n                <h5>Qualification </h5>\n                <div>\n                    <ul>\n                        <li>B.C.A / M.C.A under National University course complete.</li>\n                        <li>3 or more years of professional design experience</li>\n                        <li>have already graduated or are currently in any year of study</li>\n                        <li>Advanced degree or equivalent experience in graphic and web design</li>\n                    </ul>\n                </div>','',17,NULL,3,3,3,0,2,2300.00,10200.00,'weekly',0,6,4,1,27,0,9,'2023-12-09',1,'Botble\\JobBoard\\Models\\Account',0,0,0,'42.726663','-75.955623',0,0,1,1,'published','approved','2023-09-13 05:26:53','2023-10-22 21:44:16',NULL,NULL,NULL,NULL),(4,'Digital Marketing Manager','Itaque perferendis eveniet et adipisci occaecati laborum. Voluptate dolores optio odit omnis. Voluptatem veniam consectetur ea dicta a rerum eum. Laborum cupiditate explicabo voluptatem ipsam dolore.','<h5>Responsibilities</h5>\n                <div>\n                    <p>As a Product Designer, you will work within a Product Delivery Team fused with UX, engineering, product and data talent.</p>\n                    <ul>\n                        <li>Have sound knowledge of commercial activities.</li>\n                        <li>Build next-generation web applications with a focus on the client side</li>\n                        <li>Work on multiple projects at once, and consistently meet draft deadlines</li>\n                        <li>have already graduated or are currently in any year of study</li>\n                        <li>Revise the work of previous designers to create a unified aesthetic for our brand materials</li>\n                    </ul>\n                </div>\n                <h5>Qualification </h5>\n                <div>\n                    <ul>\n                        <li>B.C.A / M.C.A under National University course complete.</li>\n                        <li>3 or more years of professional design experience</li>\n                        <li>have already graduated or are currently in any year of study</li>\n                        <li>Advanced degree or equivalent experience in graphic and web design</li>\n                    </ul>\n                </div>','',20,NULL,5,5,5,0,2,2700.00,12000.00,'hourly',1,8,4,2,27,0,4,'2023-11-30',1,'Botble\\JobBoard\\Models\\Account',0,0,0,'43.467472','-76.508411',0,0,0,1,'published','approved','2023-10-03 12:01:34','2023-10-22 21:44:16',NULL,NULL,NULL,NULL),(5,'Frontend Developer','Possimus facere odit commodi perferendis. Enim dolores enim assumenda corrupti recusandae reiciendis. Sit recusandae et accusamus tempore.','<h5>Responsibilities</h5>\n                <div>\n                    <p>As a Product Designer, you will work within a Product Delivery Team fused with UX, engineering, product and data talent.</p>\n                    <ul>\n                        <li>Have sound knowledge of commercial activities.</li>\n                        <li>Build next-generation web applications with a focus on the client side</li>\n                        <li>Work on multiple projects at once, and consistently meet draft deadlines</li>\n                        <li>have already graduated or are currently in any year of study</li>\n                        <li>Revise the work of previous designers to create a unified aesthetic for our brand materials</li>\n                    </ul>\n                </div>\n                <h5>Qualification </h5>\n                <div>\n                    <ul>\n                        <li>B.C.A / M.C.A under National University course complete.</li>\n                        <li>3 or more years of professional design experience</li>\n                        <li>have already graduated or are currently in any year of study</li>\n                        <li>Advanced degree or equivalent experience in graphic and web design</li>\n                    </ul>\n                </div>','',20,NULL,5,5,5,0,5,3100.00,5500.00,'monthly',0,9,3,3,73,0,9,'2023-12-18',1,'Botble\\JobBoard\\Models\\Account',0,0,0,'43.467472','-76.508411',0,0,0,0,'published','approved','2023-09-25 23:15:57','2023-10-22 21:44:16',NULL,NULL,NULL,NULL),(6,'React Native Web Developer','Blanditiis illo ut natus voluptatibus. Necessitatibus aliquam dolor culpa sed. Aliquam qui nemo ullam inventore.','<h5>Responsibilities</h5>\n                <div>\n                    <p>As a Product Designer, you will work within a Product Delivery Team fused with UX, engineering, product and data talent.</p>\n                    <ul>\n                        <li>Have sound knowledge of commercial activities.</li>\n                        <li>Build next-generation web applications with a focus on the client side</li>\n                        <li>Work on multiple projects at once, and consistently meet draft deadlines</li>\n                        <li>have already graduated or are currently in any year of study</li>\n                        <li>Revise the work of previous designers to create a unified aesthetic for our brand materials</li>\n                    </ul>\n                </div>\n                <h5>Qualification </h5>\n                <div>\n                    <ul>\n                        <li>B.C.A / M.C.A under National University course complete.</li>\n                        <li>3 or more years of professional design experience</li>\n                        <li>have already graduated or are currently in any year of study</li>\n                        <li>Advanced degree or equivalent experience in graphic and web design</li>\n                    </ul>\n                </div>','',17,NULL,3,3,3,0,3,2200.00,6500.00,'weekly',1,9,3,3,39,0,5,'2023-12-08',1,'Botble\\JobBoard\\Models\\Account',0,0,0,'42.726663','-75.955623',0,0,1,0,'published','approved','2023-10-18 23:21:11','2023-10-22 21:44:16',NULL,NULL,NULL,NULL),(7,'Senior System Engineer','Autem iste provident ut adipisci voluptatem iure. Ducimus laborum est fugit aut aut. Quisquam neque inventore repellat in accusantium error. Quo officiis et ab quo.','<h5>Responsibilities</h5>\n                <div>\n                    <p>As a Product Designer, you will work within a Product Delivery Team fused with UX, engineering, product and data talent.</p>\n                    <ul>\n                        <li>Have sound knowledge of commercial activities.</li>\n                        <li>Build next-generation web applications with a focus on the client side</li>\n                        <li>Work on multiple projects at once, and consistently meet draft deadlines</li>\n                        <li>have already graduated or are currently in any year of study</li>\n                        <li>Revise the work of previous designers to create a unified aesthetic for our brand materials</li>\n                    </ul>\n                </div>\n                <h5>Qualification </h5>\n                <div>\n                    <ul>\n                        <li>B.C.A / M.C.A under National University course complete.</li>\n                        <li>3 or more years of professional design experience</li>\n                        <li>have already graduated or are currently in any year of study</li>\n                        <li>Advanced degree or equivalent experience in graphic and web design</li>\n                    </ul>\n                </div>','',8,NULL,3,3,3,0,1,9700.00,14400.00,'weekly',0,4,1,3,31,0,10,'2023-11-26',1,'Botble\\JobBoard\\Models\\Account',0,0,0,'43.103061','-75.149102',0,0,0,0,'published','approved','2023-10-17 23:03:33','2023-10-22 21:44:16',NULL,NULL,NULL,NULL),(8,'Products Manager','Quia quia a ab placeat. Blanditiis quae fugiat quia quas nisi reprehenderit. Cum in fuga et esse quibusdam mollitia. Vel quis dolor nihil aut.','<h5>Responsibilities</h5>\n                <div>\n                    <p>As a Product Designer, you will work within a Product Delivery Team fused with UX, engineering, product and data talent.</p>\n                    <ul>\n                        <li>Have sound knowledge of commercial activities.</li>\n                        <li>Build next-generation web applications with a focus on the client side</li>\n                        <li>Work on multiple projects at once, and consistently meet draft deadlines</li>\n                        <li>have already graduated or are currently in any year of study</li>\n                        <li>Revise the work of previous designers to create a unified aesthetic for our brand materials</li>\n                    </ul>\n                </div>\n                <h5>Qualification </h5>\n                <div>\n                    <ul>\n                        <li>B.C.A / M.C.A under National University course complete.</li>\n                        <li>3 or more years of professional design experience</li>\n                        <li>have already graduated or are currently in any year of study</li>\n                        <li>Advanced degree or equivalent experience in graphic and web design</li>\n                    </ul>\n                </div>','',9,NULL,2,2,2,0,4,900.00,8400.00,'daily',0,7,1,2,57,0,2,'2023-11-07',1,'Botble\\JobBoard\\Models\\Account',0,0,0,'43.082965','-76.170266',0,0,0,1,'published','approved','2023-10-10 20:53:01','2023-10-22 21:44:16',NULL,NULL,NULL,NULL),(9,'Lead Quality Control QA','Atque qui voluptatem eveniet sit distinctio odio tempora. Eum et itaque aut maiores. Repellat cupiditate ratione quidem et corrupti. Rerum dicta quia dolorem sunt ut accusamus necessitatibus.','<h5>Responsibilities</h5>\n                <div>\n                    <p>As a Product Designer, you will work within a Product Delivery Team fused with UX, engineering, product and data talent.</p>\n                    <ul>\n                        <li>Have sound knowledge of commercial activities.</li>\n                        <li>Build next-generation web applications with a focus on the client side</li>\n                        <li>Work on multiple projects at once, and consistently meet draft deadlines</li>\n                        <li>have already graduated or are currently in any year of study</li>\n                        <li>Revise the work of previous designers to create a unified aesthetic for our brand materials</li>\n                    </ul>\n                </div>\n                <h5>Qualification </h5>\n                <div>\n                    <ul>\n                        <li>B.C.A / M.C.A under National University course complete.</li>\n                        <li>3 or more years of professional design experience</li>\n                        <li>have already graduated or are currently in any year of study</li>\n                        <li>Advanced degree or equivalent experience in graphic and web design</li>\n                    </ul>\n                </div>','',1,NULL,5,5,5,0,4,2000.00,9400.00,'hourly',1,10,4,1,51,0,3,'2023-12-10',1,'Botble\\JobBoard\\Models\\Account',0,0,0,'43.037748','-76.266912',0,0,0,0,'published','approved','2023-09-23 04:41:44','2023-10-22 21:44:16',NULL,NULL,NULL,NULL),(10,'Principal Designer, Design Systems','Eaque non ab aut id dolor ex voluptatem. Quia tempore culpa fuga ut. Similique sequi eos nemo repellendus voluptatem. Consectetur velit et ea quae at.','<h5>Responsibilities</h5>\n                <div>\n                    <p>As a Product Designer, you will work within a Product Delivery Team fused with UX, engineering, product and data talent.</p>\n                    <ul>\n                        <li>Have sound knowledge of commercial activities.</li>\n                        <li>Build next-generation web applications with a focus on the client side</li>\n                        <li>Work on multiple projects at once, and consistently meet draft deadlines</li>\n                        <li>have already graduated or are currently in any year of study</li>\n                        <li>Revise the work of previous designers to create a unified aesthetic for our brand materials</li>\n                    </ul>\n                </div>\n                <h5>Qualification </h5>\n                <div>\n                    <ul>\n                        <li>B.C.A / M.C.A under National University course complete.</li>\n                        <li>3 or more years of professional design experience</li>\n                        <li>have already graduated or are currently in any year of study</li>\n                        <li>Advanced degree or equivalent experience in graphic and web design</li>\n                    </ul>\n                </div>','',18,NULL,4,4,4,0,2,6200.00,10500.00,'monthly',1,3,4,2,68,0,4,'2023-11-17',1,'Botble\\JobBoard\\Models\\Account',0,0,0,'43.24867','-76.224981',0,0,1,0,'published','approved','2023-10-10 17:02:55','2023-10-22 21:44:16',NULL,NULL,NULL,NULL),(11,'DevOps Architect','Dignissimos saepe sed ut corrupti ut officiis. Quis est repudiandae atque quos ab. Aut qui quis adipisci accusantium numquam quae. Ipsa occaecati voluptas blanditiis.','<h5>Responsibilities</h5>\n                <div>\n                    <p>As a Product Designer, you will work within a Product Delivery Team fused with UX, engineering, product and data talent.</p>\n                    <ul>\n                        <li>Have sound knowledge of commercial activities.</li>\n                        <li>Build next-generation web applications with a focus on the client side</li>\n                        <li>Work on multiple projects at once, and consistently meet draft deadlines</li>\n                        <li>have already graduated or are currently in any year of study</li>\n                        <li>Revise the work of previous designers to create a unified aesthetic for our brand materials</li>\n                    </ul>\n                </div>\n                <h5>Qualification </h5>\n                <div>\n                    <ul>\n                        <li>B.C.A / M.C.A under National University course complete.</li>\n                        <li>3 or more years of professional design experience</li>\n                        <li>have already graduated or are currently in any year of study</li>\n                        <li>Advanced degree or equivalent experience in graphic and web design</li>\n                    </ul>\n                </div>','',18,NULL,4,4,4,0,2,5900.00,8500.00,'daily',1,1,2,2,155,0,3,'2023-12-05',1,'Botble\\JobBoard\\Models\\Account',0,0,0,'43.24867','-76.224981',0,0,0,1,'published','approved','2023-10-21 06:36:48','2023-10-22 21:44:16',NULL,NULL,NULL,NULL),(12,'Senior Software Engineer, npm CLI','Nobis facere labore voluptate rerum. Et eius odit deleniti vitae dicta sit. Recusandae eaque dolorem magni pariatur et quidem. Aliquid aspernatur qui dolorum expedita amet alias ut praesentium.','<h5>Responsibilities</h5>\n                <div>\n                    <p>As a Product Designer, you will work within a Product Delivery Team fused with UX, engineering, product and data talent.</p>\n                    <ul>\n                        <li>Have sound knowledge of commercial activities.</li>\n                        <li>Build next-generation web applications with a focus on the client side</li>\n                        <li>Work on multiple projects at once, and consistently meet draft deadlines</li>\n                        <li>have already graduated or are currently in any year of study</li>\n                        <li>Revise the work of previous designers to create a unified aesthetic for our brand materials</li>\n                    </ul>\n                </div>\n                <h5>Qualification </h5>\n                <div>\n                    <ul>\n                        <li>B.C.A / M.C.A under National University course complete.</li>\n                        <li>3 or more years of professional design experience</li>\n                        <li>have already graduated or are currently in any year of study</li>\n                        <li>Advanced degree or equivalent experience in graphic and web design</li>\n                    </ul>\n                </div>','',7,NULL,4,4,4,0,2,7500.00,15100.00,'weekly',1,1,2,2,129,0,10,'2023-12-10',1,'Botble\\JobBoard\\Models\\Account',0,0,0,'43.769657','-75.969495',0,0,0,1,'published','approved','2023-09-11 12:25:30','2023-10-22 21:44:16',NULL,NULL,NULL,NULL),(13,'Senior Systems Engineer','Aut corporis praesentium tenetur sequi recusandae. Numquam in qui eligendi natus. Veniam fugit laudantium blanditiis. Officia odit adipisci reprehenderit et.','<h5>Responsibilities</h5>\n                <div>\n                    <p>As a Product Designer, you will work within a Product Delivery Team fused with UX, engineering, product and data talent.</p>\n                    <ul>\n                        <li>Have sound knowledge of commercial activities.</li>\n                        <li>Build next-generation web applications with a focus on the client side</li>\n                        <li>Work on multiple projects at once, and consistently meet draft deadlines</li>\n                        <li>have already graduated or are currently in any year of study</li>\n                        <li>Revise the work of previous designers to create a unified aesthetic for our brand materials</li>\n                    </ul>\n                </div>\n                <h5>Qualification </h5>\n                <div>\n                    <ul>\n                        <li>B.C.A / M.C.A under National University course complete.</li>\n                        <li>3 or more years of professional design experience</li>\n                        <li>have already graduated or are currently in any year of study</li>\n                        <li>Advanced degree or equivalent experience in graphic and web design</li>\n                    </ul>\n                </div>','',6,NULL,5,5,5,0,4,4700.00,14600.00,'weekly',0,4,3,5,43,0,10,'2023-11-12',1,'Botble\\JobBoard\\Models\\Account',0,0,0,'42.965482','-74.892942',0,0,0,0,'published','approved','2023-09-12 07:54:29','2023-10-22 21:44:16',NULL,NULL,NULL,NULL),(14,'Software Engineer Actions Platform','Ipsam voluptate est modi quis omnis aut totam. Id asperiores atque quam minus et et. Dolorem harum provident voluptas est dolores eius quia perspiciatis. Blanditiis magnam qui totam assumenda.','<h5>Responsibilities</h5>\n                <div>\n                    <p>As a Product Designer, you will work within a Product Delivery Team fused with UX, engineering, product and data talent.</p>\n                    <ul>\n                        <li>Have sound knowledge of commercial activities.</li>\n                        <li>Build next-generation web applications with a focus on the client side</li>\n                        <li>Work on multiple projects at once, and consistently meet draft deadlines</li>\n                        <li>have already graduated or are currently in any year of study</li>\n                        <li>Revise the work of previous designers to create a unified aesthetic for our brand materials</li>\n                    </ul>\n                </div>\n                <h5>Qualification </h5>\n                <div>\n                    <ul>\n                        <li>B.C.A / M.C.A under National University course complete.</li>\n                        <li>3 or more years of professional design experience</li>\n                        <li>have already graduated or are currently in any year of study</li>\n                        <li>Advanced degree or equivalent experience in graphic and web design</li>\n                    </ul>\n                </div>','',3,NULL,1,1,1,0,5,8100.00,10500.00,'monthly',0,3,4,5,144,0,4,'2023-11-25',1,'Botble\\JobBoard\\Models\\Account',0,0,0,'42.800595','-75.024962',0,0,0,1,'published','approved','2023-10-11 10:12:16','2023-10-22 21:44:16',NULL,NULL,NULL,NULL),(15,'Staff Engineering Manager, Actions','Qui soluta corrupti et sit. Voluptate nemo sed ut quia. Iure omnis reiciendis corrupti dolor illo qui et. Nesciunt animi non ipsam. Culpa occaecati eum cumque aliquid est nam.','<h5>Responsibilities</h5>\n                <div>\n                    <p>As a Product Designer, you will work within a Product Delivery Team fused with UX, engineering, product and data talent.</p>\n                    <ul>\n                        <li>Have sound knowledge of commercial activities.</li>\n                        <li>Build next-generation web applications with a focus on the client side</li>\n                        <li>Work on multiple projects at once, and consistently meet draft deadlines</li>\n                        <li>have already graduated or are currently in any year of study</li>\n                        <li>Revise the work of previous designers to create a unified aesthetic for our brand materials</li>\n                    </ul>\n                </div>\n                <h5>Qualification </h5>\n                <div>\n                    <ul>\n                        <li>B.C.A / M.C.A under National University course complete.</li>\n                        <li>3 or more years of professional design experience</li>\n                        <li>have already graduated or are currently in any year of study</li>\n                        <li>Advanced degree or equivalent experience in graphic and web design</li>\n                    </ul>\n                </div>','',7,NULL,4,4,4,0,1,2300.00,8600.00,'hourly',0,5,3,2,96,0,3,'2023-11-14',1,'Botble\\JobBoard\\Models\\Account',0,0,0,'43.769657','-75.969495',0,0,1,0,'published','approved','2023-10-13 03:56:28','2023-10-22 21:44:16',NULL,NULL,NULL,NULL),(16,'Staff Engineering Manager: Actions Runtime','Voluptatem dolores tenetur odit dolorem consequuntur possimus molestiae. Est quisquam qui veniam voluptate rerum. Quaerat nesciunt voluptatibus tempore odio maxime molestiae fugiat.','<h5>Responsibilities</h5>\n                <div>\n                    <p>As a Product Designer, you will work within a Product Delivery Team fused with UX, engineering, product and data talent.</p>\n                    <ul>\n                        <li>Have sound knowledge of commercial activities.</li>\n                        <li>Build next-generation web applications with a focus on the client side</li>\n                        <li>Work on multiple projects at once, and consistently meet draft deadlines</li>\n                        <li>have already graduated or are currently in any year of study</li>\n                        <li>Revise the work of previous designers to create a unified aesthetic for our brand materials</li>\n                    </ul>\n                </div>\n                <h5>Qualification </h5>\n                <div>\n                    <ul>\n                        <li>B.C.A / M.C.A under National University course complete.</li>\n                        <li>3 or more years of professional design experience</li>\n                        <li>have already graduated or are currently in any year of study</li>\n                        <li>Advanced degree or equivalent experience in graphic and web design</li>\n                    </ul>\n                </div>','',16,NULL,1,1,1,0,5,4000.00,6800.00,'daily',0,1,1,4,139,0,3,'2023-11-22',1,'Botble\\JobBoard\\Models\\Account',0,0,0,'42.996244','-74.794998',0,0,0,1,'published','approved','2023-09-07 02:13:42','2023-10-22 21:44:16',NULL,NULL,NULL,NULL),(17,'Staff Engineering Manager, Packages','Facilis sed libero mollitia aut officiis quisquam iusto. Omnis quasi id sint temporibus nostrum accusantium ducimus. Est voluptatem unde vitae excepturi impedit voluptates.','<h5>Responsibilities</h5>\n                <div>\n                    <p>As a Product Designer, you will work within a Product Delivery Team fused with UX, engineering, product and data talent.</p>\n                    <ul>\n                        <li>Have sound knowledge of commercial activities.</li>\n                        <li>Build next-generation web applications with a focus on the client side</li>\n                        <li>Work on multiple projects at once, and consistently meet draft deadlines</li>\n                        <li>have already graduated or are currently in any year of study</li>\n                        <li>Revise the work of previous designers to create a unified aesthetic for our brand materials</li>\n                    </ul>\n                </div>\n                <h5>Qualification </h5>\n                <div>\n                    <ul>\n                        <li>B.C.A / M.C.A under National University course complete.</li>\n                        <li>3 or more years of professional design experience</li>\n                        <li>have already graduated or are currently in any year of study</li>\n                        <li>Advanced degree or equivalent experience in graphic and web design</li>\n                    </ul>\n                </div>','',10,NULL,6,6,6,0,4,5200.00,12600.00,'hourly',0,3,4,2,41,0,2,'2023-11-27',1,'Botble\\JobBoard\\Models\\Account',0,0,0,'43.6735','-76.421932',0,0,1,0,'published','approved','2023-10-14 10:04:40','2023-10-22 21:44:16',NULL,NULL,NULL,NULL),(18,'Staff Software Engineer','Quaerat nostrum quia dolores illum voluptatum. Dolorem est sit tempore suscipit. Praesentium aut qui illo recusandae.','<h5>Responsibilities</h5>\n                <div>\n                    <p>As a Product Designer, you will work within a Product Delivery Team fused with UX, engineering, product and data talent.</p>\n                    <ul>\n                        <li>Have sound knowledge of commercial activities.</li>\n                        <li>Build next-generation web applications with a focus on the client side</li>\n                        <li>Work on multiple projects at once, and consistently meet draft deadlines</li>\n                        <li>have already graduated or are currently in any year of study</li>\n                        <li>Revise the work of previous designers to create a unified aesthetic for our brand materials</li>\n                    </ul>\n                </div>\n                <h5>Qualification </h5>\n                <div>\n                    <ul>\n                        <li>B.C.A / M.C.A under National University course complete.</li>\n                        <li>3 or more years of professional design experience</li>\n                        <li>have already graduated or are currently in any year of study</li>\n                        <li>Advanced degree or equivalent experience in graphic and web design</li>\n                    </ul>\n                </div>','',5,NULL,1,1,1,0,2,9900.00,12800.00,'weekly',1,1,1,5,5,0,7,'2023-12-05',1,'Botble\\JobBoard\\Models\\Account',0,0,0,'42.72121','-75.357078',0,0,0,0,'published','approved','2023-08-24 01:57:28','2023-10-22 21:44:16',NULL,NULL,NULL,NULL),(19,'Systems Software Engineer','Sed ut ratione reiciendis aspernatur nostrum dolor. Commodi nesciunt velit nemo et. Doloribus numquam deleniti nobis qui.','<h5>Responsibilities</h5>\n                <div>\n                    <p>As a Product Designer, you will work within a Product Delivery Team fused with UX, engineering, product and data talent.</p>\n                    <ul>\n                        <li>Have sound knowledge of commercial activities.</li>\n                        <li>Build next-generation web applications with a focus on the client side</li>\n                        <li>Work on multiple projects at once, and consistently meet draft deadlines</li>\n                        <li>have already graduated or are currently in any year of study</li>\n                        <li>Revise the work of previous designers to create a unified aesthetic for our brand materials</li>\n                    </ul>\n                </div>\n                <h5>Qualification </h5>\n                <div>\n                    <ul>\n                        <li>B.C.A / M.C.A under National University course complete.</li>\n                        <li>3 or more years of professional design experience</li>\n                        <li>have already graduated or are currently in any year of study</li>\n                        <li>Advanced degree or equivalent experience in graphic and web design</li>\n                    </ul>\n                </div>','',16,NULL,1,1,1,0,3,9600.00,17500.00,'yearly',0,3,2,4,33,0,5,'2023-11-27',1,'Botble\\JobBoard\\Models\\Account',0,0,0,'42.996244','-74.794998',0,0,0,0,'published','approved','2023-09-16 00:12:24','2023-10-22 21:44:16',NULL,NULL,NULL,NULL),(20,'Senior Compensation Analyst','Error eum voluptatem qui consequatur. Harum aliquam culpa harum facere fuga ea veniam. Nesciunt labore accusantium laudantium nobis voluptatum. Dicta id quasi quia exercitationem illum autem sed.','<h5>Responsibilities</h5>\n                <div>\n                    <p>As a Product Designer, you will work within a Product Delivery Team fused with UX, engineering, product and data talent.</p>\n                    <ul>\n                        <li>Have sound knowledge of commercial activities.</li>\n                        <li>Build next-generation web applications with a focus on the client side</li>\n                        <li>Work on multiple projects at once, and consistently meet draft deadlines</li>\n                        <li>have already graduated or are currently in any year of study</li>\n                        <li>Revise the work of previous designers to create a unified aesthetic for our brand materials</li>\n                    </ul>\n                </div>\n                <h5>Qualification </h5>\n                <div>\n                    <ul>\n                        <li>B.C.A / M.C.A under National University course complete.</li>\n                        <li>3 or more years of professional design experience</li>\n                        <li>have already graduated or are currently in any year of study</li>\n                        <li>Advanced degree or equivalent experience in graphic and web design</li>\n                    </ul>\n                </div>','',12,NULL,6,6,6,0,1,7900.00,17200.00,'yearly',0,1,3,2,23,0,2,'2023-12-07',1,'Botble\\JobBoard\\Models\\Account',0,0,0,'43.553537','-75.237179',0,0,1,0,'published','approved','2023-09-28 08:15:12','2023-10-22 21:44:16',NULL,NULL,NULL,NULL),(21,'Senior Accessibility Program Manager','Et harum magni ducimus dignissimos. Ex at et ut eos nemo. Autem similique qui dicta.','<h5>Responsibilities</h5>\n                <div>\n                    <p>As a Product Designer, you will work within a Product Delivery Team fused with UX, engineering, product and data talent.</p>\n                    <ul>\n                        <li>Have sound knowledge of commercial activities.</li>\n                        <li>Build next-generation web applications with a focus on the client side</li>\n                        <li>Work on multiple projects at once, and consistently meet draft deadlines</li>\n                        <li>have already graduated or are currently in any year of study</li>\n                        <li>Revise the work of previous designers to create a unified aesthetic for our brand materials</li>\n                    </ul>\n                </div>\n                <h5>Qualification </h5>\n                <div>\n                    <ul>\n                        <li>B.C.A / M.C.A under National University course complete.</li>\n                        <li>3 or more years of professional design experience</li>\n                        <li>have already graduated or are currently in any year of study</li>\n                        <li>Advanced degree or equivalent experience in graphic and web design</li>\n                    </ul>\n                </div>','',9,NULL,2,2,2,0,2,6300.00,8700.00,'hourly',0,8,2,1,126,0,10,'2023-12-19',1,'Botble\\JobBoard\\Models\\Account',0,0,0,'43.082965','-76.170266',0,0,0,1,'published','approved','2023-09-17 17:56:43','2023-10-22 21:44:16',NULL,NULL,NULL,NULL),(22,'Analyst Relations Manager, Application Security','Qui ea consequatur nesciunt. Iste sequi corrupti sint odit. Qui non rerum veniam corporis iure ipsa deleniti quae. Dolor laboriosam omnis aliquid at tempore voluptatem minus.','<h5>Responsibilities</h5>\n                <div>\n                    <p>As a Product Designer, you will work within a Product Delivery Team fused with UX, engineering, product and data talent.</p>\n                    <ul>\n                        <li>Have sound knowledge of commercial activities.</li>\n                        <li>Build next-generation web applications with a focus on the client side</li>\n                        <li>Work on multiple projects at once, and consistently meet draft deadlines</li>\n                        <li>have already graduated or are currently in any year of study</li>\n                        <li>Revise the work of previous designers to create a unified aesthetic for our brand materials</li>\n                    </ul>\n                </div>\n                <h5>Qualification </h5>\n                <div>\n                    <ul>\n                        <li>B.C.A / M.C.A under National University course complete.</li>\n                        <li>3 or more years of professional design experience</li>\n                        <li>have already graduated or are currently in any year of study</li>\n                        <li>Advanced degree or equivalent experience in graphic and web design</li>\n                    </ul>\n                </div>','',18,NULL,4,4,4,0,4,8800.00,10700.00,'yearly',1,6,1,2,85,0,3,'2023-11-17',1,'Botble\\JobBoard\\Models\\Account',0,0,0,'43.24867','-76.224981',0,0,1,1,'published','approved','2023-09-25 06:29:37','2023-10-22 21:44:16',NULL,NULL,NULL,NULL),(23,'Senior Enterprise Advocate, EMEA','Sint a aliquid ut odio deserunt ut et dolor. Ut quisquam quis nostrum quia impedit voluptates. Amet consequatur omnis ut distinctio dolores. Sit possimus architecto occaecati aspernatur.','<h5>Responsibilities</h5>\n                <div>\n                    <p>As a Product Designer, you will work within a Product Delivery Team fused with UX, engineering, product and data talent.</p>\n                    <ul>\n                        <li>Have sound knowledge of commercial activities.</li>\n                        <li>Build next-generation web applications with a focus on the client side</li>\n                        <li>Work on multiple projects at once, and consistently meet draft deadlines</li>\n                        <li>have already graduated or are currently in any year of study</li>\n                        <li>Revise the work of previous designers to create a unified aesthetic for our brand materials</li>\n                    </ul>\n                </div>\n                <h5>Qualification </h5>\n                <div>\n                    <ul>\n                        <li>B.C.A / M.C.A under National University course complete.</li>\n                        <li>3 or more years of professional design experience</li>\n                        <li>have already graduated or are currently in any year of study</li>\n                        <li>Advanced degree or equivalent experience in graphic and web design</li>\n                    </ul>\n                </div>','',13,NULL,1,1,1,0,4,2700.00,4500.00,'weekly',1,7,2,3,21,0,7,'2023-12-12',1,'Botble\\JobBoard\\Models\\Account',0,0,0,'42.596261','-76.637396',0,0,0,0,'published','approved','2023-09-01 03:43:34','2023-10-22 21:44:16',NULL,NULL,NULL,NULL),(24,'Deal Desk Manager','Et voluptatem molestiae sit doloribus. Dolore velit velit aperiam quam ut ut est. Deleniti qui voluptate est porro dolore.','<h5>Responsibilities</h5>\n                <div>\n                    <p>As a Product Designer, you will work within a Product Delivery Team fused with UX, engineering, product and data talent.</p>\n                    <ul>\n                        <li>Have sound knowledge of commercial activities.</li>\n                        <li>Build next-generation web applications with a focus on the client side</li>\n                        <li>Work on multiple projects at once, and consistently meet draft deadlines</li>\n                        <li>have already graduated or are currently in any year of study</li>\n                        <li>Revise the work of previous designers to create a unified aesthetic for our brand materials</li>\n                    </ul>\n                </div>\n                <h5>Qualification </h5>\n                <div>\n                    <ul>\n                        <li>B.C.A / M.C.A under National University course complete.</li>\n                        <li>3 or more years of professional design experience</li>\n                        <li>have already graduated or are currently in any year of study</li>\n                        <li>Advanced degree or equivalent experience in graphic and web design</li>\n                    </ul>\n                </div>','',12,NULL,6,6,6,0,3,1000.00,7700.00,'weekly',1,9,4,2,39,0,8,'2023-11-02',1,'Botble\\JobBoard\\Models\\Account',0,0,0,'43.553537','-75.237179',0,0,1,1,'published','approved','2023-09-16 00:52:39','2023-10-22 21:44:16',NULL,NULL,NULL,NULL),(25,'Director, Revenue Compensation','Expedita quae quibusdam quia voluptates. Nobis sint accusantium laboriosam inventore aspernatur. Vero quia fuga provident ut nisi.','<h5>Responsibilities</h5>\n                <div>\n                    <p>As a Product Designer, you will work within a Product Delivery Team fused with UX, engineering, product and data talent.</p>\n                    <ul>\n                        <li>Have sound knowledge of commercial activities.</li>\n                        <li>Build next-generation web applications with a focus on the client side</li>\n                        <li>Work on multiple projects at once, and consistently meet draft deadlines</li>\n                        <li>have already graduated or are currently in any year of study</li>\n                        <li>Revise the work of previous designers to create a unified aesthetic for our brand materials</li>\n                    </ul>\n                </div>\n                <h5>Qualification </h5>\n                <div>\n                    <ul>\n                        <li>B.C.A / M.C.A under National University course complete.</li>\n                        <li>3 or more years of professional design experience</li>\n                        <li>have already graduated or are currently in any year of study</li>\n                        <li>Advanced degree or equivalent experience in graphic and web design</li>\n                    </ul>\n                </div>','',7,NULL,4,4,4,0,3,3000.00,10200.00,'monthly',1,1,1,3,59,0,3,'2023-11-02',1,'Botble\\JobBoard\\Models\\Account',0,0,0,'43.769657','-75.969495',0,0,0,0,'published','approved','2023-10-20 14:40:19','2023-10-22 21:44:16',NULL,NULL,NULL,NULL),(26,'Program Manager','Provident dignissimos beatae doloribus labore dolor quia omnis. Adipisci velit odio sit velit et aut. Quam eaque pariatur explicabo tempore et.','<h5>Responsibilities</h5>\n                <div>\n                    <p>As a Product Designer, you will work within a Product Delivery Team fused with UX, engineering, product and data talent.</p>\n                    <ul>\n                        <li>Have sound knowledge of commercial activities.</li>\n                        <li>Build next-generation web applications with a focus on the client side</li>\n                        <li>Work on multiple projects at once, and consistently meet draft deadlines</li>\n                        <li>have already graduated or are currently in any year of study</li>\n                        <li>Revise the work of previous designers to create a unified aesthetic for our brand materials</li>\n                    </ul>\n                </div>\n                <h5>Qualification </h5>\n                <div>\n                    <ul>\n                        <li>B.C.A / M.C.A under National University course complete.</li>\n                        <li>3 or more years of professional design experience</li>\n                        <li>have already graduated or are currently in any year of study</li>\n                        <li>Advanced degree or equivalent experience in graphic and web design</li>\n                    </ul>\n                </div>','',2,NULL,5,5,5,0,5,5500.00,9200.00,'daily',0,6,4,1,154,0,10,'2023-11-02',1,'Botble\\JobBoard\\Models\\Account',0,0,0,'43.364542','-76.604124',0,0,0,0,'published','approved','2023-10-22 16:44:57','2023-10-22 21:44:17',NULL,NULL,NULL,NULL),(27,'Sr. Manager, Deal Desk - INTL','Laboriosam expedita excepturi id ipsa natus et. Repellendus dolores consequatur aliquam omnis perferendis et. Sit voluptatem eveniet ab animi pariatur dicta non.','<h5>Responsibilities</h5>\n                <div>\n                    <p>As a Product Designer, you will work within a Product Delivery Team fused with UX, engineering, product and data talent.</p>\n                    <ul>\n                        <li>Have sound knowledge of commercial activities.</li>\n                        <li>Build next-generation web applications with a focus on the client side</li>\n                        <li>Work on multiple projects at once, and consistently meet draft deadlines</li>\n                        <li>have already graduated or are currently in any year of study</li>\n                        <li>Revise the work of previous designers to create a unified aesthetic for our brand materials</li>\n                    </ul>\n                </div>\n                <h5>Qualification </h5>\n                <div>\n                    <ul>\n                        <li>B.C.A / M.C.A under National University course complete.</li>\n                        <li>3 or more years of professional design experience</li>\n                        <li>have already graduated or are currently in any year of study</li>\n                        <li>Advanced degree or equivalent experience in graphic and web design</li>\n                    </ul>\n                </div>','',1,NULL,5,5,5,0,5,7900.00,16900.00,'yearly',1,10,4,4,65,0,9,'2023-12-04',1,'Botble\\JobBoard\\Models\\Account',0,0,0,'43.037748','-76.266912',0,0,1,0,'published','approved','2023-10-17 12:38:45','2023-10-22 21:44:17',NULL,NULL,NULL,NULL),(28,'Senior Director, Product Management, Actions Runners and Compute Services','Dolores velit ex consequatur tempora aspernatur ab. Nihil cum quo cupiditate ratione. Nobis blanditiis vel velit nobis quis ducimus dolorem. Aliquid id dolorem voluptatem.','<h5>Responsibilities</h5>\n                <div>\n                    <p>As a Product Designer, you will work within a Product Delivery Team fused with UX, engineering, product and data talent.</p>\n                    <ul>\n                        <li>Have sound knowledge of commercial activities.</li>\n                        <li>Build next-generation web applications with a focus on the client side</li>\n                        <li>Work on multiple projects at once, and consistently meet draft deadlines</li>\n                        <li>have already graduated or are currently in any year of study</li>\n                        <li>Revise the work of previous designers to create a unified aesthetic for our brand materials</li>\n                    </ul>\n                </div>\n                <h5>Qualification </h5>\n                <div>\n                    <ul>\n                        <li>B.C.A / M.C.A under National University course complete.</li>\n                        <li>3 or more years of professional design experience</li>\n                        <li>have already graduated or are currently in any year of study</li>\n                        <li>Advanced degree or equivalent experience in graphic and web design</li>\n                    </ul>\n                </div>','',14,NULL,4,4,4,0,4,9700.00,18000.00,'daily',0,2,1,4,62,0,7,'2023-11-09',1,'Botble\\JobBoard\\Models\\Account',0,0,0,'43.364463','-75.722715',0,0,0,0,'published','approved','2023-09-23 17:58:27','2023-10-22 21:44:17',NULL,NULL,NULL,NULL),(29,'Alliances Director','Non sit aliquid et saepe voluptas tempora. Explicabo rem tempore et ea ratione vel. Repellendus animi et eaque tenetur in et. Animi quia quidem et non et.','<h5>Responsibilities</h5>\n                <div>\n                    <p>As a Product Designer, you will work within a Product Delivery Team fused with UX, engineering, product and data talent.</p>\n                    <ul>\n                        <li>Have sound knowledge of commercial activities.</li>\n                        <li>Build next-generation web applications with a focus on the client side</li>\n                        <li>Work on multiple projects at once, and consistently meet draft deadlines</li>\n                        <li>have already graduated or are currently in any year of study</li>\n                        <li>Revise the work of previous designers to create a unified aesthetic for our brand materials</li>\n                    </ul>\n                </div>\n                <h5>Qualification </h5>\n                <div>\n                    <ul>\n                        <li>B.C.A / M.C.A under National University course complete.</li>\n                        <li>3 or more years of professional design experience</li>\n                        <li>have already graduated or are currently in any year of study</li>\n                        <li>Advanced degree or equivalent experience in graphic and web design</li>\n                    </ul>\n                </div>','',3,NULL,1,1,1,0,1,5000.00,5800.00,'yearly',0,2,3,4,103,0,6,'2023-10-30',1,'Botble\\JobBoard\\Models\\Account',0,0,0,'42.800595','-75.024962',0,0,0,0,'published','approved','2023-10-22 06:42:32','2023-10-22 21:44:17',NULL,NULL,NULL,NULL),(30,'Corporate Sales Representative','Non odio nihil quae. Sunt a aut sunt maxime. Repudiandae officiis ut error alias dolorem vitae voluptatem. Vitae voluptatibus natus maxime ex quidem dolorum.','<h5>Responsibilities</h5>\n                <div>\n                    <p>As a Product Designer, you will work within a Product Delivery Team fused with UX, engineering, product and data talent.</p>\n                    <ul>\n                        <li>Have sound knowledge of commercial activities.</li>\n                        <li>Build next-generation web applications with a focus on the client side</li>\n                        <li>Work on multiple projects at once, and consistently meet draft deadlines</li>\n                        <li>have already graduated or are currently in any year of study</li>\n                        <li>Revise the work of previous designers to create a unified aesthetic for our brand materials</li>\n                    </ul>\n                </div>\n                <h5>Qualification </h5>\n                <div>\n                    <ul>\n                        <li>B.C.A / M.C.A under National University course complete.</li>\n                        <li>3 or more years of professional design experience</li>\n                        <li>have already graduated or are currently in any year of study</li>\n                        <li>Advanced degree or equivalent experience in graphic and web design</li>\n                    </ul>\n                </div>','',4,NULL,1,1,1,0,3,7200.00,8800.00,'monthly',1,4,4,4,156,0,8,'2023-11-11',1,'Botble\\JobBoard\\Models\\Account',0,0,0,'43.265922','-75.149418',0,0,1,1,'published','approved','2023-09-26 09:23:25','2023-10-22 21:44:17',NULL,NULL,NULL,NULL),(31,'Country Leader','Error non impedit est iure quas eos cumque. Enim omnis ullam sint ad.','<h5>Responsibilities</h5>\n                <div>\n                    <p>As a Product Designer, you will work within a Product Delivery Team fused with UX, engineering, product and data talent.</p>\n                    <ul>\n                        <li>Have sound knowledge of commercial activities.</li>\n                        <li>Build next-generation web applications with a focus on the client side</li>\n                        <li>Work on multiple projects at once, and consistently meet draft deadlines</li>\n                        <li>have already graduated or are currently in any year of study</li>\n                        <li>Revise the work of previous designers to create a unified aesthetic for our brand materials</li>\n                    </ul>\n                </div>\n                <h5>Qualification </h5>\n                <div>\n                    <ul>\n                        <li>B.C.A / M.C.A under National University course complete.</li>\n                        <li>3 or more years of professional design experience</li>\n                        <li>have already graduated or are currently in any year of study</li>\n                        <li>Advanced degree or equivalent experience in graphic and web design</li>\n                    </ul>\n                </div>','',6,NULL,5,5,5,0,1,3800.00,9600.00,'monthly',1,2,3,1,95,0,4,'2023-11-15',1,'Botble\\JobBoard\\Models\\Account',0,0,0,'42.965482','-74.892942',0,0,1,0,'published','approved','2023-09-25 06:55:51','2023-10-22 21:44:17',NULL,NULL,NULL,NULL),(32,'Customer Success Architect','Sunt et qui cupiditate neque non. Praesentium nemo ratione officiis nihil et et.','<h5>Responsibilities</h5>\n                <div>\n                    <p>As a Product Designer, you will work within a Product Delivery Team fused with UX, engineering, product and data talent.</p>\n                    <ul>\n                        <li>Have sound knowledge of commercial activities.</li>\n                        <li>Build next-generation web applications with a focus on the client side</li>\n                        <li>Work on multiple projects at once, and consistently meet draft deadlines</li>\n                        <li>have already graduated or are currently in any year of study</li>\n                        <li>Revise the work of previous designers to create a unified aesthetic for our brand materials</li>\n                    </ul>\n                </div>\n                <h5>Qualification </h5>\n                <div>\n                    <ul>\n                        <li>B.C.A / M.C.A under National University course complete.</li>\n                        <li>3 or more years of professional design experience</li>\n                        <li>have already graduated or are currently in any year of study</li>\n                        <li>Advanced degree or equivalent experience in graphic and web design</li>\n                    </ul>\n                </div>','',14,NULL,4,4,4,0,5,4100.00,6500.00,'monthly',0,8,4,1,7,0,9,'2023-11-01',1,'Botble\\JobBoard\\Models\\Account',0,0,0,'43.364463','-75.722715',0,0,0,1,'published','approved','2023-09-25 20:12:53','2023-10-22 21:44:17',NULL,NULL,NULL,NULL),(33,'DevOps Account Executive - US Public Sector','At aut ut et quia saepe eum repudiandae. Doloribus et laudantium iste aspernatur minima aliquam omnis. Facere laborum quis voluptatem. Quibusdam dicta quas ducimus. Et magni in dicta ut.','<h5>Responsibilities</h5>\n                <div>\n                    <p>As a Product Designer, you will work within a Product Delivery Team fused with UX, engineering, product and data talent.</p>\n                    <ul>\n                        <li>Have sound knowledge of commercial activities.</li>\n                        <li>Build next-generation web applications with a focus on the client side</li>\n                        <li>Work on multiple projects at once, and consistently meet draft deadlines</li>\n                        <li>have already graduated or are currently in any year of study</li>\n                        <li>Revise the work of previous designers to create a unified aesthetic for our brand materials</li>\n                    </ul>\n                </div>\n                <h5>Qualification </h5>\n                <div>\n                    <ul>\n                        <li>B.C.A / M.C.A under National University course complete.</li>\n                        <li>3 or more years of professional design experience</li>\n                        <li>have already graduated or are currently in any year of study</li>\n                        <li>Advanced degree or equivalent experience in graphic and web design</li>\n                    </ul>\n                </div>','',7,NULL,4,4,4,0,2,5900.00,6900.00,'monthly',0,10,3,2,16,0,9,'2023-10-30',1,'Botble\\JobBoard\\Models\\Account',0,0,0,'43.769657','-75.969495',0,0,1,0,'published','approved','2023-09-03 15:11:01','2023-10-22 21:44:17',NULL,NULL,NULL,NULL),(34,'Enterprise Account Executive','Eligendi assumenda quia aut aliquam sapiente. Et accusantium doloremque beatae ab incidunt. Ab praesentium quisquam optio iste inventore.','<h5>Responsibilities</h5>\n                <div>\n                    <p>As a Product Designer, you will work within a Product Delivery Team fused with UX, engineering, product and data talent.</p>\n                    <ul>\n                        <li>Have sound knowledge of commercial activities.</li>\n                        <li>Build next-generation web applications with a focus on the client side</li>\n                        <li>Work on multiple projects at once, and consistently meet draft deadlines</li>\n                        <li>have already graduated or are currently in any year of study</li>\n                        <li>Revise the work of previous designers to create a unified aesthetic for our brand materials</li>\n                    </ul>\n                </div>\n                <h5>Qualification </h5>\n                <div>\n                    <ul>\n                        <li>B.C.A / M.C.A under National University course complete.</li>\n                        <li>3 or more years of professional design experience</li>\n                        <li>have already graduated or are currently in any year of study</li>\n                        <li>Advanced degree or equivalent experience in graphic and web design</li>\n                    </ul>\n                </div>','',1,NULL,5,5,5,0,4,4900.00,5500.00,'yearly',1,7,3,3,149,0,6,'2023-12-11',1,'Botble\\JobBoard\\Models\\Account',0,0,0,'43.037748','-76.266912',0,0,1,0,'published','approved','2023-09-18 20:27:37','2023-10-22 21:44:17',NULL,NULL,NULL,NULL),(35,'Senior Engineering Manager, Product Security Engineering - Paved Paths','Similique quisquam beatae delectus et dolor. Odio hic quia iusto doloremque at explicabo enim. Aperiam eius laudantium non quis. Est sed ea delectus et.','<h5>Responsibilities</h5>\n                <div>\n                    <p>As a Product Designer, you will work within a Product Delivery Team fused with UX, engineering, product and data talent.</p>\n                    <ul>\n                        <li>Have sound knowledge of commercial activities.</li>\n                        <li>Build next-generation web applications with a focus on the client side</li>\n                        <li>Work on multiple projects at once, and consistently meet draft deadlines</li>\n                        <li>have already graduated or are currently in any year of study</li>\n                        <li>Revise the work of previous designers to create a unified aesthetic for our brand materials</li>\n                    </ul>\n                </div>\n                <h5>Qualification </h5>\n                <div>\n                    <ul>\n                        <li>B.C.A / M.C.A under National University course complete.</li>\n                        <li>3 or more years of professional design experience</li>\n                        <li>have already graduated or are currently in any year of study</li>\n                        <li>Advanced degree or equivalent experience in graphic and web design</li>\n                    </ul>\n                </div>','',19,NULL,5,5,5,0,4,2300.00,5100.00,'monthly',0,6,1,4,50,0,10,'2023-11-23',1,'Botble\\JobBoard\\Models\\Account',0,0,0,'43.446791','-75.448198',0,0,0,0,'published','approved','2023-10-10 16:34:53','2023-10-22 21:44:17',NULL,NULL,NULL,NULL),(36,'Customer Reliability Engineer III','Exercitationem non labore vel qui ea fugiat veritatis. Ut occaecati reiciendis tenetur odit earum et nobis. Voluptatem ducimus itaque sequi debitis facilis omnis rerum.','<h5>Responsibilities</h5>\n                <div>\n                    <p>As a Product Designer, you will work within a Product Delivery Team fused with UX, engineering, product and data talent.</p>\n                    <ul>\n                        <li>Have sound knowledge of commercial activities.</li>\n                        <li>Build next-generation web applications with a focus on the client side</li>\n                        <li>Work on multiple projects at once, and consistently meet draft deadlines</li>\n                        <li>have already graduated or are currently in any year of study</li>\n                        <li>Revise the work of previous designers to create a unified aesthetic for our brand materials</li>\n                    </ul>\n                </div>\n                <h5>Qualification </h5>\n                <div>\n                    <ul>\n                        <li>B.C.A / M.C.A under National University course complete.</li>\n                        <li>3 or more years of professional design experience</li>\n                        <li>have already graduated or are currently in any year of study</li>\n                        <li>Advanced degree or equivalent experience in graphic and web design</li>\n                    </ul>\n                </div>','',16,NULL,1,1,1,0,2,3700.00,6500.00,'monthly',1,9,4,2,18,0,9,'2023-11-23',1,'Botble\\JobBoard\\Models\\Account',0,0,0,'42.996244','-74.794998',0,0,0,1,'published','approved','2023-10-20 17:38:01','2023-10-22 21:44:17',NULL,NULL,NULL,NULL),(37,'Support Engineer (Enterprise Support Japanese)','Quia voluptatum sed commodi odit nulla. Impedit nihil et quia numquam. Dignissimos soluta omnis dolore qui dolores non consequatur. Est possimus enim aspernatur ut et.','<h5>Responsibilities</h5>\n                <div>\n                    <p>As a Product Designer, you will work within a Product Delivery Team fused with UX, engineering, product and data talent.</p>\n                    <ul>\n                        <li>Have sound knowledge of commercial activities.</li>\n                        <li>Build next-generation web applications with a focus on the client side</li>\n                        <li>Work on multiple projects at once, and consistently meet draft deadlines</li>\n                        <li>have already graduated or are currently in any year of study</li>\n                        <li>Revise the work of previous designers to create a unified aesthetic for our brand materials</li>\n                    </ul>\n                </div>\n                <h5>Qualification </h5>\n                <div>\n                    <ul>\n                        <li>B.C.A / M.C.A under National University course complete.</li>\n                        <li>3 or more years of professional design experience</li>\n                        <li>have already graduated or are currently in any year of study</li>\n                        <li>Advanced degree or equivalent experience in graphic and web design</li>\n                    </ul>\n                </div>','',19,NULL,5,5,5,0,5,1100.00,2600.00,'hourly',1,5,1,2,12,0,6,'2023-11-01',1,'Botble\\JobBoard\\Models\\Account',0,0,0,'43.446791','-75.448198',0,0,1,0,'published','approved','2023-09-13 06:02:41','2023-10-22 21:44:17',NULL,NULL,NULL,NULL),(38,'Technical Partner Manager','Numquam sed et illum officia. Iusto delectus consequatur dolor eos eius neque. Neque aut et ipsa eos sed beatae asperiores. Repellat eveniet aspernatur eius maiores.','<h5>Responsibilities</h5>\n                <div>\n                    <p>As a Product Designer, you will work within a Product Delivery Team fused with UX, engineering, product and data talent.</p>\n                    <ul>\n                        <li>Have sound knowledge of commercial activities.</li>\n                        <li>Build next-generation web applications with a focus on the client side</li>\n                        <li>Work on multiple projects at once, and consistently meet draft deadlines</li>\n                        <li>have already graduated or are currently in any year of study</li>\n                        <li>Revise the work of previous designers to create a unified aesthetic for our brand materials</li>\n                    </ul>\n                </div>\n                <h5>Qualification </h5>\n                <div>\n                    <ul>\n                        <li>B.C.A / M.C.A under National University course complete.</li>\n                        <li>3 or more years of professional design experience</li>\n                        <li>have already graduated or are currently in any year of study</li>\n                        <li>Advanced degree or equivalent experience in graphic and web design</li>\n                    </ul>\n                </div>','',3,NULL,1,1,1,0,4,2500.00,8500.00,'daily',0,10,3,1,49,0,7,'2023-11-14',1,'Botble\\JobBoard\\Models\\Account',0,0,0,'42.800595','-75.024962',0,0,0,1,'published','approved','2023-10-19 13:47:26','2023-10-22 21:44:17',NULL,NULL,NULL,NULL),(39,'Sr Manager, Inside Account Management','Nihil a fugit optio quasi nesciunt aliquam. Quia voluptatem assumenda ullam quas. Voluptate dolore facere saepe velit. Ea natus et sint eaque omnis.','<h5>Responsibilities</h5>\n                <div>\n                    <p>As a Product Designer, you will work within a Product Delivery Team fused with UX, engineering, product and data talent.</p>\n                    <ul>\n                        <li>Have sound knowledge of commercial activities.</li>\n                        <li>Build next-generation web applications with a focus on the client side</li>\n                        <li>Work on multiple projects at once, and consistently meet draft deadlines</li>\n                        <li>have already graduated or are currently in any year of study</li>\n                        <li>Revise the work of previous designers to create a unified aesthetic for our brand materials</li>\n                    </ul>\n                </div>\n                <h5>Qualification </h5>\n                <div>\n                    <ul>\n                        <li>B.C.A / M.C.A under National University course complete.</li>\n                        <li>3 or more years of professional design experience</li>\n                        <li>have already graduated or are currently in any year of study</li>\n                        <li>Advanced degree or equivalent experience in graphic and web design</li>\n                    </ul>\n                </div>','',9,NULL,2,2,2,0,4,8500.00,15000.00,'monthly',1,6,2,1,86,0,6,'2023-12-19',1,'Botble\\JobBoard\\Models\\Account',0,0,0,'43.082965','-76.170266',0,0,1,1,'published','approved','2023-10-06 03:48:11','2023-10-22 21:44:17',NULL,NULL,NULL,NULL),(40,'Services Sales Representative','Quo facilis eum recusandae blanditiis aspernatur laudantium quia. Dolores eveniet autem corrupti alias eos temporibus. Officiis repellat et beatae consectetur eius.','<h5>Responsibilities</h5>\n                <div>\n                    <p>As a Product Designer, you will work within a Product Delivery Team fused with UX, engineering, product and data talent.</p>\n                    <ul>\n                        <li>Have sound knowledge of commercial activities.</li>\n                        <li>Build next-generation web applications with a focus on the client side</li>\n                        <li>Work on multiple projects at once, and consistently meet draft deadlines</li>\n                        <li>have already graduated or are currently in any year of study</li>\n                        <li>Revise the work of previous designers to create a unified aesthetic for our brand materials</li>\n                    </ul>\n                </div>\n                <h5>Qualification </h5>\n                <div>\n                    <ul>\n                        <li>B.C.A / M.C.A under National University course complete.</li>\n                        <li>3 or more years of professional design experience</li>\n                        <li>have already graduated or are currently in any year of study</li>\n                        <li>Advanced degree or equivalent experience in graphic and web design</li>\n                    </ul>\n                </div>','',4,NULL,1,1,1,0,4,10000.00,15600.00,'yearly',1,7,2,2,20,0,8,'2023-11-20',1,'Botble\\JobBoard\\Models\\Account',0,0,0,'43.265922','-75.149418',0,0,1,1,'published','approved','2023-09-29 11:24:42','2023-10-22 21:44:17',NULL,NULL,NULL,NULL),(41,'Services Delivery Manager','Sed ut officia quia illo. Voluptatem alias illo laborum quia recusandae voluptatibus. Quis sit id ut amet soluta.','<h5>Responsibilities</h5>\n                <div>\n                    <p>As a Product Designer, you will work within a Product Delivery Team fused with UX, engineering, product and data talent.</p>\n                    <ul>\n                        <li>Have sound knowledge of commercial activities.</li>\n                        <li>Build next-generation web applications with a focus on the client side</li>\n                        <li>Work on multiple projects at once, and consistently meet draft deadlines</li>\n                        <li>have already graduated or are currently in any year of study</li>\n                        <li>Revise the work of previous designers to create a unified aesthetic for our brand materials</li>\n                    </ul>\n                </div>\n                <h5>Qualification </h5>\n                <div>\n                    <ul>\n                        <li>B.C.A / M.C.A under National University course complete.</li>\n                        <li>3 or more years of professional design experience</li>\n                        <li>have already graduated or are currently in any year of study</li>\n                        <li>Advanced degree or equivalent experience in graphic and web design</li>\n                    </ul>\n                </div>','',3,NULL,1,1,1,0,4,7500.00,8100.00,'daily',0,5,1,2,127,0,5,'2023-11-02',1,'Botble\\JobBoard\\Models\\Account',0,0,0,'42.800595','-75.024962',0,0,0,1,'published','approved','2023-10-06 18:55:05','2023-10-22 21:44:17',NULL,NULL,NULL,NULL),(42,'Senior Solutions Engineer','Quia mollitia perferendis nulla ea. Et soluta eveniet id fuga.','<h5>Responsibilities</h5>\n                <div>\n                    <p>As a Product Designer, you will work within a Product Delivery Team fused with UX, engineering, product and data talent.</p>\n                    <ul>\n                        <li>Have sound knowledge of commercial activities.</li>\n                        <li>Build next-generation web applications with a focus on the client side</li>\n                        <li>Work on multiple projects at once, and consistently meet draft deadlines</li>\n                        <li>have already graduated or are currently in any year of study</li>\n                        <li>Revise the work of previous designers to create a unified aesthetic for our brand materials</li>\n                    </ul>\n                </div>\n                <h5>Qualification </h5>\n                <div>\n                    <ul>\n                        <li>B.C.A / M.C.A under National University course complete.</li>\n                        <li>3 or more years of professional design experience</li>\n                        <li>have already graduated or are currently in any year of study</li>\n                        <li>Advanced degree or equivalent experience in graphic and web design</li>\n                    </ul>\n                </div>','',9,NULL,2,2,2,0,4,700.00,8600.00,'weekly',1,3,4,3,89,0,9,'2023-11-19',1,'Botble\\JobBoard\\Models\\Account',0,0,0,'43.082965','-76.170266',0,0,0,0,'published','approved','2023-10-20 14:42:58','2023-10-22 21:44:17',NULL,NULL,NULL,NULL),(43,'Senior Service Delivery Engineer','Ut libero quod eveniet voluptates pariatur repellat. Esse harum non aut dolor omnis aut. Quod dolor asperiores explicabo. Et optio quo fugit optio labore aspernatur.','<h5>Responsibilities</h5>\n                <div>\n                    <p>As a Product Designer, you will work within a Product Delivery Team fused with UX, engineering, product and data talent.</p>\n                    <ul>\n                        <li>Have sound knowledge of commercial activities.</li>\n                        <li>Build next-generation web applications with a focus on the client side</li>\n                        <li>Work on multiple projects at once, and consistently meet draft deadlines</li>\n                        <li>have already graduated or are currently in any year of study</li>\n                        <li>Revise the work of previous designers to create a unified aesthetic for our brand materials</li>\n                    </ul>\n                </div>\n                <h5>Qualification </h5>\n                <div>\n                    <ul>\n                        <li>B.C.A / M.C.A under National University course complete.</li>\n                        <li>3 or more years of professional design experience</li>\n                        <li>have already graduated or are currently in any year of study</li>\n                        <li>Advanced degree or equivalent experience in graphic and web design</li>\n                    </ul>\n                </div>','',15,NULL,5,5,5,0,2,9700.00,18100.00,'monthly',1,7,2,4,34,0,9,'2023-11-19',1,'Botble\\JobBoard\\Models\\Account',0,0,0,'43.289393','-76.275974',0,0,0,1,'published','approved','2023-09-22 12:47:29','2023-10-22 21:44:17',NULL,NULL,NULL,NULL),(44,'Senior Director, Global Sales Development','Ea qui autem hic tempore aliquam ratione itaque dolore. Deserunt nisi rem molestias sed enim harum. Eaque sed consequatur reiciendis.','<h5>Responsibilities</h5>\n                <div>\n                    <p>As a Product Designer, you will work within a Product Delivery Team fused with UX, engineering, product and data talent.</p>\n                    <ul>\n                        <li>Have sound knowledge of commercial activities.</li>\n                        <li>Build next-generation web applications with a focus on the client side</li>\n                        <li>Work on multiple projects at once, and consistently meet draft deadlines</li>\n                        <li>have already graduated or are currently in any year of study</li>\n                        <li>Revise the work of previous designers to create a unified aesthetic for our brand materials</li>\n                    </ul>\n                </div>\n                <h5>Qualification </h5>\n                <div>\n                    <ul>\n                        <li>B.C.A / M.C.A under National University course complete.</li>\n                        <li>3 or more years of professional design experience</li>\n                        <li>have already graduated or are currently in any year of study</li>\n                        <li>Advanced degree or equivalent experience in graphic and web design</li>\n                    </ul>\n                </div>','',2,NULL,5,5,5,0,3,9000.00,13200.00,'yearly',0,6,2,4,120,0,6,'2023-11-14',1,'Botble\\JobBoard\\Models\\Account',0,0,0,'43.364542','-76.604124',0,0,1,0,'published','approved','2023-09-11 17:55:25','2023-10-22 21:44:17',NULL,NULL,NULL,NULL),(45,'Partner Program Manager','Quis sed sit aut sed debitis consequatur id. Et est consequatur sunt ratione deleniti ut aut.','<h5>Responsibilities</h5>\n                <div>\n                    <p>As a Product Designer, you will work within a Product Delivery Team fused with UX, engineering, product and data talent.</p>\n                    <ul>\n                        <li>Have sound knowledge of commercial activities.</li>\n                        <li>Build next-generation web applications with a focus on the client side</li>\n                        <li>Work on multiple projects at once, and consistently meet draft deadlines</li>\n                        <li>have already graduated or are currently in any year of study</li>\n                        <li>Revise the work of previous designers to create a unified aesthetic for our brand materials</li>\n                    </ul>\n                </div>\n                <h5>Qualification </h5>\n                <div>\n                    <ul>\n                        <li>B.C.A / M.C.A under National University course complete.</li>\n                        <li>3 or more years of professional design experience</li>\n                        <li>have already graduated or are currently in any year of study</li>\n                        <li>Advanced degree or equivalent experience in graphic and web design</li>\n                    </ul>\n                </div>','',7,NULL,4,4,4,0,4,600.00,6100.00,'daily',1,9,2,4,33,0,9,'2023-12-14',1,'Botble\\JobBoard\\Models\\Account',0,0,0,'43.769657','-75.969495',0,0,0,0,'published','approved','2023-09-01 12:48:19','2023-10-22 21:44:17',NULL,NULL,NULL,NULL),(46,'Principal Cloud Solutions Engineer','Non et magnam sit optio ipsa iusto minima veritatis. Minus in eum ut laborum. Facilis voluptates temporibus reiciendis culpa et cumque.','<h5>Responsibilities</h5>\n                <div>\n                    <p>As a Product Designer, you will work within a Product Delivery Team fused with UX, engineering, product and data talent.</p>\n                    <ul>\n                        <li>Have sound knowledge of commercial activities.</li>\n                        <li>Build next-generation web applications with a focus on the client side</li>\n                        <li>Work on multiple projects at once, and consistently meet draft deadlines</li>\n                        <li>have already graduated or are currently in any year of study</li>\n                        <li>Revise the work of previous designers to create a unified aesthetic for our brand materials</li>\n                    </ul>\n                </div>\n                <h5>Qualification </h5>\n                <div>\n                    <ul>\n                        <li>B.C.A / M.C.A under National University course complete.</li>\n                        <li>3 or more years of professional design experience</li>\n                        <li>have already graduated or are currently in any year of study</li>\n                        <li>Advanced degree or equivalent experience in graphic and web design</li>\n                    </ul>\n                </div>','',19,NULL,5,5,5,0,1,4600.00,8100.00,'weekly',0,7,3,4,120,0,8,'2023-11-09',1,'Botble\\JobBoard\\Models\\Account',0,0,0,'43.446791','-75.448198',0,0,1,0,'published','approved','2023-09-06 15:44:13','2023-10-22 21:44:17',NULL,NULL,NULL,NULL),(47,'Senior Cloud Solutions Engineer','Sed ullam reiciendis et ipsa consequuntur doloremque. Maxime similique necessitatibus velit. Quas soluta delectus et ut. Distinctio amet dolor quas inventore sunt qui qui.','<h5>Responsibilities</h5>\n                <div>\n                    <p>As a Product Designer, you will work within a Product Delivery Team fused with UX, engineering, product and data talent.</p>\n                    <ul>\n                        <li>Have sound knowledge of commercial activities.</li>\n                        <li>Build next-generation web applications with a focus on the client side</li>\n                        <li>Work on multiple projects at once, and consistently meet draft deadlines</li>\n                        <li>have already graduated or are currently in any year of study</li>\n                        <li>Revise the work of previous designers to create a unified aesthetic for our brand materials</li>\n                    </ul>\n                </div>\n                <h5>Qualification </h5>\n                <div>\n                    <ul>\n                        <li>B.C.A / M.C.A under National University course complete.</li>\n                        <li>3 or more years of professional design experience</li>\n                        <li>have already graduated or are currently in any year of study</li>\n                        <li>Advanced degree or equivalent experience in graphic and web design</li>\n                    </ul>\n                </div>','',13,NULL,1,1,1,0,2,5800.00,14800.00,'daily',0,6,1,2,2,0,5,'2023-11-02',1,'Botble\\JobBoard\\Models\\Account',0,0,0,'42.596261','-76.637396',0,0,1,1,'published','approved','2023-10-13 07:18:49','2023-10-22 21:44:17',NULL,NULL,NULL,NULL),(48,'Senior Customer Success Manager','Nulla necessitatibus fugit sunt sequi aspernatur voluptas consequatur. Iure aut voluptas velit sint. Nulla ea non sint fugit itaque.','<h5>Responsibilities</h5>\n                <div>\n                    <p>As a Product Designer, you will work within a Product Delivery Team fused with UX, engineering, product and data talent.</p>\n                    <ul>\n                        <li>Have sound knowledge of commercial activities.</li>\n                        <li>Build next-generation web applications with a focus on the client side</li>\n                        <li>Work on multiple projects at once, and consistently meet draft deadlines</li>\n                        <li>have already graduated or are currently in any year of study</li>\n                        <li>Revise the work of previous designers to create a unified aesthetic for our brand materials</li>\n                    </ul>\n                </div>\n                <h5>Qualification </h5>\n                <div>\n                    <ul>\n                        <li>B.C.A / M.C.A under National University course complete.</li>\n                        <li>3 or more years of professional design experience</li>\n                        <li>have already graduated or are currently in any year of study</li>\n                        <li>Advanced degree or equivalent experience in graphic and web design</li>\n                    </ul>\n                </div>','',16,NULL,1,1,1,0,1,9900.00,15400.00,'daily',0,4,4,1,98,0,9,'2023-12-22',1,'Botble\\JobBoard\\Models\\Account',0,0,0,'42.996244','-74.794998',0,0,0,0,'published','approved','2023-08-26 11:35:06','2023-10-22 21:44:17',NULL,NULL,NULL,NULL),(49,'Inside Account Manager','A esse autem beatae aperiam. Voluptas qui in eius rerum atque aut. Et velit tempore recusandae laudantium nesciunt libero nisi. Maiores voluptatem vel quo quis deleniti molestiae sint.','<h5>Responsibilities</h5>\n                <div>\n                    <p>As a Product Designer, you will work within a Product Delivery Team fused with UX, engineering, product and data talent.</p>\n                    <ul>\n                        <li>Have sound knowledge of commercial activities.</li>\n                        <li>Build next-generation web applications with a focus on the client side</li>\n                        <li>Work on multiple projects at once, and consistently meet draft deadlines</li>\n                        <li>have already graduated or are currently in any year of study</li>\n                        <li>Revise the work of previous designers to create a unified aesthetic for our brand materials</li>\n                    </ul>\n                </div>\n                <h5>Qualification </h5>\n                <div>\n                    <ul>\n                        <li>B.C.A / M.C.A under National University course complete.</li>\n                        <li>3 or more years of professional design experience</li>\n                        <li>have already graduated or are currently in any year of study</li>\n                        <li>Advanced degree or equivalent experience in graphic and web design</li>\n                    </ul>\n                </div>','',18,NULL,4,4,4,0,2,5500.00,10900.00,'weekly',0,2,2,3,115,0,6,'2023-10-30',1,'Botble\\JobBoard\\Models\\Account',0,0,0,'43.24867','-76.224981',0,0,1,0,'published','approved','2023-10-05 22:52:55','2023-10-22 21:44:17',NULL,NULL,NULL,NULL),(50,'UX Jobs Board','Officiis exercitationem sed nam nobis. Ducimus deleniti in aut eos. Et repudiandae numquam quisquam.','<h5>Responsibilities</h5>\n                <div>\n                    <p>As a Product Designer, you will work within a Product Delivery Team fused with UX, engineering, product and data talent.</p>\n                    <ul>\n                        <li>Have sound knowledge of commercial activities.</li>\n                        <li>Build next-generation web applications with a focus on the client side</li>\n                        <li>Work on multiple projects at once, and consistently meet draft deadlines</li>\n                        <li>have already graduated or are currently in any year of study</li>\n                        <li>Revise the work of previous designers to create a unified aesthetic for our brand materials</li>\n                    </ul>\n                </div>\n                <h5>Qualification </h5>\n                <div>\n                    <ul>\n                        <li>B.C.A / M.C.A under National University course complete.</li>\n                        <li>3 or more years of professional design experience</li>\n                        <li>have already graduated or are currently in any year of study</li>\n                        <li>Advanced degree or equivalent experience in graphic and web design</li>\n                    </ul>\n                </div>','',7,NULL,4,4,4,0,1,9100.00,16600.00,'hourly',0,1,1,1,119,0,8,'2023-11-26',1,'Botble\\JobBoard\\Models\\Account',0,0,0,'43.769657','-75.969495',0,0,1,0,'published','approved','2023-08-23 23:22:39','2023-10-22 21:44:17',NULL,NULL,NULL,NULL),(51,'Senior Laravel Developer (TALL Stack)','Repudiandae aliquid velit neque modi qui recusandae quis. Molestiae corrupti eum doloremque maxime et. Natus nihil accusamus dolorum et et.','<h5>Responsibilities</h5>\n                <div>\n                    <p>As a Product Designer, you will work within a Product Delivery Team fused with UX, engineering, product and data talent.</p>\n                    <ul>\n                        <li>Have sound knowledge of commercial activities.</li>\n                        <li>Build next-generation web applications with a focus on the client side</li>\n                        <li>Work on multiple projects at once, and consistently meet draft deadlines</li>\n                        <li>have already graduated or are currently in any year of study</li>\n                        <li>Revise the work of previous designers to create a unified aesthetic for our brand materials</li>\n                    </ul>\n                </div>\n                <h5>Qualification </h5>\n                <div>\n                    <ul>\n                        <li>B.C.A / M.C.A under National University course complete.</li>\n                        <li>3 or more years of professional design experience</li>\n                        <li>have already graduated or are currently in any year of study</li>\n                        <li>Advanced degree or equivalent experience in graphic and web design</li>\n                    </ul>\n                </div>','',13,NULL,1,1,1,0,5,5100.00,13800.00,'yearly',1,6,4,3,62,0,10,'2023-11-14',1,'Botble\\JobBoard\\Models\\Account',0,0,0,'42.596261','-76.637396',0,0,0,1,'published','approved','2023-08-31 06:04:15','2023-10-22 21:44:17',NULL,NULL,NULL,NULL);
/*!40000 ALTER TABLE `jb_jobs` ENABLE KEYS */;
UNLOCK TABLES;

--
-- Table structure for table `jb_jobs_categories`
--

DROP TABLE IF EXISTS `jb_jobs_categories`;
/*!40101 SET @saved_cs_client     = @@character_set_client */;
/*!50503 SET character_set_client = utf8mb4 */;
CREATE TABLE `jb_jobs_categories` (
  `job_id` bigint unsigned NOT NULL,
  `category_id` bigint unsigned NOT NULL
) ENGINE=InnoDB DEFAULT CHARSET=utf8mb4 COLLATE=utf8mb4_0900_ai_ci;
/*!40101 SET character_set_client = @saved_cs_client */;

--
-- Dumping data for table `jb_jobs_categories`
--

LOCK TABLES `jb_jobs_categories` WRITE;
/*!40000 ALTER TABLE `jb_jobs_categories` DISABLE KEYS */;
INSERT INTO `jb_jobs_categories` VALUES (1,1),(1,3),(1,9),(2,1),(2,3),(2,8),(3,1),(3,4),(3,8),(4,1),(4,5),(4,6),(5,1),(5,4),(5,6),(6,1),(6,4),(6,7),(7,1),(7,5),(7,8),(8,1),(8,2),(8,9),(9,1),(9,3),(9,9),(10,1),(10,2),(10,6),(11,1),(11,5),(11,6),(12,1),(12,3),(12,7),(13,1),(13,5),(13,8),(14,1),(14,3),(14,7),(15,1),(15,2),(15,8),(16,1),(16,5),(16,10),(17,1),(17,3),(17,6),(18,1),(18,4),(18,8),(19,1),(19,4),(19,7),(20,1),(20,3),(20,7),(21,1),(21,2),(21,8),(22,1),(22,3),(22,9),(23,1),(23,2),(23,10),(24,1),(24,2),(24,10),(25,1),(25,3),(25,10),(26,1),(26,3),(26,8),(27,1),(27,2),(27,10),(28,1),(28,2),(28,7),(29,1),(29,2),(29,9),(30,1),(30,3),(30,6),(31,1),(31,3),(31,7),(32,1),(32,5),(32,6),(33,1),(33,3),(33,9),(34,1),(34,5),(34,10),(35,1),(35,4),(35,10),(36,1),(36,5),(36,6),(37,1),(37,5),(37,10),(38,1),(38,3),(38,8),(39,1),(39,5),(39,10),(40,1),(40,3),(40,8),(41,1),(41,3),(41,6),(42,1),(42,4),(42,10),(43,1),(43,3),(43,10),(44,1),(44,5),(44,8),(45,1),(45,3),(45,10),(46,1),(46,4),(46,8),(47,1),(47,3),(47,8),(48,1),(48,3),(48,8),(49,1),(49,3),(49,7),(50,1),(50,2),(50,10),(51,1),(51,4),(51,7);
/*!40000 ALTER TABLE `jb_jobs_categories` ENABLE KEYS */;
UNLOCK TABLES;

--
-- Table structure for table `jb_jobs_skills`
--

DROP TABLE IF EXISTS `jb_jobs_skills`;
/*!40101 SET @saved_cs_client     = @@character_set_client */;
/*!50503 SET character_set_client = utf8mb4 */;
CREATE TABLE `jb_jobs_skills` (
  `job_id` bigint unsigned NOT NULL,
  `job_skill_id` bigint unsigned NOT NULL
) ENGINE=InnoDB DEFAULT CHARSET=utf8mb4 COLLATE=utf8mb4_0900_ai_ci;
/*!40101 SET character_set_client = @saved_cs_client */;

--
-- Dumping data for table `jb_jobs_skills`
--

LOCK TABLES `jb_jobs_skills` WRITE;
/*!40000 ALTER TABLE `jb_jobs_skills` DISABLE KEYS */;
INSERT INTO `jb_jobs_skills` VALUES (1,6),(2,9),(3,9),(4,1),(5,7),(6,8),(7,6),(8,9),(9,8),(10,2),(11,8),(12,2),(13,4),(14,4),(15,1),(16,5),(17,6),(18,3),(19,8),(20,4),(21,7),(22,9),(23,5),(24,1),(25,2),(26,5),(27,2),(28,6),(29,2),(30,7),(31,5),(32,8),(33,1),(34,2),(35,1),(36,3),(37,7),(38,8),(39,1),(40,8),(41,9),(42,6),(43,3),(44,2),(45,5),(46,1),(47,2),(48,8),(49,1),(50,2),(51,9);
/*!40000 ALTER TABLE `jb_jobs_skills` ENABLE KEYS */;
UNLOCK TABLES;

--
-- Table structure for table `jb_jobs_tags`
--

DROP TABLE IF EXISTS `jb_jobs_tags`;
/*!40101 SET @saved_cs_client     = @@character_set_client */;
/*!50503 SET character_set_client = utf8mb4 */;
CREATE TABLE `jb_jobs_tags` (
  `job_id` bigint unsigned NOT NULL,
  `tag_id` bigint unsigned NOT NULL,
  PRIMARY KEY (`job_id`,`tag_id`),
  KEY `jb_jobs_tags_job_id_index` (`job_id`),
  KEY `jb_jobs_tags_tag_id_index` (`tag_id`)
) ENGINE=InnoDB DEFAULT CHARSET=utf8mb4 COLLATE=utf8mb4_0900_ai_ci;
/*!40101 SET character_set_client = @saved_cs_client */;

--
-- Dumping data for table `jb_jobs_tags`
--

LOCK TABLES `jb_jobs_tags` WRITE;
/*!40000 ALTER TABLE `jb_jobs_tags` DISABLE KEYS */;
INSERT INTO `jb_jobs_tags` VALUES (1,2),(1,8),(2,1),(2,6),(3,1),(3,6),(4,2),(4,7),(5,4),(5,8),(6,1),(6,6),(7,1),(7,7),(8,1),(8,7),(9,4),(9,7),(10,3),(10,5),(11,3),(11,8),(12,4),(12,7),(13,1),(13,5),(14,3),(14,6),(15,3),(15,6),(16,4),(16,7),(17,3),(17,7),(18,1),(18,5),(19,4),(19,5),(20,2),(20,7),(21,3),(21,5),(22,1),(22,8),(23,4),(23,8),(24,4),(24,8),(25,2),(25,6),(26,1),(26,7),(27,2),(27,6),(28,2),(28,7),(29,1),(29,6),(30,1),(30,6),(31,1),(31,5),(32,1),(32,6),(33,2),(33,5),(34,2),(34,5),(35,1),(35,8),(36,4),(36,8),(37,4),(37,7),(38,2),(38,6),(39,4),(39,7),(40,4),(40,8),(41,4),(41,5),(42,4),(42,6),(43,2),(43,7),(44,1),(44,5),(45,4),(45,7),(46,4),(46,8),(47,4),(47,8),(48,4),(48,7),(49,4),(49,7),(50,1),(50,5),(51,4),(51,5);
/*!40000 ALTER TABLE `jb_jobs_tags` ENABLE KEYS */;
UNLOCK TABLES;

--
-- Table structure for table `jb_jobs_translations`
--

DROP TABLE IF EXISTS `jb_jobs_translations`;
/*!40101 SET @saved_cs_client     = @@character_set_client */;
/*!50503 SET character_set_client = utf8mb4 */;
CREATE TABLE `jb_jobs_translations` (
  `lang_code` varchar(191) NOT NULL,
  `jb_jobs_id` bigint unsigned NOT NULL,
  `name` varchar(255) DEFAULT NULL,
  `description` varchar(400) DEFAULT NULL,
  `content` longtext,
  PRIMARY KEY (`lang_code`,`jb_jobs_id`)
) ENGINE=InnoDB DEFAULT CHARSET=utf8mb4 COLLATE=utf8mb4_0900_ai_ci;
/*!40101 SET character_set_client = @saved_cs_client */;

--
-- Dumping data for table `jb_jobs_translations`
--

LOCK TABLES `jb_jobs_translations` WRITE;
/*!40000 ALTER TABLE `jb_jobs_translations` DISABLE KEYS */;
/*!40000 ALTER TABLE `jb_jobs_translations` ENABLE KEYS */;
UNLOCK TABLES;

--
-- Table structure for table `jb_jobs_types`
--

DROP TABLE IF EXISTS `jb_jobs_types`;
/*!40101 SET @saved_cs_client     = @@character_set_client */;
/*!50503 SET character_set_client = utf8mb4 */;
CREATE TABLE `jb_jobs_types` (
  `job_id` bigint unsigned NOT NULL,
  `job_type_id` bigint unsigned NOT NULL
) ENGINE=InnoDB DEFAULT CHARSET=utf8mb4 COLLATE=utf8mb4_0900_ai_ci;
/*!40101 SET character_set_client = @saved_cs_client */;

--
-- Dumping data for table `jb_jobs_types`
--

LOCK TABLES `jb_jobs_types` WRITE;
/*!40000 ALTER TABLE `jb_jobs_types` DISABLE KEYS */;
INSERT INTO `jb_jobs_types` VALUES (1,4),(2,5),(3,2),(4,5),(5,2),(6,2),(7,5),(8,5),(9,4),(10,5),(11,2),(12,2),(13,1),(14,3),(15,3),(16,4),(17,4),(18,3),(19,5),(20,4),(21,4),(22,2),(23,3),(24,1),(25,5),(26,2),(27,5),(28,2),(29,3),(30,3),(31,4),(32,4),(33,2),(34,2),(35,3),(36,1),(37,3),(38,5),(39,2),(40,1),(41,4),(42,1),(43,1),(44,3),(45,5),(46,4),(47,2),(48,1),(49,4),(50,1),(51,2);
/*!40000 ALTER TABLE `jb_jobs_types` ENABLE KEYS */;
UNLOCK TABLES;

--
-- Table structure for table `jb_language_levels`
--

DROP TABLE IF EXISTS `jb_language_levels`;
/*!40101 SET @saved_cs_client     = @@character_set_client */;
/*!50503 SET character_set_client = utf8mb4 */;
CREATE TABLE `jb_language_levels` (
  `id` bigint unsigned NOT NULL AUTO_INCREMENT,
  `name` varchar(120) NOT NULL,
  `order` tinyint NOT NULL DEFAULT '0',
  `is_default` tinyint unsigned NOT NULL DEFAULT '0',
  `status` varchar(60) NOT NULL DEFAULT 'published',
  `created_at` timestamp NULL DEFAULT NULL,
  `updated_at` timestamp NULL DEFAULT NULL,
  PRIMARY KEY (`id`)
) ENGINE=InnoDB AUTO_INCREMENT=4 DEFAULT CHARSET=utf8mb4 COLLATE=utf8mb4_0900_ai_ci;
/*!40101 SET character_set_client = @saved_cs_client */;

--
-- Dumping data for table `jb_language_levels`
--

LOCK TABLES `jb_language_levels` WRITE;
/*!40000 ALTER TABLE `jb_language_levels` DISABLE KEYS */;
INSERT INTO `jb_language_levels` VALUES (1,'Expert',0,0,'published','2023-10-22 21:44:16','2023-10-22 21:44:16'),(2,'Intermediate',0,0,'published','2023-10-22 21:44:16','2023-10-22 21:44:16'),(3,'Beginner',0,0,'published','2023-10-22 21:44:16','2023-10-22 21:44:16');
/*!40000 ALTER TABLE `jb_language_levels` ENABLE KEYS */;
UNLOCK TABLES;

--
-- Table structure for table `jb_language_levels_translations`
--

DROP TABLE IF EXISTS `jb_language_levels_translations`;
/*!40101 SET @saved_cs_client     = @@character_set_client */;
/*!50503 SET character_set_client = utf8mb4 */;
CREATE TABLE `jb_language_levels_translations` (
  `lang_code` varchar(191) NOT NULL,
  `jb_language_levels_id` bigint unsigned NOT NULL,
  `name` varchar(255) DEFAULT NULL,
  PRIMARY KEY (`lang_code`,`jb_language_levels_id`)
) ENGINE=InnoDB DEFAULT CHARSET=utf8mb4 COLLATE=utf8mb4_0900_ai_ci;
/*!40101 SET character_set_client = @saved_cs_client */;

--
-- Dumping data for table `jb_language_levels_translations`
--

LOCK TABLES `jb_language_levels_translations` WRITE;
/*!40000 ALTER TABLE `jb_language_levels_translations` DISABLE KEYS */;
/*!40000 ALTER TABLE `jb_language_levels_translations` ENABLE KEYS */;
UNLOCK TABLES;

--
-- Table structure for table `jb_major_subjects`
--

DROP TABLE IF EXISTS `jb_major_subjects`;
/*!40101 SET @saved_cs_client     = @@character_set_client */;
/*!50503 SET character_set_client = utf8mb4 */;
CREATE TABLE `jb_major_subjects` (
  `id` bigint unsigned NOT NULL AUTO_INCREMENT,
  `name` varchar(120) NOT NULL,
  `order` tinyint NOT NULL DEFAULT '0',
  `is_default` tinyint unsigned NOT NULL DEFAULT '0',
  `status` varchar(60) NOT NULL DEFAULT 'published',
  `created_at` timestamp NULL DEFAULT NULL,
  `updated_at` timestamp NULL DEFAULT NULL,
  PRIMARY KEY (`id`)
) ENGINE=InnoDB DEFAULT CHARSET=utf8mb4 COLLATE=utf8mb4_0900_ai_ci;
/*!40101 SET character_set_client = @saved_cs_client */;

--
-- Dumping data for table `jb_major_subjects`
--

LOCK TABLES `jb_major_subjects` WRITE;
/*!40000 ALTER TABLE `jb_major_subjects` DISABLE KEYS */;
/*!40000 ALTER TABLE `jb_major_subjects` ENABLE KEYS */;
UNLOCK TABLES;

--
-- Table structure for table `jb_packages`
--

DROP TABLE IF EXISTS `jb_packages`;
/*!40101 SET @saved_cs_client     = @@character_set_client */;
/*!50503 SET character_set_client = utf8mb4 */;
CREATE TABLE `jb_packages` (
  `id` bigint unsigned NOT NULL AUTO_INCREMENT,
  `name` varchar(120) NOT NULL,
  `price` double(15,2) unsigned NOT NULL,
  `currency_id` bigint unsigned NOT NULL,
  `percent_save` int unsigned DEFAULT '0',
  `number_of_listings` int unsigned NOT NULL,
  `order` tinyint NOT NULL DEFAULT '0',
  `account_limit` int unsigned DEFAULT NULL,
  `is_default` tinyint unsigned NOT NULL DEFAULT '0',
  `status` varchar(60) NOT NULL DEFAULT 'published',
  `created_at` timestamp NULL DEFAULT NULL,
  `updated_at` timestamp NULL DEFAULT NULL,
  PRIMARY KEY (`id`)
) ENGINE=InnoDB AUTO_INCREMENT=4 DEFAULT CHARSET=utf8mb4 COLLATE=utf8mb4_0900_ai_ci;
/*!40101 SET character_set_client = @saved_cs_client */;

--
-- Dumping data for table `jb_packages`
--

LOCK TABLES `jb_packages` WRITE;
/*!40000 ALTER TABLE `jb_packages` DISABLE KEYS */;
INSERT INTO `jb_packages` VALUES (1,'Free First Post',0.00,1,0,1,0,1,0,'published','2023-10-22 21:44:46','2023-10-22 21:44:46'),(2,'Single Post',250.00,1,0,1,0,NULL,1,'published','2023-10-22 21:44:46','2023-10-22 21:44:46'),(3,'5 Posts',1000.00,1,20,5,0,NULL,0,'published','2023-10-22 21:44:46','2023-10-22 21:44:46');
/*!40000 ALTER TABLE `jb_packages` ENABLE KEYS */;
UNLOCK TABLES;

--
-- Table structure for table `jb_packages_translations`
--

DROP TABLE IF EXISTS `jb_packages_translations`;
/*!40101 SET @saved_cs_client     = @@character_set_client */;
/*!50503 SET character_set_client = utf8mb4 */;
CREATE TABLE `jb_packages_translations` (
  `lang_code` varchar(191) NOT NULL,
  `jb_packages_id` bigint unsigned NOT NULL,
  `name` varchar(255) DEFAULT NULL,
  PRIMARY KEY (`lang_code`,`jb_packages_id`)
) ENGINE=InnoDB DEFAULT CHARSET=utf8mb4 COLLATE=utf8mb4_0900_ai_ci;
/*!40101 SET character_set_client = @saved_cs_client */;

--
-- Dumping data for table `jb_packages_translations`
--

LOCK TABLES `jb_packages_translations` WRITE;
/*!40000 ALTER TABLE `jb_packages_translations` DISABLE KEYS */;
/*!40000 ALTER TABLE `jb_packages_translations` ENABLE KEYS */;
UNLOCK TABLES;

--
-- Table structure for table `jb_reviews`
--

DROP TABLE IF EXISTS `jb_reviews`;
/*!40101 SET @saved_cs_client     = @@character_set_client */;
/*!50503 SET character_set_client = utf8mb4 */;
CREATE TABLE `jb_reviews` (
  `id` bigint unsigned NOT NULL AUTO_INCREMENT,
  `reviewable_type` varchar(191) NOT NULL,
  `reviewable_id` bigint unsigned NOT NULL,
  `created_by_type` varchar(191) NOT NULL,
  `created_by_id` bigint unsigned NOT NULL,
  `star` double(8,2) NOT NULL,
  `review` text NOT NULL,
  `status` varchar(60) NOT NULL DEFAULT 'published',
  `created_at` timestamp NULL DEFAULT NULL,
  `updated_at` timestamp NULL DEFAULT NULL,
  PRIMARY KEY (`id`),
  UNIQUE KEY `reviews_unique` (`reviewable_id`,`reviewable_type`,`created_by_id`,`created_by_type`),
  KEY `jb_reviews_reviewable_type_reviewable_id_index` (`reviewable_type`,`reviewable_id`),
  KEY `jb_reviews_created_by_type_created_by_id_index` (`created_by_type`,`created_by_id`),
  KEY `jb_reviews_reviewable_id_reviewable_type_status_index` (`reviewable_id`,`reviewable_type`,`status`)
) ENGINE=InnoDB AUTO_INCREMENT=101 DEFAULT CHARSET=utf8mb4 COLLATE=utf8mb4_0900_ai_ci;
/*!40101 SET character_set_client = @saved_cs_client */;

--
-- Dumping data for table `jb_reviews`
--

LOCK TABLES `jb_reviews` WRITE;
/*!40000 ALTER TABLE `jb_reviews` DISABLE KEYS */;
INSERT INTO `jb_reviews` VALUES (1,'Botble\\JobBoard\\Models\\Company',12,'Botble\\JobBoard\\Models\\Account',19,4.00,'It\'s not my first experience here on Codecanyon and I can honestly tell you all that Botble puts a LOT of effort into the support. They answer so fast, they helped me tons of times. REALLY by far THE BEST EXPERIENCE on Codecanyon. Those guys at Botble are so good that they deserve 5 stars. I recommend them, I trust them and I can\'t wait to see what they will sell in a near future. Thank you Botble :)','published','2023-10-22 21:44:46','2023-10-22 21:44:46'),(2,'Botble\\JobBoard\\Models\\Company',15,'Botble\\JobBoard\\Models\\Account',4,2.00,'We have received brilliant service support and will be expanding the features with the developer. Nice product!','published','2023-10-22 21:44:46','2023-10-22 21:44:46'),(3,'Botble\\JobBoard\\Models\\Company',10,'Botble\\JobBoard\\Models\\Account',89,4.00,'These guys are amazing! Responses immediately, amazing support and help... I immediately feel at ease after Purchasing..','published','2023-10-22 21:44:46','2023-10-22 21:44:46'),(4,'Botble\\JobBoard\\Models\\Account',28,'Botble\\JobBoard\\Models\\Company',10,4.00,'The code is good, in general, if you like it, can you give it 5 stars?','published','2023-10-22 21:44:46','2023-10-22 21:44:46'),(5,'Botble\\JobBoard\\Models\\Account',12,'Botble\\JobBoard\\Models\\Company',17,5.00,'Great E-commerce system. And much more : Wonderful Customer Support.','published','2023-10-22 21:44:46','2023-10-22 21:44:46'),(6,'Botble\\JobBoard\\Models\\Account',63,'Botble\\JobBoard\\Models\\Company',17,3.00,'Ok good product. I have some issues in customizations. But its not correct to blame the developer. The product is good. Good luck for your business.','published','2023-10-22 21:44:46','2023-10-22 21:44:46'),(7,'Botble\\JobBoard\\Models\\Account',19,'Botble\\JobBoard\\Models\\Company',3,3.00,'This web app is really good in design, code quality & features. Besides, the customer support provided by the Botble team was really fast & helpful. You guys are awesome!','published','2023-10-22 21:44:46','2023-10-22 21:44:46'),(8,'Botble\\JobBoard\\Models\\Account',76,'Botble\\JobBoard\\Models\\Company',11,4.00,'Cool template. Excellent code quality. The support responds very quickly, which is very rare on themeforest and codecanyon.net, I buy a lot of templates, and everyone will have a response from technical support for two or three days. Thanks to tech support. I recommend to buy.','published','2023-10-22 21:44:46','2023-10-22 21:44:46'),(9,'Botble\\JobBoard\\Models\\Company',10,'Botble\\JobBoard\\Models\\Account',31,2.00,'The script is the best of its class, fast, easy to implement and work with , and the most important thing is the great support team , Recommend with no doubt.','published','2023-10-22 21:44:46','2023-10-22 21:44:46'),(10,'Botble\\JobBoard\\Models\\Company',1,'Botble\\JobBoard\\Models\\Account',50,2.00,'The script is the best of its class, fast, easy to implement and work with , and the most important thing is the great support team , Recommend with no doubt.','published','2023-10-22 21:44:46','2023-10-22 21:44:46'),(11,'Botble\\JobBoard\\Models\\Account',58,'Botble\\JobBoard\\Models\\Company',3,2.00,'The code is good, in general, if you like it, can you give it 5 stars?','published','2023-10-22 21:44:46','2023-10-22 21:44:46'),(12,'Botble\\JobBoard\\Models\\Account',42,'Botble\\JobBoard\\Models\\Company',4,4.00,'Best ecommerce CMS online store!','published','2023-10-22 21:44:46','2023-10-22 21:44:46'),(13,'Botble\\JobBoard\\Models\\Account',52,'Botble\\JobBoard\\Models\\Company',11,4.00,'I Love this Script. I also found how to add other fees. Now I just wait the BIG update for the Marketplace with the Bulk Import. Just do not forget to make it to be Multi-language for us the Botble Fans.','published','2023-10-22 21:44:46','2023-10-22 21:44:46'),(14,'Botble\\JobBoard\\Models\\Account',28,'Botble\\JobBoard\\Models\\Company',11,5.00,'The best store template! Excellent coding! Very good support! Thank you so much for all the help, I really appreciated.','published','2023-10-22 21:44:46','2023-10-22 21:44:46'),(15,'Botble\\JobBoard\\Models\\Account',51,'Botble\\JobBoard\\Models\\Company',18,2.00,'The best ecommerce CMS! Excellent coding! best support service! Thank you so much..... I really like your hard work.','published','2023-10-22 21:44:46','2023-10-22 21:44:46'),(16,'Botble\\JobBoard\\Models\\Account',16,'Botble\\JobBoard\\Models\\Company',5,2.00,'Customer Support are grade (A*), however the code is a way too over engineered for it\'s purpose.','published','2023-10-22 21:44:46','2023-10-22 21:44:46'),(17,'Botble\\JobBoard\\Models\\Company',11,'Botble\\JobBoard\\Models\\Account',52,1.00,'Perfect +++++++++ i love it really also i get to fast ticket answers... Thanks Lot BOTBLE Teams','published','2023-10-22 21:44:46','2023-10-22 21:44:46'),(18,'Botble\\JobBoard\\Models\\Company',1,'Botble\\JobBoard\\Models\\Account',84,4.00,'The best store template! Excellent coding! Very good support! Thank you so much for all the help, I really appreciated.','published','2023-10-22 21:44:46','2023-10-22 21:44:46'),(19,'Botble\\JobBoard\\Models\\Account',58,'Botble\\JobBoard\\Models\\Company',18,2.00,'Those guys now what they are doing, the release such a good product that it\'s a pleasure to work with ! Even when I was stuck on the project, I created a ticket and the next day it was replied by the team. GOOD JOB guys. I love working with them :)','published','2023-10-22 21:44:46','2023-10-22 21:44:46'),(20,'Botble\\JobBoard\\Models\\Account',31,'Botble\\JobBoard\\Models\\Company',7,5.00,'Customer Support are grade (A*), however the code is a way too over engineered for it\'s purpose.','published','2023-10-22 21:44:46','2023-10-22 21:44:46'),(21,'Botble\\JobBoard\\Models\\Company',17,'Botble\\JobBoard\\Models\\Account',90,2.00,'For me the best eCommerce script on Envato at this moment: modern, clean code, a lot of great features. The customer support is great too: I always get an answer within hours!','published','2023-10-22 21:44:46','2023-10-22 21:44:46'),(22,'Botble\\JobBoard\\Models\\Account',4,'Botble\\JobBoard\\Models\\Company',3,4.00,'Solution is too robust for our purpose so we didn\'t use it at the end. But I appreciate customer support during initial configuration.','published','2023-10-22 21:44:46','2023-10-22 21:44:46'),(23,'Botble\\JobBoard\\Models\\Account',24,'Botble\\JobBoard\\Models\\Company',7,3.00,'Cool template. Excellent code quality. The support responds very quickly, which is very rare on themeforest and codecanyon.net, I buy a lot of templates, and everyone will have a response from technical support for two or three days. Thanks to tech support. I recommend to buy.','published','2023-10-22 21:44:46','2023-10-22 21:44:46'),(24,'Botble\\JobBoard\\Models\\Company',15,'Botble\\JobBoard\\Models\\Account',58,5.00,'Customer Support are grade (A*), however the code is a way too over engineered for it\'s purpose.','published','2023-10-22 21:44:46','2023-10-22 21:44:46'),(25,'Botble\\JobBoard\\Models\\Company',1,'Botble\\JobBoard\\Models\\Account',96,3.00,'Great system, great support, good job Botble. I\'m looking forward to more great functional plugins.','published','2023-10-22 21:44:46','2023-10-22 21:44:46'),(26,'Botble\\JobBoard\\Models\\Account',20,'Botble\\JobBoard\\Models\\Company',11,1.00,'Great system, great support, good job Botble. I\'m looking forward to more great functional plugins.','published','2023-10-22 21:44:46','2023-10-22 21:44:46'),(27,'Botble\\JobBoard\\Models\\Company',13,'Botble\\JobBoard\\Models\\Account',23,4.00,'Very enthusiastic support! Excellent code is written. It\'s a true pleasure working with.','published','2023-10-22 21:44:46','2023-10-22 21:44:46'),(28,'Botble\\JobBoard\\Models\\Account',25,'Botble\\JobBoard\\Models\\Company',16,3.00,'Solution is too robust for our purpose so we didn\'t use it at the end. But I appreciate customer support during initial configuration.','published','2023-10-22 21:44:46','2023-10-22 21:44:46'),(29,'Botble\\JobBoard\\Models\\Company',16,'Botble\\JobBoard\\Models\\Account',81,2.00,'Second or third time that I buy a Botble product, happy with the products and support. You guys do a good job :)','published','2023-10-22 21:44:46','2023-10-22 21:44:46'),(30,'Botble\\JobBoard\\Models\\Company',4,'Botble\\JobBoard\\Models\\Account',13,4.00,'Second or third time that I buy a Botble product, happy with the products and support. You guys do a good job :)','published','2023-10-22 21:44:46','2023-10-22 21:44:46'),(31,'Botble\\JobBoard\\Models\\Account',78,'Botble\\JobBoard\\Models\\Company',15,4.00,'This web app is really good in design, code quality & features. Besides, the customer support provided by the Botble team was really fast & helpful. You guys are awesome!','published','2023-10-22 21:44:46','2023-10-22 21:44:46'),(32,'Botble\\JobBoard\\Models\\Account',41,'Botble\\JobBoard\\Models\\Company',20,5.00,'The best ecommerce CMS! Excellent coding! best support service! Thank you so much..... I really like your hard work.','published','2023-10-22 21:44:46','2023-10-22 21:44:46'),(33,'Botble\\JobBoard\\Models\\Account',84,'Botble\\JobBoard\\Models\\Company',16,5.00,'We have received brilliant service support and will be expanding the features with the developer. Nice product!','published','2023-10-22 21:44:46','2023-10-22 21:44:46'),(34,'Botble\\JobBoard\\Models\\Company',11,'Botble\\JobBoard\\Models\\Account',8,2.00,'Second or third time that I buy a Botble product, happy with the products and support. You guys do a good job :)','published','2023-10-22 21:44:46','2023-10-22 21:44:46'),(35,'Botble\\JobBoard\\Models\\Company',13,'Botble\\JobBoard\\Models\\Account',63,3.00,'Very enthusiastic support! Excellent code is written. It\'s a true pleasure working with.','published','2023-10-22 21:44:46','2023-10-22 21:44:46'),(36,'Botble\\JobBoard\\Models\\Company',11,'Botble\\JobBoard\\Models\\Account',58,1.00,'The code is good, in general, if you like it, can you give it 5 stars?','published','2023-10-22 21:44:46','2023-10-22 21:44:46'),(37,'Botble\\JobBoard\\Models\\Account',21,'Botble\\JobBoard\\Models\\Company',15,2.00,'As a developer I reviewed this script. This is really awesome ecommerce script. I have convinced when I noticed that it\'s built on fully WordPress concept.','published','2023-10-22 21:44:46','2023-10-22 21:44:46'),(39,'Botble\\JobBoard\\Models\\Company',6,'Botble\\JobBoard\\Models\\Account',7,1.00,'It\'s not my first experience here on Codecanyon and I can honestly tell you all that Botble puts a LOT of effort into the support. They answer so fast, they helped me tons of times. REALLY by far THE BEST EXPERIENCE on Codecanyon. Those guys at Botble are so good that they deserve 5 stars. I recommend them, I trust them and I can\'t wait to see what they will sell in a near future. Thank you Botble :)','published','2023-10-22 21:44:46','2023-10-22 21:44:46'),(40,'Botble\\JobBoard\\Models\\Account',2,'Botble\\JobBoard\\Models\\Company',11,4.00,'The code is good, in general, if you like it, can you give it 5 stars?','published','2023-10-22 21:44:46','2023-10-22 21:44:46'),(41,'Botble\\JobBoard\\Models\\Company',16,'Botble\\JobBoard\\Models\\Account',35,1.00,'Solution is too robust for our purpose so we didn\'t use it at the end. But I appreciate customer support during initial configuration.','published','2023-10-22 21:44:46','2023-10-22 21:44:46'),(42,'Botble\\JobBoard\\Models\\Account',42,'Botble\\JobBoard\\Models\\Company',7,4.00,'This web app is really good in design, code quality & features. Besides, the customer support provided by the Botble team was really fast & helpful. You guys are awesome!','published','2023-10-22 21:44:46','2023-10-22 21:44:46'),(43,'Botble\\JobBoard\\Models\\Company',19,'Botble\\JobBoard\\Models\\Account',84,3.00,'Those guys now what they are doing, the release such a good product that it\'s a pleasure to work with ! Even when I was stuck on the project, I created a ticket and the next day it was replied by the team. GOOD JOB guys. I love working with them :)','published','2023-10-22 21:44:46','2023-10-22 21:44:46'),(44,'Botble\\JobBoard\\Models\\Account',48,'Botble\\JobBoard\\Models\\Company',5,4.00,'Great E-commerce system. And much more : Wonderful Customer Support.','published','2023-10-22 21:44:46','2023-10-22 21:44:46'),(45,'Botble\\JobBoard\\Models\\Company',17,'Botble\\JobBoard\\Models\\Account',68,2.00,'The best ecommerce CMS! Excellent coding! best support service! Thank you so much..... I really like your hard work.','published','2023-10-22 21:44:46','2023-10-22 21:44:46'),(46,'Botble\\JobBoard\\Models\\Account',64,'Botble\\JobBoard\\Models\\Company',10,4.00,'Customer Support are grade (A*), however the code is a way too over engineered for it\'s purpose.','published','2023-10-22 21:44:46','2023-10-22 21:44:46'),(47,'Botble\\JobBoard\\Models\\Company',1,'Botble\\JobBoard\\Models\\Account',92,4.00,'The best store template! Excellent coding! Very good support! Thank you so much for all the help, I really appreciated.','published','2023-10-22 21:44:46','2023-10-22 21:44:46'),(48,'Botble\\JobBoard\\Models\\Account',86,'Botble\\JobBoard\\Models\\Company',4,1.00,'Very enthusiastic support! Excellent code is written. It\'s a true pleasure working with.','published','2023-10-22 21:44:46','2023-10-22 21:44:46'),(49,'Botble\\JobBoard\\Models\\Account',11,'Botble\\JobBoard\\Models\\Company',8,1.00,'The best store template! Excellent coding! Very good support! Thank you so much for all the help, I really appreciated.','published','2023-10-22 21:44:46','2023-10-22 21:44:46'),(50,'Botble\\JobBoard\\Models\\Account',9,'Botble\\JobBoard\\Models\\Company',2,4.00,'Perfect +++++++++ i love it really also i get to fast ticket answers... Thanks Lot BOTBLE Teams','published','2023-10-22 21:44:46','2023-10-22 21:44:46'),(51,'Botble\\JobBoard\\Models\\Company',8,'Botble\\JobBoard\\Models\\Account',27,2.00,'These guys are amazing! Responses immediately, amazing support and help... I immediately feel at ease after Purchasing..','published','2023-10-22 21:44:46','2023-10-22 21:44:46'),(52,'Botble\\JobBoard\\Models\\Company',14,'Botble\\JobBoard\\Models\\Account',32,1.00,'The script is the best of its class, fast, easy to implement and work with , and the most important thing is the great support team , Recommend with no doubt.','published','2023-10-22 21:44:46','2023-10-22 21:44:46'),(53,'Botble\\JobBoard\\Models\\Account',55,'Botble\\JobBoard\\Models\\Company',20,1.00,'Clean & perfect source code','published','2023-10-22 21:44:46','2023-10-22 21:44:46'),(54,'Botble\\JobBoard\\Models\\Company',11,'Botble\\JobBoard\\Models\\Account',89,5.00,'For me the best eCommerce script on Envato at this moment: modern, clean code, a lot of great features. The customer support is great too: I always get an answer within hours!','published','2023-10-22 21:44:46','2023-10-22 21:44:46'),(55,'Botble\\JobBoard\\Models\\Account',89,'Botble\\JobBoard\\Models\\Company',19,2.00,'Best ecommerce CMS online store!','published','2023-10-22 21:44:46','2023-10-22 21:44:46'),(56,'Botble\\JobBoard\\Models\\Account',74,'Botble\\JobBoard\\Models\\Company',8,5.00,'The best store template! Excellent coding! Very good support! Thank you so much for all the help, I really appreciated.','published','2023-10-22 21:44:46','2023-10-22 21:44:46'),(57,'Botble\\JobBoard\\Models\\Account',28,'Botble\\JobBoard\\Models\\Company',7,1.00,'Cool template. Excellent code quality. The support responds very quickly, which is very rare on themeforest and codecanyon.net, I buy a lot of templates, and everyone will have a response from technical support for two or three days. Thanks to tech support. I recommend to buy.','published','2023-10-22 21:44:46','2023-10-22 21:44:46'),(58,'Botble\\JobBoard\\Models\\Company',10,'Botble\\JobBoard\\Models\\Account',52,2.00,'Cool template. Excellent code quality. The support responds very quickly, which is very rare on themeforest and codecanyon.net, I buy a lot of templates, and everyone will have a response from technical support for two or three days. Thanks to tech support. I recommend to buy.','published','2023-10-22 21:44:46','2023-10-22 21:44:46'),(59,'Botble\\JobBoard\\Models\\Company',1,'Botble\\JobBoard\\Models\\Account',45,1.00,'For me the best eCommerce script on Envato at this moment: modern, clean code, a lot of great features. The customer support is great too: I always get an answer within hours!','published','2023-10-22 21:44:46','2023-10-22 21:44:46'),(60,'Botble\\JobBoard\\Models\\Account',95,'Botble\\JobBoard\\Models\\Company',16,1.00,'This script is well coded and is super fast. The support is pretty quick. Very patient and helpful team. I strongly recommend it and they deserve more than 5 stars.','published','2023-10-22 21:44:46','2023-10-22 21:44:46'),(61,'Botble\\JobBoard\\Models\\Company',2,'Botble\\JobBoard\\Models\\Account',12,1.00,'The best store template! Excellent coding! Very good support! Thank you so much for all the help, I really appreciated.','published','2023-10-22 21:44:46','2023-10-22 21:44:46'),(62,'Botble\\JobBoard\\Models\\Company',15,'Botble\\JobBoard\\Models\\Account',19,3.00,'Perfect +++++++++ i love it really also i get to fast ticket answers... Thanks Lot BOTBLE Teams','published','2023-10-22 21:44:46','2023-10-22 21:44:46'),(63,'Botble\\JobBoard\\Models\\Account',3,'Botble\\JobBoard\\Models\\Company',17,5.00,'For me the best eCommerce script on Envato at this moment: modern, clean code, a lot of great features. The customer support is great too: I always get an answer within hours!','published','2023-10-22 21:44:46','2023-10-22 21:44:46'),(64,'Botble\\JobBoard\\Models\\Company',17,'Botble\\JobBoard\\Models\\Account',34,5.00,'Amazing code, amazing support. Overall, im really confident in Botble and im happy I made the right choice! Thank you so much guys for coding this masterpiece','published','2023-10-22 21:44:46','2023-10-22 21:44:46'),(65,'Botble\\JobBoard\\Models\\Account',7,'Botble\\JobBoard\\Models\\Company',12,1.00,'Great E-commerce system. And much more : Wonderful Customer Support.','published','2023-10-22 21:44:46','2023-10-22 21:44:46'),(66,'Botble\\JobBoard\\Models\\Company',8,'Botble\\JobBoard\\Models\\Account',42,2.00,'Best ecommerce CMS online store!','published','2023-10-22 21:44:46','2023-10-22 21:44:46'),(67,'Botble\\JobBoard\\Models\\Account',81,'Botble\\JobBoard\\Models\\Company',5,4.00,'We have received brilliant service support and will be expanding the features with the developer. Nice product!','published','2023-10-22 21:44:46','2023-10-22 21:44:46'),(68,'Botble\\JobBoard\\Models\\Account',56,'Botble\\JobBoard\\Models\\Company',5,3.00,'These guys are amazing! Responses immediately, amazing support and help... I immediately feel at ease after Purchasing..','published','2023-10-22 21:44:46','2023-10-22 21:44:46'),(69,'Botble\\JobBoard\\Models\\Company',12,'Botble\\JobBoard\\Models\\Account',45,3.00,'Amazing code, amazing support. Overall, im really confident in Botble and im happy I made the right choice! Thank you so much guys for coding this masterpiece','published','2023-10-22 21:44:46','2023-10-22 21:44:46'),(70,'Botble\\JobBoard\\Models\\Account',12,'Botble\\JobBoard\\Models\\Company',16,5.00,'As a developer I reviewed this script. This is really awesome ecommerce script. I have convinced when I noticed that it\'s built on fully WordPress concept.','published','2023-10-22 21:44:46','2023-10-22 21:44:46'),(72,'Botble\\JobBoard\\Models\\Company',17,'Botble\\JobBoard\\Models\\Account',37,2.00,'The best ecommerce CMS! Excellent coding! best support service! Thank you so much..... I really like your hard work.','published','2023-10-22 21:44:46','2023-10-22 21:44:46'),(73,'Botble\\JobBoard\\Models\\Account',76,'Botble\\JobBoard\\Models\\Company',17,4.00,'Cool template. Excellent code quality. The support responds very quickly, which is very rare on themeforest and codecanyon.net, I buy a lot of templates, and everyone will have a response from technical support for two or three days. Thanks to tech support. I recommend to buy.','published','2023-10-22 21:44:46','2023-10-22 21:44:46'),(74,'Botble\\JobBoard\\Models\\Company',19,'Botble\\JobBoard\\Models\\Account',63,1.00,'These guys are amazing! Responses immediately, amazing support and help... I immediately feel at ease after Purchasing..','published','2023-10-22 21:44:46','2023-10-22 21:44:46'),(75,'Botble\\JobBoard\\Models\\Company',17,'Botble\\JobBoard\\Models\\Account',4,3.00,'Good app, good backup service and support. Good documentation.','published','2023-10-22 21:44:46','2023-10-22 21:44:46'),(76,'Botble\\JobBoard\\Models\\Account',95,'Botble\\JobBoard\\Models\\Company',10,5.00,'This web app is really good in design, code quality & features. Besides, the customer support provided by the Botble team was really fast & helpful. You guys are awesome!','published','2023-10-22 21:44:46','2023-10-22 21:44:46'),(77,'Botble\\JobBoard\\Models\\Company',12,'Botble\\JobBoard\\Models\\Account',52,1.00,'The code is good, in general, if you like it, can you give it 5 stars?','published','2023-10-22 21:44:46','2023-10-22 21:44:46'),(78,'Botble\\JobBoard\\Models\\Company',20,'Botble\\JobBoard\\Models\\Account',56,4.00,'The code is good, in general, if you like it, can you give it 5 stars?','published','2023-10-22 21:44:46','2023-10-22 21:44:46'),(79,'Botble\\JobBoard\\Models\\Company',2,'Botble\\JobBoard\\Models\\Account',68,4.00,'This script is well coded and is super fast. The support is pretty quick. Very patient and helpful team. I strongly recommend it and they deserve more than 5 stars.','published','2023-10-22 21:44:46','2023-10-22 21:44:46'),(80,'Botble\\JobBoard\\Models\\Account',94,'Botble\\JobBoard\\Models\\Company',15,4.00,'This script is well coded and is super fast. The support is pretty quick. Very patient and helpful team. I strongly recommend it and they deserve more than 5 stars.','published','2023-10-22 21:44:46','2023-10-22 21:44:46'),(81,'Botble\\JobBoard\\Models\\Account',14,'Botble\\JobBoard\\Models\\Company',13,5.00,'This web app is really good in design, code quality & features. Besides, the customer support provided by the Botble team was really fast & helpful. You guys are awesome!','published','2023-10-22 21:44:46','2023-10-22 21:44:46'),(82,'Botble\\JobBoard\\Models\\Company',1,'Botble\\JobBoard\\Models\\Account',86,4.00,'Clean & perfect source code','published','2023-10-22 21:44:46','2023-10-22 21:44:46'),(83,'Botble\\JobBoard\\Models\\Company',14,'Botble\\JobBoard\\Models\\Account',37,3.00,'Cool template. Excellent code quality. The support responds very quickly, which is very rare on themeforest and codecanyon.net, I buy a lot of templates, and everyone will have a response from technical support for two or three days. Thanks to tech support. I recommend to buy.','published','2023-10-22 21:44:46','2023-10-22 21:44:46'),(85,'Botble\\JobBoard\\Models\\Company',17,'Botble\\JobBoard\\Models\\Account',56,3.00,'Amazing code, amazing support. Overall, im really confident in Botble and im happy I made the right choice! Thank you so much guys for coding this masterpiece','published','2023-10-22 21:44:46','2023-10-22 21:44:46'),(86,'Botble\\JobBoard\\Models\\Company',12,'Botble\\JobBoard\\Models\\Account',61,4.00,'Perfect +++++++++ i love it really also i get to fast ticket answers... Thanks Lot BOTBLE Teams','published','2023-10-22 21:44:46','2023-10-22 21:44:46'),(87,'Botble\\JobBoard\\Models\\Company',3,'Botble\\JobBoard\\Models\\Account',54,4.00,'Very enthusiastic support! Excellent code is written. It\'s a true pleasure working with.','published','2023-10-22 21:44:46','2023-10-22 21:44:46'),(89,'Botble\\JobBoard\\Models\\Account',7,'Botble\\JobBoard\\Models\\Company',14,5.00,'Solution is too robust for our purpose so we didn\'t use it at the end. But I appreciate customer support during initial configuration.','published','2023-10-22 21:44:46','2023-10-22 21:44:46'),(90,'Botble\\JobBoard\\Models\\Company',10,'Botble\\JobBoard\\Models\\Account',37,5.00,'For me the best eCommerce script on Envato at this moment: modern, clean code, a lot of great features. The customer support is great too: I always get an answer within hours!','published','2023-10-22 21:44:46','2023-10-22 21:44:46'),(91,'Botble\\JobBoard\\Models\\Company',16,'Botble\\JobBoard\\Models\\Account',38,1.00,'This script is well coded and is super fast. The support is pretty quick. Very patient and helpful team. I strongly recommend it and they deserve more than 5 stars.','published','2023-10-22 21:44:46','2023-10-22 21:44:46'),(92,'Botble\\JobBoard\\Models\\Company',19,'Botble\\JobBoard\\Models\\Account',27,2.00,'Amazing code, amazing support. Overall, im really confident in Botble and im happy I made the right choice! Thank you so much guys for coding this masterpiece','published','2023-10-22 21:44:46','2023-10-22 21:44:46'),(93,'Botble\\JobBoard\\Models\\Account',66,'Botble\\JobBoard\\Models\\Company',19,1.00,'Great E-commerce system. And much more : Wonderful Customer Support.','published','2023-10-22 21:44:46','2023-10-22 21:44:46'),(94,'Botble\\JobBoard\\Models\\Company',15,'Botble\\JobBoard\\Models\\Account',74,5.00,'This script is well coded and is super fast. The support is pretty quick. Very patient and helpful team. I strongly recommend it and they deserve more than 5 stars.','published','2023-10-22 21:44:46','2023-10-22 21:44:46'),(95,'Botble\\JobBoard\\Models\\Company',12,'Botble\\JobBoard\\Models\\Account',17,5.00,'For me the best eCommerce script on Envato at this moment: modern, clean code, a lot of great features. The customer support is great too: I always get an answer within hours!','published','2023-10-22 21:44:46','2023-10-22 21:44:46'),(96,'Botble\\JobBoard\\Models\\Company',6,'Botble\\JobBoard\\Models\\Account',64,5.00,'Customer Support are grade (A*), however the code is a way too over engineered for it\'s purpose.','published','2023-10-22 21:44:46','2023-10-22 21:44:46'),(97,'Botble\\JobBoard\\Models\\Account',77,'Botble\\JobBoard\\Models\\Company',1,1.00,'Very enthusiastic support! Excellent code is written. It\'s a true pleasure working with.','published','2023-10-22 21:44:46','2023-10-22 21:44:46'),(98,'Botble\\JobBoard\\Models\\Company',14,'Botble\\JobBoard\\Models\\Account',53,3.00,'Ok good product. I have some issues in customizations. But its not correct to blame the developer. The product is good. Good luck for your business.','published','2023-10-22 21:44:46','2023-10-22 21:44:46'),(99,'Botble\\JobBoard\\Models\\Company',15,'Botble\\JobBoard\\Models\\Account',81,2.00,'We have received brilliant service support and will be expanding the features with the developer. Nice product!','published','2023-10-22 21:44:46','2023-10-22 21:44:46'),(100,'Botble\\JobBoard\\Models\\Company',17,'Botble\\JobBoard\\Models\\Account',43,1.00,'Great E-commerce system. And much more : Wonderful Customer Support.','published','2023-10-22 21:44:46','2023-10-22 21:44:46');
/*!40000 ALTER TABLE `jb_reviews` ENABLE KEYS */;
UNLOCK TABLES;

--
-- Table structure for table `jb_saved_jobs`
--

DROP TABLE IF EXISTS `jb_saved_jobs`;
/*!40101 SET @saved_cs_client     = @@character_set_client */;
/*!50503 SET character_set_client = utf8mb4 */;
CREATE TABLE `jb_saved_jobs` (
  `account_id` bigint unsigned NOT NULL,
  `job_id` bigint unsigned NOT NULL,
  PRIMARY KEY (`account_id`,`job_id`)
) ENGINE=InnoDB DEFAULT CHARSET=utf8mb4 COLLATE=utf8mb4_0900_ai_ci;
/*!40101 SET character_set_client = @saved_cs_client */;

--
-- Dumping data for table `jb_saved_jobs`
--

LOCK TABLES `jb_saved_jobs` WRITE;
/*!40000 ALTER TABLE `jb_saved_jobs` DISABLE KEYS */;
/*!40000 ALTER TABLE `jb_saved_jobs` ENABLE KEYS */;
UNLOCK TABLES;

--
-- Table structure for table `jb_tags`
--

DROP TABLE IF EXISTS `jb_tags`;
/*!40101 SET @saved_cs_client     = @@character_set_client */;
/*!50503 SET character_set_client = utf8mb4 */;
CREATE TABLE `jb_tags` (
  `id` bigint unsigned NOT NULL AUTO_INCREMENT,
  `name` varchar(120) NOT NULL,
  `description` varchar(400) DEFAULT NULL,
  `status` varchar(60) NOT NULL DEFAULT 'published',
  `created_at` timestamp NULL DEFAULT NULL,
  `updated_at` timestamp NULL DEFAULT NULL,
  PRIMARY KEY (`id`)
) ENGINE=InnoDB AUTO_INCREMENT=9 DEFAULT CHARSET=utf8mb4 COLLATE=utf8mb4_0900_ai_ci;
/*!40101 SET character_set_client = @saved_cs_client */;

--
-- Dumping data for table `jb_tags`
--

LOCK TABLES `jb_tags` WRITE;
/*!40000 ALTER TABLE `jb_tags` DISABLE KEYS */;
INSERT INTO `jb_tags` VALUES (1,'Illustrator','','published','2023-10-22 21:44:16','2023-10-22 21:44:16'),(2,'Adobe XD','','published','2023-10-22 21:44:16','2023-10-22 21:44:16'),(3,'Figma','','published','2023-10-22 21:44:16','2023-10-22 21:44:16'),(4,'Sketch','','published','2023-10-22 21:44:16','2023-10-22 21:44:16'),(5,'Lunacy','','published','2023-10-22 21:44:16','2023-10-22 21:44:16'),(6,'PHP','','published','2023-10-22 21:44:16','2023-10-22 21:44:16'),(7,'Python','','published','2023-10-22 21:44:16','2023-10-22 21:44:16'),(8,'JavaScript','','published','2023-10-22 21:44:16','2023-10-22 21:44:16');
/*!40000 ALTER TABLE `jb_tags` ENABLE KEYS */;
UNLOCK TABLES;

--
-- Table structure for table `jb_tags_translations`
--

DROP TABLE IF EXISTS `jb_tags_translations`;
/*!40101 SET @saved_cs_client     = @@character_set_client */;
/*!50503 SET character_set_client = utf8mb4 */;
CREATE TABLE `jb_tags_translations` (
  `lang_code` varchar(191) NOT NULL,
  `jb_tags_id` bigint unsigned NOT NULL,
  `name` varchar(191) DEFAULT NULL,
  PRIMARY KEY (`lang_code`,`jb_tags_id`)
) ENGINE=InnoDB DEFAULT CHARSET=utf8mb4 COLLATE=utf8mb4_0900_ai_ci;
/*!40101 SET character_set_client = @saved_cs_client */;

--
-- Dumping data for table `jb_tags_translations`
--

LOCK TABLES `jb_tags_translations` WRITE;
/*!40000 ALTER TABLE `jb_tags_translations` DISABLE KEYS */;
/*!40000 ALTER TABLE `jb_tags_translations` ENABLE KEYS */;
UNLOCK TABLES;

--
-- Table structure for table `jb_transactions`
--

DROP TABLE IF EXISTS `jb_transactions`;
/*!40101 SET @saved_cs_client     = @@character_set_client */;
/*!50503 SET character_set_client = utf8mb4 */;
CREATE TABLE `jb_transactions` (
  `id` bigint unsigned NOT NULL AUTO_INCREMENT,
  `credits` int unsigned NOT NULL,
  `description` varchar(255) DEFAULT NULL,
  `user_id` bigint unsigned DEFAULT NULL,
  `account_id` bigint unsigned DEFAULT NULL,
  `type` varchar(191) NOT NULL DEFAULT 'add',
  `payment_id` bigint unsigned DEFAULT NULL,
  `created_at` timestamp NULL DEFAULT NULL,
  `updated_at` timestamp NULL DEFAULT NULL,
  PRIMARY KEY (`id`)
) ENGINE=InnoDB DEFAULT CHARSET=utf8mb4 COLLATE=utf8mb4_0900_ai_ci;
/*!40101 SET character_set_client = @saved_cs_client */;

--
-- Dumping data for table `jb_transactions`
--

LOCK TABLES `jb_transactions` WRITE;
/*!40000 ALTER TABLE `jb_transactions` DISABLE KEYS */;
/*!40000 ALTER TABLE `jb_transactions` ENABLE KEYS */;
UNLOCK TABLES;

--
-- Table structure for table `jobs`
--

DROP TABLE IF EXISTS `jobs`;
/*!40101 SET @saved_cs_client     = @@character_set_client */;
/*!50503 SET character_set_client = utf8mb4 */;
CREATE TABLE `jobs` (
  `id` bigint unsigned NOT NULL AUTO_INCREMENT,
  `queue` varchar(191) NOT NULL,
  `payload` longtext NOT NULL,
  `attempts` tinyint unsigned NOT NULL,
  `reserved_at` int unsigned DEFAULT NULL,
  `available_at` int unsigned NOT NULL,
  `created_at` int unsigned NOT NULL,
  PRIMARY KEY (`id`),
  KEY `jobs_queue_index` (`queue`)
) ENGINE=InnoDB DEFAULT CHARSET=utf8mb4 COLLATE=utf8mb4_0900_ai_ci;
/*!40101 SET character_set_client = @saved_cs_client */;

--
-- Dumping data for table `jobs`
--

LOCK TABLES `jobs` WRITE;
/*!40000 ALTER TABLE `jobs` DISABLE KEYS */;
/*!40000 ALTER TABLE `jobs` ENABLE KEYS */;
UNLOCK TABLES;

--
-- Table structure for table `language_meta`
--

DROP TABLE IF EXISTS `language_meta`;
/*!40101 SET @saved_cs_client     = @@character_set_client */;
/*!50503 SET character_set_client = utf8mb4 */;
CREATE TABLE `language_meta` (
  `lang_meta_id` bigint unsigned NOT NULL AUTO_INCREMENT,
  `lang_meta_code` varchar(20) CHARACTER SET utf8mb4 COLLATE utf8mb4_0900_ai_ci DEFAULT NULL,
  `lang_meta_origin` varchar(32) CHARACTER SET utf8mb4 COLLATE utf8mb4_0900_ai_ci NOT NULL,
  `reference_id` bigint unsigned NOT NULL,
  `reference_type` varchar(120) NOT NULL,
  PRIMARY KEY (`lang_meta_id`),
  KEY `language_meta_reference_id_index` (`reference_id`),
  KEY `meta_code_index` (`lang_meta_code`),
  KEY `meta_origin_index` (`lang_meta_origin`),
  KEY `meta_reference_type_index` (`reference_type`)
) ENGINE=InnoDB AUTO_INCREMENT=7 DEFAULT CHARSET=utf8mb4 COLLATE=utf8mb4_0900_ai_ci;
/*!40101 SET character_set_client = @saved_cs_client */;

--
-- Dumping data for table `language_meta`
--

LOCK TABLES `language_meta` WRITE;
/*!40000 ALTER TABLE `language_meta` DISABLE KEYS */;
INSERT INTO `language_meta` VALUES (1,'en_US','05541789424d95b7a0f230dfd0cece30',1,'Botble\\Menu\\Models\\MenuLocation'),(2,'en_US','8424866600517ce3182196d6f5d492e3',1,'Botble\\Menu\\Models\\Menu'),(3,'en_US','03a07faedbdd01e832623d2396e9e5d5',2,'Botble\\Menu\\Models\\Menu'),(4,'en_US','dab3839e00cb309975d38ce6ddfc69be',3,'Botble\\Menu\\Models\\Menu'),(5,'en_US','55af1601e86afb4752d463a3283f98ea',4,'Botble\\Menu\\Models\\Menu'),(6,'en_US','b2a3f426928c1e4db8e548ec5e85b50c',5,'Botble\\Menu\\Models\\Menu');
/*!40000 ALTER TABLE `language_meta` ENABLE KEYS */;
UNLOCK TABLES;

--
-- Table structure for table `languages`
--

DROP TABLE IF EXISTS `languages`;
/*!40101 SET @saved_cs_client     = @@character_set_client */;
/*!50503 SET character_set_client = utf8mb4 */;
CREATE TABLE `languages` (
  `lang_id` bigint unsigned NOT NULL AUTO_INCREMENT,
  `lang_name` varchar(120) NOT NULL,
  `lang_locale` varchar(20) NOT NULL,
  `lang_code` varchar(20) NOT NULL,
  `lang_flag` varchar(20) DEFAULT NULL,
  `lang_is_default` tinyint unsigned NOT NULL DEFAULT '0',
  `lang_order` int NOT NULL DEFAULT '0',
  `lang_is_rtl` tinyint unsigned NOT NULL DEFAULT '0',
  PRIMARY KEY (`lang_id`),
  KEY `lang_locale_index` (`lang_locale`),
  KEY `lang_code_index` (`lang_code`),
  KEY `lang_is_default_index` (`lang_is_default`)
) ENGINE=InnoDB AUTO_INCREMENT=2 DEFAULT CHARSET=utf8mb4 COLLATE=utf8mb4_0900_ai_ci;
/*!40101 SET character_set_client = @saved_cs_client */;

--
-- Dumping data for table `languages`
--

LOCK TABLES `languages` WRITE;
/*!40000 ALTER TABLE `languages` DISABLE KEYS */;
INSERT INTO `languages` VALUES (1,'English','en','en_US','us',1,0,0);
/*!40000 ALTER TABLE `languages` ENABLE KEYS */;
UNLOCK TABLES;

--
-- Table structure for table `media_files`
--

DROP TABLE IF EXISTS `media_files`;
/*!40101 SET @saved_cs_client     = @@character_set_client */;
/*!50503 SET character_set_client = utf8mb4 */;
CREATE TABLE `media_files` (
  `id` bigint unsigned NOT NULL AUTO_INCREMENT,
  `user_id` bigint unsigned NOT NULL,
  `name` varchar(255) NOT NULL,
  `alt` varchar(191) DEFAULT NULL,
  `folder_id` bigint unsigned NOT NULL DEFAULT '0',
  `mime_type` varchar(120) NOT NULL,
  `size` int NOT NULL,
  `url` varchar(255) NOT NULL,
  `options` text,
  `created_at` timestamp NULL DEFAULT NULL,
  `updated_at` timestamp NULL DEFAULT NULL,
  `deleted_at` timestamp NULL DEFAULT NULL,
  PRIMARY KEY (`id`),
  KEY `media_files_user_id_index` (`user_id`),
  KEY `media_files_index` (`folder_id`,`user_id`,`created_at`)
) ENGINE=InnoDB AUTO_INCREMENT=205 DEFAULT CHARSET=utf8mb4 COLLATE=utf8mb4_0900_ai_ci;
/*!40101 SET character_set_client = @saved_cs_client */;

--
-- Dumping data for table `media_files`
--

LOCK TABLES `media_files` WRITE;
/*!40000 ALTER TABLE `media_files` DISABLE KEYS */;
INSERT INTO `media_files` VALUES (44,0,'acer','acer',4,'image/png',263,'our-partners/acer.png','[]','2023-10-22 21:44:08','2023-10-22 21:44:08',NULL),(45,0,'asus','asus',4,'image/png',293,'our-partners/asus.png','[]','2023-10-22 21:44:08','2023-10-22 21:44:08',NULL),(46,0,'dell','dell',4,'image/png',275,'our-partners/dell.png','[]','2023-10-22 21:44:08','2023-10-22 21:44:08',NULL),(47,0,'microsoft','microsoft',4,'image/png',266,'our-partners/microsoft.png','[]','2023-10-22 21:44:08','2023-10-22 21:44:08',NULL),(48,0,'nokia','nokia',4,'image/png',287,'our-partners/nokia.png','[]','2023-10-22 21:44:08','2023-10-22 21:44:08',NULL),(49,0,'1','1',5,'image/jpeg',9730,'news/1.jpg','[]','2023-10-22 21:44:08','2023-10-22 21:44:08',NULL),(50,0,'10','10',5,'image/jpeg',9730,'news/10.jpg','[]','2023-10-22 21:44:08','2023-10-22 21:44:08',NULL),(51,0,'11','11',5,'image/jpeg',9730,'news/11.jpg','[]','2023-10-22 21:44:08','2023-10-22 21:44:08',NULL),(52,0,'12','12',5,'image/jpeg',9730,'news/12.jpg','[]','2023-10-22 21:44:08','2023-10-22 21:44:08',NULL),(53,0,'13','13',5,'image/jpeg',9730,'news/13.jpg','[]','2023-10-22 21:44:09','2023-10-22 21:44:09',NULL),(54,0,'14','14',5,'image/jpeg',9730,'news/14.jpg','[]','2023-10-22 21:44:09','2023-10-22 21:44:09',NULL),(55,0,'15','15',5,'image/jpeg',9730,'news/15.jpg','[]','2023-10-22 21:44:09','2023-10-22 21:44:09',NULL),(56,0,'16','16',5,'image/jpeg',9730,'news/16.jpg','[]','2023-10-22 21:44:09','2023-10-22 21:44:09',NULL),(57,0,'2','2',5,'image/jpeg',9730,'news/2.jpg','[]','2023-10-22 21:44:09','2023-10-22 21:44:09',NULL),(58,0,'3','3',5,'image/jpeg',9730,'news/3.jpg','[]','2023-10-22 21:44:09','2023-10-22 21:44:09',NULL),(59,0,'4','4',5,'image/jpeg',9730,'news/4.jpg','[]','2023-10-22 21:44:09','2023-10-22 21:44:09',NULL),(60,0,'5','5',5,'image/jpeg',9730,'news/5.jpg','[]','2023-10-22 21:44:09','2023-10-22 21:44:09',NULL),(61,0,'6','6',5,'image/jpeg',9730,'news/6.jpg','[]','2023-10-22 21:44:09','2023-10-22 21:44:09',NULL),(62,0,'7','7',5,'image/jpeg',9730,'news/7.jpg','[]','2023-10-22 21:44:09','2023-10-22 21:44:09',NULL),(63,0,'8','8',5,'image/jpeg',9730,'news/8.jpg','[]','2023-10-22 21:44:09','2023-10-22 21:44:09',NULL),(64,0,'9','9',5,'image/jpeg',9730,'news/9.jpg','[]','2023-10-22 21:44:09','2023-10-22 21:44:09',NULL),(65,0,'cover-image1','cover-image1',5,'image/png',9730,'news/cover-image1.png','[]','2023-10-22 21:44:09','2023-10-22 21:44:09',NULL),(66,0,'cover-image2','cover-image2',5,'image/png',9730,'news/cover-image2.png','[]','2023-10-22 21:44:09','2023-10-22 21:44:09',NULL),(67,0,'cover-image3','cover-image3',5,'image/png',9730,'news/cover-image3.png','[]','2023-10-22 21:44:09','2023-10-22 21:44:09',NULL),(68,0,'img-news1','img-news1',5,'image/png',9730,'news/img-news1.png','[]','2023-10-22 21:44:09','2023-10-22 21:44:09',NULL),(69,0,'img-news2','img-news2',5,'image/png',9730,'news/img-news2.png','[]','2023-10-22 21:44:09','2023-10-22 21:44:09',NULL),(70,0,'img-news3','img-news3',5,'image/png',9730,'news/img-news3.png','[]','2023-10-22 21:44:09','2023-10-22 21:44:09',NULL),(71,0,'1','1',6,'image/jpeg',6956,'galleries/1.jpg','[]','2023-10-22 21:44:09','2023-10-22 21:44:09',NULL),(72,0,'10','10',6,'image/jpeg',9730,'galleries/10.jpg','[]','2023-10-22 21:44:09','2023-10-22 21:44:09',NULL),(73,0,'2','2',6,'image/jpeg',6956,'galleries/2.jpg','[]','2023-10-22 21:44:09','2023-10-22 21:44:09',NULL),(74,0,'3','3',6,'image/jpeg',6956,'galleries/3.jpg','[]','2023-10-22 21:44:09','2023-10-22 21:44:09',NULL),(75,0,'4','4',6,'image/jpeg',6956,'galleries/4.jpg','[]','2023-10-22 21:44:10','2023-10-22 21:44:10',NULL),(76,0,'5','5',6,'image/jpeg',6956,'galleries/5.jpg','[]','2023-10-22 21:44:10','2023-10-22 21:44:10',NULL),(77,0,'6','6',6,'image/jpeg',6956,'galleries/6.jpg','[]','2023-10-22 21:44:10','2023-10-22 21:44:10',NULL),(78,0,'7','7',6,'image/jpeg',6956,'galleries/7.jpg','[]','2023-10-22 21:44:10','2023-10-22 21:44:10',NULL),(79,0,'8','8',6,'image/jpeg',9730,'galleries/8.jpg','[]','2023-10-22 21:44:10','2023-10-22 21:44:10',NULL),(80,0,'9','9',6,'image/jpeg',9730,'galleries/9.jpg','[]','2023-10-22 21:44:10','2023-10-22 21:44:10',NULL),(81,0,'widget-banner','widget-banner',7,'image/png',11046,'widgets/widget-banner.png','[]','2023-10-22 21:44:10','2023-10-22 21:44:10',NULL),(82,0,'404','404',8,'image/png',10914,'general/404.png','[]','2023-10-22 21:44:10','2023-10-22 21:44:10',NULL),(83,0,'android','android',8,'image/png',456,'general/android.png','[]','2023-10-22 21:44:10','2023-10-22 21:44:10',NULL),(84,0,'app-store','app-store',8,'image/png',456,'general/app-store.png','[]','2023-10-22 21:44:10','2023-10-22 21:44:10',NULL),(85,0,'content','content',8,'image/png',679,'general/content.png','[]','2023-10-22 21:44:10','2023-10-22 21:44:10',NULL),(86,0,'cover-image','cover-image',8,'image/png',8959,'general/cover-image.png','[]','2023-10-22 21:44:10','2023-10-22 21:44:10',NULL),(87,0,'customer','customer',8,'image/png',1104,'general/customer.png','[]','2023-10-22 21:44:10','2023-10-22 21:44:10',NULL),(88,0,'favicon','favicon',8,'image/png',381,'general/favicon.png','[]','2023-10-22 21:44:10','2023-10-22 21:44:10',NULL),(89,0,'finance','finance',8,'image/png',1032,'general/finance.png','[]','2023-10-22 21:44:10','2023-10-22 21:44:10',NULL),(90,0,'human','human',8,'image/png',983,'general/human.png','[]','2023-10-22 21:44:10','2023-10-22 21:44:10',NULL),(91,0,'img-about2','img-about2',8,'image/png',37303,'general/img-about2.png','[]','2023-10-22 21:44:10','2023-10-22 21:44:10',NULL),(92,0,'lightning','lightning',8,'image/png',1108,'general/lightning.png','[]','2023-10-22 21:44:10','2023-10-22 21:44:10',NULL),(93,0,'logo-company','logo-company',8,'image/png',1196,'general/logo-company.png','[]','2023-10-22 21:44:10','2023-10-22 21:44:10',NULL),(94,0,'logo-light','logo-light',8,'image/png',1051,'general/logo-light.png','[]','2023-10-22 21:44:10','2023-10-22 21:44:10',NULL),(95,0,'logo','logo',8,'image/png',931,'general/logo.png','[]','2023-10-22 21:44:10','2023-10-22 21:44:10',NULL),(96,0,'management','management',8,'image/png',789,'general/management.png','[]','2023-10-22 21:44:10','2023-10-22 21:44:10',NULL),(97,0,'marketing','marketing',8,'image/png',822,'general/marketing.png','[]','2023-10-22 21:44:10','2023-10-22 21:44:10',NULL),(98,0,'newsletter-background-image','newsletter-background-image',8,'image/png',9797,'general/newsletter-background-image.png','[]','2023-10-22 21:44:10','2023-10-22 21:44:10',NULL),(99,0,'newsletter-image-left','newsletter-image-left',8,'image/png',4156,'general/newsletter-image-left.png','[]','2023-10-22 21:44:10','2023-10-22 21:44:10',NULL),(100,0,'newsletter-image-right','newsletter-image-right',8,'image/png',2865,'general/newsletter-image-right.png','[]','2023-10-22 21:44:10','2023-10-22 21:44:10',NULL),(101,0,'research','research',8,'image/png',1184,'general/research.png','[]','2023-10-22 21:44:10','2023-10-22 21:44:10',NULL),(102,0,'retail','retail',8,'image/png',2965,'general/retail.png','[]','2023-10-22 21:44:10','2023-10-22 21:44:10',NULL),(103,0,'security','security',8,'image/png',3078,'general/security.png','[]','2023-10-22 21:44:10','2023-10-22 21:44:10',NULL),(104,0,'img-1','img-1',9,'image/png',2356,'authentication/img-1.png','[]','2023-10-22 21:44:10','2023-10-22 21:44:10',NULL),(105,0,'img-2','img-2',9,'image/png',4988,'authentication/img-2.png','[]','2023-10-22 21:44:10','2023-10-22 21:44:10',NULL),(106,0,'background-cover-candidate','background-cover-candidate',10,'image/png',191796,'pages/background-cover-candidate.png','[]','2023-10-22 21:44:10','2023-10-22 21:44:10',NULL),(107,0,'background_breadcrumb','background_breadcrumb',10,'image/png',6090,'pages/background-breadcrumb.png','[]','2023-10-22 21:44:10','2023-10-22 21:44:10',NULL),(108,0,'banner-section-search-box','banner-section-search-box',10,'image/png',20416,'pages/banner-section-search-box.png','[]','2023-10-22 21:44:10','2023-10-22 21:44:10',NULL),(109,0,'banner1','banner1',10,'image/png',7360,'pages/banner1.png','[]','2023-10-22 21:44:11','2023-10-22 21:44:11',NULL),(110,0,'banner2','banner2',10,'image/png',4899,'pages/banner2.png','[]','2023-10-22 21:44:11','2023-10-22 21:44:11',NULL),(111,0,'banner3','banner3',10,'image/png',2451,'pages/banner3.png','[]','2023-10-22 21:44:11','2023-10-22 21:44:11',NULL),(112,0,'banner4','banner4',10,'image/png',1931,'pages/banner4.png','[]','2023-10-22 21:44:11','2023-10-22 21:44:11',NULL),(113,0,'banner5','banner5',10,'image/png',1524,'pages/banner5.png','[]','2023-10-22 21:44:11','2023-10-22 21:44:11',NULL),(114,0,'banner6','banner6',10,'image/png',1588,'pages/banner6.png','[]','2023-10-22 21:44:11','2023-10-22 21:44:11',NULL),(115,0,'bg-breadcrumb','bg-breadcrumb',10,'image/png',5608,'pages/bg-breadcrumb.png','[]','2023-10-22 21:44:11','2023-10-22 21:44:11',NULL),(116,0,'bg-cat','bg-cat',10,'image/png',8150,'pages/bg-cat.png','[]','2023-10-22 21:44:11','2023-10-22 21:44:11',NULL),(117,0,'bg-left-hiring','bg-left-hiring',10,'image/png',1610,'pages/bg-left-hiring.png','[]','2023-10-22 21:44:11','2023-10-22 21:44:11',NULL),(118,0,'bg-newsletter','bg-newsletter',10,'image/png',1626,'pages/bg-newsletter.png','[]','2023-10-22 21:44:11','2023-10-22 21:44:11',NULL),(119,0,'bg-right-hiring','bg-right-hiring',10,'image/png',3053,'pages/bg-right-hiring.png','[]','2023-10-22 21:44:11','2023-10-22 21:44:11',NULL),(120,0,'controlcard','controlcard',10,'image/png',7383,'pages/controlcard.png','[]','2023-10-22 21:44:11','2023-10-22 21:44:11',NULL),(121,0,'home-page-4-banner','home-page-4-banner',10,'image/png',7575,'pages/home-page-4-banner.png','[]','2023-10-22 21:44:11','2023-10-22 21:44:11',NULL),(122,0,'icon-bottom-banner','icon-bottom-banner',10,'image/png',208,'pages/icon-bottom-banner.png','[]','2023-10-22 21:44:11','2023-10-22 21:44:11',NULL),(123,0,'icon-top-banner','icon-top-banner',10,'image/png',219,'pages/icon-top-banner.png','[]','2023-10-22 21:44:11','2023-10-22 21:44:11',NULL),(124,0,'img-banner','img-banner',10,'image/png',10509,'pages/img-banner.png','[]','2023-10-22 21:44:11','2023-10-22 21:44:11',NULL),(125,0,'img-chart','img-chart',10,'image/png',7528,'pages/img-chart.png','[]','2023-10-22 21:44:11','2023-10-22 21:44:11',NULL),(126,0,'img-job-search','img-job-search',10,'image/png',36514,'pages/img-job-search.png','[]','2023-10-22 21:44:11','2023-10-22 21:44:11',NULL),(127,0,'img-profile','img-profile',10,'image/png',9144,'pages/img-profile.png','[]','2023-10-22 21:44:11','2023-10-22 21:44:11',NULL),(128,0,'img-single','img-single',10,'image/png',13091,'pages/img-single.png','[]','2023-10-22 21:44:11','2023-10-22 21:44:11',NULL),(129,0,'img1','img1',10,'image/png',10186,'pages/img1.png','[]','2023-10-22 21:44:12','2023-10-22 21:44:12',NULL),(130,0,'job-tools','job-tools',10,'image/png',2195,'pages/job-tools.png','[]','2023-10-22 21:44:12','2023-10-22 21:44:12',NULL),(131,0,'left-job-head','left-job-head',10,'image/png',14923,'pages/left-job-head.png','[]','2023-10-22 21:44:12','2023-10-22 21:44:12',NULL),(132,0,'newsletter-left','newsletter-left',10,'image/png',4156,'pages/newsletter-left.png','[]','2023-10-22 21:44:12','2023-10-22 21:44:12',NULL),(133,0,'newsletter-right','newsletter-right',10,'image/png',2865,'pages/newsletter-right.png','[]','2023-10-22 21:44:12','2023-10-22 21:44:12',NULL),(134,0,'planning-job','planning-job',10,'image/png',1602,'pages/planning-job.png','[]','2023-10-22 21:44:12','2023-10-22 21:44:12',NULL),(135,0,'right-job-head','right-job-head',10,'image/png',10922,'pages/right-job-head.png','[]','2023-10-22 21:44:12','2023-10-22 21:44:12',NULL),(136,0,'facebook','facebook',11,'image/png',653,'socials/facebook.png','[]','2023-10-22 21:44:12','2023-10-22 21:44:12',NULL),(137,0,'linkedin','linkedin',11,'image/png',677,'socials/linkedin.png','[]','2023-10-22 21:44:12','2023-10-22 21:44:12',NULL),(138,0,'twitter','twitter',11,'image/png',818,'socials/twitter.png','[]','2023-10-22 21:44:12','2023-10-22 21:44:12',NULL),(139,0,'location1','location1',12,'image/png',5128,'locations/location1.png','[]','2023-10-22 21:44:12','2023-10-22 21:44:12',NULL),(140,0,'location2','location2',12,'image/png',5900,'locations/location2.png','[]','2023-10-22 21:44:12','2023-10-22 21:44:12',NULL),(141,0,'location3','location3',12,'image/png',5255,'locations/location3.png','[]','2023-10-22 21:44:12','2023-10-22 21:44:12',NULL),(142,0,'location4','location4',12,'image/png',5238,'locations/location4.png','[]','2023-10-22 21:44:12','2023-10-22 21:44:12',NULL),(143,0,'location5','location5',12,'image/png',5119,'locations/location5.png','[]','2023-10-22 21:44:12','2023-10-22 21:44:12',NULL),(144,0,'location6','location6',12,'image/png',4870,'locations/location6.png','[]','2023-10-22 21:44:12','2023-10-22 21:44:12',NULL),(145,0,'1','1',13,'image/png',386,'job-categories/1.png','[]','2023-10-22 21:44:13','2023-10-22 21:44:13',NULL),(146,0,'10','10',13,'image/png',386,'job-categories/10.png','[]','2023-10-22 21:44:13','2023-10-22 21:44:13',NULL),(147,0,'11','11',13,'image/png',386,'job-categories/11.png','[]','2023-10-22 21:44:13','2023-10-22 21:44:13',NULL),(148,0,'12','12',13,'image/png',386,'job-categories/12.png','[]','2023-10-22 21:44:13','2023-10-22 21:44:13',NULL),(149,0,'13','13',13,'image/png',386,'job-categories/13.png','[]','2023-10-22 21:44:14','2023-10-22 21:44:14',NULL),(150,0,'14','14',13,'image/png',386,'job-categories/14.png','[]','2023-10-22 21:44:14','2023-10-22 21:44:14',NULL),(151,0,'15','15',13,'image/png',386,'job-categories/15.png','[]','2023-10-22 21:44:14','2023-10-22 21:44:14',NULL),(152,0,'16','16',13,'image/png',386,'job-categories/16.png','[]','2023-10-22 21:44:14','2023-10-22 21:44:14',NULL),(153,0,'17','17',13,'image/png',386,'job-categories/17.png','[]','2023-10-22 21:44:14','2023-10-22 21:44:14',NULL),(154,0,'18','18',13,'image/png',386,'job-categories/18.png','[]','2023-10-22 21:44:14','2023-10-22 21:44:14',NULL),(155,0,'19','19',13,'image/png',386,'job-categories/19.png','[]','2023-10-22 21:44:14','2023-10-22 21:44:14',NULL),(156,0,'2','2',13,'image/png',386,'job-categories/2.png','[]','2023-10-22 21:44:14','2023-10-22 21:44:14',NULL),(157,0,'3','3',13,'image/png',386,'job-categories/3.png','[]','2023-10-22 21:44:14','2023-10-22 21:44:14',NULL),(158,0,'4','4',13,'image/png',386,'job-categories/4.png','[]','2023-10-22 21:44:14','2023-10-22 21:44:14',NULL),(159,0,'5','5',13,'image/png',386,'job-categories/5.png','[]','2023-10-22 21:44:14','2023-10-22 21:44:14',NULL),(160,0,'6','6',13,'image/png',386,'job-categories/6.png','[]','2023-10-22 21:44:14','2023-10-22 21:44:14',NULL),(161,0,'7','7',13,'image/png',386,'job-categories/7.png','[]','2023-10-22 21:44:14','2023-10-22 21:44:14',NULL),(162,0,'8','8',13,'image/png',386,'job-categories/8.png','[]','2023-10-22 21:44:14','2023-10-22 21:44:14',NULL),(163,0,'9','9',13,'image/png',386,'job-categories/9.png','[]','2023-10-22 21:44:14','2023-10-22 21:44:14',NULL),(164,0,'img-cover-1','img-cover-1',13,'image/png',35104,'job-categories/img-cover-1.png','[]','2023-10-22 21:44:14','2023-10-22 21:44:14',NULL),(165,0,'img-cover-2','img-cover-2',13,'image/png',35104,'job-categories/img-cover-2.png','[]','2023-10-22 21:44:14','2023-10-22 21:44:14',NULL),(166,0,'img-cover-3','img-cover-3',13,'image/png',35104,'job-categories/img-cover-3.png','[]','2023-10-22 21:44:15','2023-10-22 21:44:15',NULL),(167,0,'1','1',14,'image/png',577,'companies/1.png','[]','2023-10-22 21:44:16','2023-10-22 21:44:16',NULL),(168,0,'2','2',14,'image/png',577,'companies/2.png','[]','2023-10-22 21:44:16','2023-10-22 21:44:16',NULL),(169,0,'3','3',14,'image/png',577,'companies/3.png','[]','2023-10-22 21:44:16','2023-10-22 21:44:16',NULL),(170,0,'4','4',14,'image/png',577,'companies/4.png','[]','2023-10-22 21:44:16','2023-10-22 21:44:16',NULL),(171,0,'5','5',14,'image/png',577,'companies/5.png','[]','2023-10-22 21:44:16','2023-10-22 21:44:16',NULL),(172,0,'6','6',14,'image/png',577,'companies/6.png','[]','2023-10-22 21:44:16','2023-10-22 21:44:16',NULL),(173,0,'7','7',14,'image/png',577,'companies/7.png','[]','2023-10-22 21:44:16','2023-10-22 21:44:16',NULL),(174,0,'8','8',14,'image/png',577,'companies/8.png','[]','2023-10-22 21:44:16','2023-10-22 21:44:16',NULL),(175,0,'9','9',14,'image/png',577,'companies/9.png','[]','2023-10-22 21:44:16','2023-10-22 21:44:16',NULL),(176,0,'company-cover-image','company-cover-image',14,'image/png',8959,'companies/company-cover-image.png','[]','2023-10-22 21:44:16','2023-10-22 21:44:16',NULL),(177,0,'img1','img1',15,'image/png',5685,'jobs/img1.png','[]','2023-10-22 21:44:16','2023-10-22 21:44:16',NULL),(178,0,'img2','img2',15,'image/png',5685,'jobs/img2.png','[]','2023-10-22 21:44:16','2023-10-22 21:44:16',NULL),(179,0,'img3','img3',15,'image/png',5685,'jobs/img3.png','[]','2023-10-22 21:44:16','2023-10-22 21:44:16',NULL),(180,0,'img4','img4',15,'image/png',5685,'jobs/img4.png','[]','2023-10-22 21:44:16','2023-10-22 21:44:16',NULL),(181,0,'img5','img5',15,'image/png',5685,'jobs/img5.png','[]','2023-10-22 21:44:16','2023-10-22 21:44:16',NULL),(182,0,'img6','img6',15,'image/png',5685,'jobs/img6.png','[]','2023-10-22 21:44:16','2023-10-22 21:44:16',NULL),(183,0,'img7','img7',15,'image/png',5685,'jobs/img7.png','[]','2023-10-22 21:44:16','2023-10-22 21:44:16',NULL),(184,0,'img8','img8',15,'image/png',5685,'jobs/img8.png','[]','2023-10-22 21:44:16','2023-10-22 21:44:16',NULL),(185,0,'img9','img9',15,'image/png',5685,'jobs/img9.png','[]','2023-10-22 21:44:16','2023-10-22 21:44:16',NULL),(186,0,'01','01',16,'application/pdf',43496,'resume/01.pdf','[]','2023-10-22 21:44:17','2023-10-22 21:44:17',NULL),(187,0,'1','1',17,'image/png',1803,'avatars/1.png','[]','2023-10-22 21:44:17','2023-10-22 21:44:17',NULL),(188,0,'2','2',17,'image/png',1741,'avatars/2.png','[]','2023-10-22 21:44:17','2023-10-22 21:44:17',NULL),(189,0,'3','3',17,'image/png',1499,'avatars/3.png','[]','2023-10-22 21:44:17','2023-10-22 21:44:17',NULL),(190,0,'1','1',18,'image/png',162906,'covers/1.png','[]','2023-10-22 21:44:17','2023-10-22 21:44:17',NULL),(191,0,'2','2',18,'image/png',522588,'covers/2.png','[]','2023-10-22 21:44:17','2023-10-22 21:44:17',NULL),(192,0,'3','3',18,'image/png',124584,'covers/3.png','[]','2023-10-22 21:44:17','2023-10-22 21:44:17',NULL),(193,0,'1','1',19,'image/png',4272,'teams/1.png','[]','2023-10-22 21:44:46','2023-10-22 21:44:46',NULL),(194,0,'2','2',19,'image/png',4272,'teams/2.png','[]','2023-10-22 21:44:46','2023-10-22 21:44:46',NULL),(195,0,'3','3',19,'image/png',4272,'teams/3.png','[]','2023-10-22 21:44:46','2023-10-22 21:44:46',NULL),(196,0,'4','4',19,'image/png',4272,'teams/4.png','[]','2023-10-22 21:44:46','2023-10-22 21:44:46',NULL),(197,0,'5','5',19,'image/png',4272,'teams/5.png','[]','2023-10-22 21:44:46','2023-10-22 21:44:46',NULL),(198,0,'6','6',19,'image/png',4272,'teams/6.png','[]','2023-10-22 21:44:46','2023-10-22 21:44:46',NULL),(199,0,'7','7',19,'image/png',4272,'teams/7.png','[]','2023-10-22 21:44:46','2023-10-22 21:44:46',NULL),(200,0,'8','8',19,'image/png',4272,'teams/8.png','[]','2023-10-22 21:44:46','2023-10-22 21:44:46',NULL),(201,0,'1','1',20,'image/png',3922,'testimonials/1.png','[]','2023-10-22 21:44:47','2023-10-22 21:44:47',NULL),(202,0,'2','2',20,'image/png',3922,'testimonials/2.png','[]','2023-10-22 21:44:47','2023-10-22 21:44:47',NULL),(203,0,'3','3',20,'image/png',3922,'testimonials/3.png','[]','2023-10-22 21:44:47','2023-10-22 21:44:47',NULL),(204,0,'4','4',20,'image/png',3922,'testimonials/4.png','[]','2023-10-22 21:44:47','2023-10-22 21:44:47',NULL);
/*!40000 ALTER TABLE `media_files` ENABLE KEYS */;
UNLOCK TABLES;

--
-- Table structure for table `media_folders`
--

DROP TABLE IF EXISTS `media_folders`;
/*!40101 SET @saved_cs_client     = @@character_set_client */;
/*!50503 SET character_set_client = utf8mb4 */;
CREATE TABLE `media_folders` (
  `id` bigint unsigned NOT NULL AUTO_INCREMENT,
  `user_id` bigint unsigned NOT NULL,
  `name` varchar(191) DEFAULT NULL,
  `slug` varchar(191) DEFAULT NULL,
  `parent_id` bigint unsigned NOT NULL DEFAULT '0',
  `created_at` timestamp NULL DEFAULT NULL,
  `updated_at` timestamp NULL DEFAULT NULL,
  `deleted_at` timestamp NULL DEFAULT NULL,
  PRIMARY KEY (`id`),
  KEY `media_folders_user_id_index` (`user_id`),
  KEY `media_folders_index` (`parent_id`,`user_id`,`created_at`)
) ENGINE=InnoDB AUTO_INCREMENT=21 DEFAULT CHARSET=utf8mb4 COLLATE=utf8mb4_0900_ai_ci;
/*!40101 SET character_set_client = @saved_cs_client */;

--
-- Dumping data for table `media_folders`
--

LOCK TABLES `media_folders` WRITE;
/*!40000 ALTER TABLE `media_folders` DISABLE KEYS */;
INSERT INTO `media_folders` VALUES (4,0,'our-partners','our-partners',0,'2023-10-22 21:44:08','2023-10-22 21:44:08',NULL),(5,0,'news','news',0,'2023-10-22 21:44:08','2023-10-22 21:44:08',NULL),(6,0,'galleries','galleries',0,'2023-10-22 21:44:09','2023-10-22 21:44:09',NULL),(7,0,'widgets','widgets',0,'2023-10-22 21:44:10','2023-10-22 21:44:10',NULL),(8,0,'general','general',0,'2023-10-22 21:44:10','2023-10-22 21:44:10',NULL),(9,0,'authentication','authentication',0,'2023-10-22 21:44:10','2023-10-22 21:44:10',NULL),(10,0,'pages','pages',0,'2023-10-22 21:44:10','2023-10-22 21:44:10',NULL),(11,0,'socials','socials',0,'2023-10-22 21:44:12','2023-10-22 21:44:12',NULL),(12,0,'locations','locations',0,'2023-10-22 21:44:12','2023-10-22 21:44:12',NULL),(13,0,'job-categories','job-categories',0,'2023-10-22 21:44:13','2023-10-22 21:44:13',NULL),(14,0,'companies','companies',0,'2023-10-22 21:44:16','2023-10-22 21:44:16',NULL),(15,0,'jobs','jobs',0,'2023-10-22 21:44:16','2023-10-22 21:44:16',NULL),(16,0,'resume','resume',0,'2023-10-22 21:44:17','2023-10-22 21:44:17',NULL),(17,0,'avatars','avatars',0,'2023-10-22 21:44:17','2023-10-22 21:44:17',NULL),(18,0,'covers','covers',0,'2023-10-22 21:44:17','2023-10-22 21:44:17',NULL),(19,0,'teams','teams',0,'2023-10-22 21:44:46','2023-10-22 21:44:46',NULL),(20,0,'testimonials','testimonials',0,'2023-10-22 21:44:47','2023-10-22 21:44:47',NULL);
/*!40000 ALTER TABLE `media_folders` ENABLE KEYS */;
UNLOCK TABLES;

--
-- Table structure for table `media_settings`
--

DROP TABLE IF EXISTS `media_settings`;
/*!40101 SET @saved_cs_client     = @@character_set_client */;
/*!50503 SET character_set_client = utf8mb4 */;
CREATE TABLE `media_settings` (
  `id` bigint unsigned NOT NULL AUTO_INCREMENT,
  `key` varchar(120) NOT NULL,
  `value` text,
  `media_id` bigint unsigned DEFAULT NULL,
  `user_id` bigint unsigned DEFAULT NULL,
  `created_at` timestamp NULL DEFAULT NULL,
  `updated_at` timestamp NULL DEFAULT NULL,
  PRIMARY KEY (`id`)
) ENGINE=InnoDB DEFAULT CHARSET=utf8mb4 COLLATE=utf8mb4_0900_ai_ci;
/*!40101 SET character_set_client = @saved_cs_client */;

--
-- Dumping data for table `media_settings`
--

LOCK TABLES `media_settings` WRITE;
/*!40000 ALTER TABLE `media_settings` DISABLE KEYS */;
/*!40000 ALTER TABLE `media_settings` ENABLE KEYS */;
UNLOCK TABLES;

--
-- Table structure for table `menu_locations`
--

DROP TABLE IF EXISTS `menu_locations`;
/*!40101 SET @saved_cs_client     = @@character_set_client */;
/*!50503 SET character_set_client = utf8mb4 */;
CREATE TABLE `menu_locations` (
  `id` bigint unsigned NOT NULL AUTO_INCREMENT,
  `menu_id` bigint unsigned NOT NULL,
  `location` varchar(120) NOT NULL,
  `created_at` timestamp NULL DEFAULT NULL,
  `updated_at` timestamp NULL DEFAULT NULL,
  PRIMARY KEY (`id`),
  KEY `menu_locations_menu_id_created_at_index` (`menu_id`,`created_at`)
) ENGINE=InnoDB AUTO_INCREMENT=2 DEFAULT CHARSET=utf8mb4 COLLATE=utf8mb4_0900_ai_ci;
/*!40101 SET character_set_client = @saved_cs_client */;

--
-- Dumping data for table `menu_locations`
--

LOCK TABLES `menu_locations` WRITE;
/*!40000 ALTER TABLE `menu_locations` DISABLE KEYS */;
INSERT INTO `menu_locations` VALUES (1,1,'main-menu','2023-10-22 21:44:47','2023-10-22 21:44:47');
/*!40000 ALTER TABLE `menu_locations` ENABLE KEYS */;
UNLOCK TABLES;

--
-- Table structure for table `menu_nodes`
--

DROP TABLE IF EXISTS `menu_nodes`;
/*!40101 SET @saved_cs_client     = @@character_set_client */;
/*!50503 SET character_set_client = utf8mb4 */;
CREATE TABLE `menu_nodes` (
  `id` bigint unsigned NOT NULL AUTO_INCREMENT,
  `menu_id` bigint unsigned NOT NULL,
  `parent_id` bigint unsigned NOT NULL DEFAULT '0',
  `reference_id` bigint unsigned DEFAULT NULL,
  `reference_type` varchar(255) DEFAULT NULL,
  `url` varchar(120) DEFAULT NULL,
  `icon_font` varchar(50) DEFAULT NULL,
  `position` tinyint unsigned NOT NULL DEFAULT '0',
  `title` varchar(120) DEFAULT NULL,
  `css_class` varchar(120) DEFAULT NULL,
  `target` varchar(20) NOT NULL DEFAULT '_self',
  `has_child` tinyint unsigned NOT NULL DEFAULT '0',
  `created_at` timestamp NULL DEFAULT NULL,
  `updated_at` timestamp NULL DEFAULT NULL,
  PRIMARY KEY (`id`),
  KEY `menu_nodes_menu_id_index` (`menu_id`),
  KEY `menu_nodes_parent_id_index` (`parent_id`),
  KEY `reference_id` (`reference_id`),
  KEY `reference_type` (`reference_type`)
) ENGINE=InnoDB AUTO_INCREMENT=45 DEFAULT CHARSET=utf8mb4 COLLATE=utf8mb4_0900_ai_ci;
/*!40101 SET character_set_client = @saved_cs_client */;

--
-- Dumping data for table `menu_nodes`
--

LOCK TABLES `menu_nodes` WRITE;
/*!40000 ALTER TABLE `menu_nodes` DISABLE KEYS */;
INSERT INTO `menu_nodes` VALUES (1,1,0,NULL,NULL,'/',NULL,0,'Home',NULL,'_self',1,'2023-10-22 21:44:47','2023-10-22 21:44:47'),(2,1,1,1,'Botble\\Page\\Models\\Page','/homepage-1','fi fi-rr-home',1,'Home 1',NULL,'_self',0,'2023-10-22 21:44:47','2023-10-22 21:44:47'),(3,1,1,2,'Botble\\Page\\Models\\Page','/homepage-2','fi fi-rr-home',2,'Home 2',NULL,'_self',0,'2023-10-22 21:44:47','2023-10-22 21:44:48'),(4,1,1,3,'Botble\\Page\\Models\\Page','/homepage-3','fi fi-rr-home',3,'Home 3',NULL,'_self',0,'2023-10-22 21:44:47','2023-10-22 21:44:48'),(5,1,1,4,'Botble\\Page\\Models\\Page','/homepage-4','fi fi-rr-home',4,'Home 4',NULL,'_self',0,'2023-10-22 21:44:47','2023-10-22 21:44:48'),(6,1,1,5,'Botble\\Page\\Models\\Page','/homepage-5','fi fi-rr-home',5,'Home 5',NULL,'_self',0,'2023-10-22 21:44:47','2023-10-22 21:44:48'),(7,1,1,6,'Botble\\Page\\Models\\Page','/homepage-6','fi fi-rr-home',6,'Home 6',NULL,'_self',0,'2023-10-22 21:44:47','2023-10-22 21:44:48'),(8,1,0,7,'Botble\\Page\\Models\\Page','/jobs',NULL,0,'Find a Job',NULL,'_self',1,'2023-10-22 21:44:47','2023-10-22 21:44:48'),(9,1,8,NULL,NULL,'/jobs?layout=grid','fi fi-rr-briefcase',0,'Jobs Grid',NULL,'_self',0,'2023-10-22 21:44:47','2023-10-22 21:44:47'),(10,1,8,NULL,NULL,'/jobs','fi fi-rr-briefcase',0,'Jobs List',NULL,'_self',0,'2023-10-22 21:44:47','2023-10-22 21:44:47'),(11,1,8,NULL,NULL,'/jobs/ui-ux-designer-full-time','fi fi-rr-briefcase',0,'Job Details',NULL,'_self',0,'2023-10-22 21:44:47','2023-10-22 21:44:47'),(12,1,8,NULL,NULL,'/jobs/full-stack-engineer','fi fi-rr-briefcase',0,'Job External',NULL,'_self',0,'2023-10-22 21:44:47','2023-10-22 21:44:47'),(13,1,8,NULL,NULL,'/jobs/java-software-engineer','fi fi-rr-briefcase',0,'Job Hide Company',NULL,'_self',0,'2023-10-22 21:44:47','2023-10-22 21:44:47'),(14,1,0,8,'Botble\\Page\\Models\\Page','/companies',NULL,0,'Companies',NULL,'_self',1,'2023-10-22 21:44:47','2023-10-22 21:44:48'),(15,1,14,8,'Botble\\Page\\Models\\Page','/companies','fi fi-rr-briefcase',0,'Companies',NULL,'_self',0,'2023-10-22 21:44:47','2023-10-22 21:44:48'),(16,1,14,NULL,NULL,'/companies/linkedin','fi fi-rr-info',0,'Company Details',NULL,'_self',0,'2023-10-22 21:44:47','2023-10-22 21:44:47'),(17,1,0,9,'Botble\\Page\\Models\\Page','/candidates',NULL,0,'Candidates',NULL,'_self',1,'2023-10-22 21:44:47','2023-10-22 21:44:48'),(18,1,17,9,'Botble\\Page\\Models\\Page','/candidates','fi fi-rr-user',0,'Candidates Grid',NULL,'_self',0,'2023-10-22 21:44:47','2023-10-22 21:44:48'),(19,1,17,NULL,NULL,'/candidates/wellington-emard','fi fi-rr-info',0,'Candidate Details',NULL,'_self',0,'2023-10-22 21:44:47','2023-10-22 21:44:47'),(20,1,0,NULL,NULL,'#',NULL,0,'Pages',NULL,'_self',1,'2023-10-22 21:44:47','2023-10-22 21:44:47'),(21,1,20,10,'Botble\\Page\\Models\\Page','/about-us','fi fi-rr-star',0,'About Us',NULL,'_self',0,'2023-10-22 21:44:47','2023-10-22 21:44:48'),(22,1,20,11,'Botble\\Page\\Models\\Page','/pricing-plan','fi fi-rr-database',0,'Pricing Plan',NULL,'_self',0,'2023-10-22 21:44:47','2023-10-22 21:44:48'),(23,1,20,12,'Botble\\Page\\Models\\Page','/contact','fi fi-rr-paper-plane',0,'Contact Us',NULL,'_self',0,'2023-10-22 21:44:47','2023-10-22 21:44:48'),(24,1,20,NULL,NULL,'/register','fi fi-rr-user-add',0,'Register',NULL,'_self',0,'2023-10-22 21:44:47','2023-10-22 21:44:47'),(25,1,20,NULL,NULL,'/login','fi fi-rr-fingerprint',0,'Sign in',NULL,'_self',0,'2023-10-22 21:44:47','2023-10-22 21:44:47'),(26,1,20,NULL,NULL,'/password/request','fi fi-rr-settings',0,'Reset Password',NULL,'_self',0,'2023-10-22 21:44:47','2023-10-22 21:44:47'),(27,1,0,13,'Botble\\Page\\Models\\Page','/blog',NULL,0,'Blog',NULL,'_self',1,'2023-10-22 21:44:47','2023-10-22 21:44:48'),(28,1,27,13,'Botble\\Page\\Models\\Page','/blog','fi fi-rr-edit',0,'Blog Grid',NULL,'_self',0,'2023-10-22 21:44:47','2023-10-22 21:44:48'),(29,1,27,NULL,NULL,'/blog/interview-question-why-dont-you-have-a-degree','fi fi-rr-document-signed',0,'Blog Single',NULL,'_self',0,'2023-10-22 21:44:47','2023-10-22 21:44:47'),(30,2,0,10,'Botble\\Page\\Models\\Page','/about-us',NULL,0,'About Us',NULL,'_self',0,'2023-10-22 21:44:47','2023-10-22 21:44:48'),(31,2,0,NULL,NULL,'#',NULL,0,'Our Team',NULL,'_self',0,'2023-10-22 21:44:47','2023-10-22 21:44:47'),(32,2,0,NULL,NULL,'#',NULL,0,'Products',NULL,'_self',0,'2023-10-22 21:44:47','2023-10-22 21:44:47'),(33,2,0,12,'Botble\\Page\\Models\\Page','/contact',NULL,0,'Contact',NULL,'_self',0,'2023-10-22 21:44:47','2023-10-22 21:44:48'),(34,3,0,10,'Botble\\Page\\Models\\Page','/about-us',NULL,0,'Feature',NULL,'_self',0,'2023-10-22 21:44:47','2023-10-22 21:44:48'),(35,3,0,11,'Botble\\Page\\Models\\Page','/pricing-plan',NULL,0,'Pricing',NULL,'_self',0,'2023-10-22 21:44:47','2023-10-22 21:44:48'),(36,3,0,NULL,NULL,'#',NULL,0,'Credit',NULL,'_self',0,'2023-10-22 21:44:47','2023-10-22 21:44:47'),(37,3,0,15,'Botble\\Page\\Models\\Page','/faqs',NULL,0,'FAQ',NULL,'_self',0,'2023-10-22 21:44:47','2023-10-22 21:44:48'),(38,4,0,NULL,NULL,'#',NULL,0,'iOS',NULL,'_self',0,'2023-10-22 21:44:47','2023-10-22 21:44:47'),(39,4,0,NULL,NULL,'#',NULL,0,'Android',NULL,'_self',0,'2023-10-22 21:44:47','2023-10-22 21:44:47'),(40,4,0,NULL,NULL,'#',NULL,0,'Microsoft',NULL,'_self',0,'2023-10-22 21:44:47','2023-10-22 21:44:47'),(41,4,0,NULL,NULL,'#',NULL,0,'Desktop',NULL,'_self',0,'2023-10-22 21:44:47','2023-10-22 21:44:47'),(42,5,0,14,'Botble\\Page\\Models\\Page','/cookie-policy',NULL,0,'Cookie Policy',NULL,'_self',0,'2023-10-22 21:44:47','2023-10-22 21:44:48'),(43,5,0,17,'Botble\\Page\\Models\\Page','/terms',NULL,0,'Terms',NULL,'_self',0,'2023-10-22 21:44:47','2023-10-22 21:44:48'),(44,5,0,5,'Botble\\Page\\Models\\Page','/homepage-5',NULL,0,'FAQ',NULL,'_self',0,'2023-10-22 21:44:47','2023-10-22 21:44:48');
/*!40000 ALTER TABLE `menu_nodes` ENABLE KEYS */;
UNLOCK TABLES;

--
-- Table structure for table `menus`
--

DROP TABLE IF EXISTS `menus`;
/*!40101 SET @saved_cs_client     = @@character_set_client */;
/*!50503 SET character_set_client = utf8mb4 */;
CREATE TABLE `menus` (
  `id` bigint unsigned NOT NULL AUTO_INCREMENT,
  `name` varchar(120) NOT NULL,
  `slug` varchar(120) DEFAULT NULL,
  `status` varchar(60) NOT NULL DEFAULT 'published',
  `created_at` timestamp NULL DEFAULT NULL,
  `updated_at` timestamp NULL DEFAULT NULL,
  PRIMARY KEY (`id`),
  UNIQUE KEY `menus_slug_unique` (`slug`)
) ENGINE=InnoDB AUTO_INCREMENT=6 DEFAULT CHARSET=utf8mb4 COLLATE=utf8mb4_0900_ai_ci;
/*!40101 SET character_set_client = @saved_cs_client */;

--
-- Dumping data for table `menus`
--

LOCK TABLES `menus` WRITE;
/*!40000 ALTER TABLE `menus` DISABLE KEYS */;
INSERT INTO `menus` VALUES (1,'Main menu','main-menu','published','2023-10-22 21:44:47','2023-10-22 21:44:47'),(2,'Resources','resources','published','2023-10-22 21:44:47','2023-10-22 21:44:47'),(3,'Community','community','published','2023-10-22 21:44:47','2023-10-22 21:44:47'),(4,'Quick links','quick-links','published','2023-10-22 21:44:47','2023-10-22 21:44:47'),(5,'More','more','published','2023-10-22 21:44:47','2023-10-22 21:44:47');
/*!40000 ALTER TABLE `menus` ENABLE KEYS */;
UNLOCK TABLES;

--
-- Table structure for table `meta_boxes`
--

DROP TABLE IF EXISTS `meta_boxes`;
/*!40101 SET @saved_cs_client     = @@character_set_client */;
/*!50503 SET character_set_client = utf8mb4 */;
CREATE TABLE `meta_boxes` (
  `id` bigint unsigned NOT NULL AUTO_INCREMENT,
  `meta_key` varchar(255) NOT NULL,
  `meta_value` text,
  `reference_id` bigint unsigned NOT NULL,
  `reference_type` varchar(120) NOT NULL,
  `created_at` timestamp NULL DEFAULT NULL,
  `updated_at` timestamp NULL DEFAULT NULL,
  PRIMARY KEY (`id`),
  KEY `meta_boxes_reference_id_index` (`reference_id`)
) ENGINE=InnoDB AUTO_INCREMENT=197 DEFAULT CHARSET=utf8mb4 COLLATE=utf8mb4_0900_ai_ci;
/*!40101 SET character_set_client = @saved_cs_client */;

--
-- Dumping data for table `meta_boxes`
--

LOCK TABLES `meta_boxes` WRITE;
/*!40000 ALTER TABLE `meta_boxes` DISABLE KEYS */;
INSERT INTO `meta_boxes` VALUES (1,'background_breadcrumb','[\"pages\\/background-breadcrumb.png\"]',10,'Botble\\Page\\Models\\Page','2023-10-22 21:44:08','2023-10-22 21:44:08'),(2,'background_breadcrumb','[\"pages\\/background-breadcrumb.png\"]',12,'Botble\\Page\\Models\\Page','2023-10-22 21:44:08','2023-10-22 21:44:08'),(3,'cover_image','[\"news\\/cover-image1.png\"]',1,'Botble\\Blog\\Models\\Post','2023-10-22 21:44:09','2023-10-22 21:44:09'),(4,'cover_image','[\"news\\/cover-image2.png\"]',2,'Botble\\Blog\\Models\\Post','2023-10-22 21:44:09','2023-10-22 21:44:09'),(5,'cover_image','[\"news\\/cover-image3.png\"]',3,'Botble\\Blog\\Models\\Post','2023-10-22 21:44:09','2023-10-22 21:44:09'),(6,'icon_image','[\"general\\/content.png\"]',1,'Botble\\JobBoard\\Models\\Category','2023-10-22 21:44:15','2023-10-22 21:44:15'),(7,'job_category_image','[\"job-categories\\/img-cover-1.png\"]',1,'Botble\\JobBoard\\Models\\Category','2023-10-22 21:44:15','2023-10-22 21:44:15'),(8,'icon_image','[\"general\\/research.png\"]',2,'Botble\\JobBoard\\Models\\Category','2023-10-22 21:44:15','2023-10-22 21:44:15'),(9,'job_category_image','[\"job-categories\\/img-cover-1.png\"]',2,'Botble\\JobBoard\\Models\\Category','2023-10-22 21:44:15','2023-10-22 21:44:15'),(10,'icon_image','[\"general\\/marketing.png\"]',3,'Botble\\JobBoard\\Models\\Category','2023-10-22 21:44:15','2023-10-22 21:44:15'),(11,'job_category_image','[\"job-categories\\/img-cover-3.png\"]',3,'Botble\\JobBoard\\Models\\Category','2023-10-22 21:44:15','2023-10-22 21:44:15'),(12,'icon_image','[\"general\\/customer.png\"]',4,'Botble\\JobBoard\\Models\\Category','2023-10-22 21:44:15','2023-10-22 21:44:15'),(13,'job_category_image','[\"job-categories\\/img-cover-3.png\"]',4,'Botble\\JobBoard\\Models\\Category','2023-10-22 21:44:15','2023-10-22 21:44:15'),(14,'icon_image','[\"general\\/finance.png\"]',5,'Botble\\JobBoard\\Models\\Category','2023-10-22 21:44:15','2023-10-22 21:44:15'),(15,'job_category_image','[\"job-categories\\/img-cover-3.png\"]',5,'Botble\\JobBoard\\Models\\Category','2023-10-22 21:44:15','2023-10-22 21:44:15'),(16,'icon_image','[\"general\\/lightning.png\"]',6,'Botble\\JobBoard\\Models\\Category','2023-10-22 21:44:15','2023-10-22 21:44:15'),(17,'job_category_image','[\"job-categories\\/img-cover-3.png\"]',6,'Botble\\JobBoard\\Models\\Category','2023-10-22 21:44:15','2023-10-22 21:44:15'),(18,'icon_image','[\"general\\/human.png\"]',7,'Botble\\JobBoard\\Models\\Category','2023-10-22 21:44:15','2023-10-22 21:44:15'),(19,'job_category_image','[\"job-categories\\/img-cover-1.png\"]',7,'Botble\\JobBoard\\Models\\Category','2023-10-22 21:44:15','2023-10-22 21:44:15'),(20,'icon_image','[\"general\\/management.png\"]',8,'Botble\\JobBoard\\Models\\Category','2023-10-22 21:44:15','2023-10-22 21:44:15'),(21,'job_category_image','[\"job-categories\\/img-cover-3.png\"]',8,'Botble\\JobBoard\\Models\\Category','2023-10-22 21:44:15','2023-10-22 21:44:15'),(22,'icon_image','[\"general\\/retail.png\"]',9,'Botble\\JobBoard\\Models\\Category','2023-10-22 21:44:15','2023-10-22 21:44:15'),(23,'job_category_image','[\"job-categories\\/img-cover-2.png\"]',9,'Botble\\JobBoard\\Models\\Category','2023-10-22 21:44:15','2023-10-22 21:44:15'),(24,'icon_image','[\"general\\/security.png\"]',10,'Botble\\JobBoard\\Models\\Category','2023-10-22 21:44:15','2023-10-22 21:44:15'),(25,'job_category_image','[\"job-categories\\/img-cover-3.png\"]',10,'Botble\\JobBoard\\Models\\Category','2023-10-22 21:44:15','2023-10-22 21:44:15'),(26,'cover_image','[\"companies\\/company-cover-image.png\"]',1,'Botble\\JobBoard\\Models\\Company','2023-10-22 21:44:16','2023-10-22 21:44:16'),(27,'cover_image','[\"companies\\/company-cover-image.png\"]',2,'Botble\\JobBoard\\Models\\Company','2023-10-22 21:44:16','2023-10-22 21:44:16'),(28,'cover_image','[\"companies\\/company-cover-image.png\"]',3,'Botble\\JobBoard\\Models\\Company','2023-10-22 21:44:16','2023-10-22 21:44:16'),(29,'cover_image','[\"companies\\/company-cover-image.png\"]',4,'Botble\\JobBoard\\Models\\Company','2023-10-22 21:44:16','2023-10-22 21:44:16'),(30,'cover_image','[\"companies\\/company-cover-image.png\"]',5,'Botble\\JobBoard\\Models\\Company','2023-10-22 21:44:16','2023-10-22 21:44:16'),(31,'cover_image','[\"companies\\/company-cover-image.png\"]',6,'Botble\\JobBoard\\Models\\Company','2023-10-22 21:44:16','2023-10-22 21:44:16'),(32,'cover_image','[\"companies\\/company-cover-image.png\"]',7,'Botble\\JobBoard\\Models\\Company','2023-10-22 21:44:16','2023-10-22 21:44:16'),(33,'cover_image','[\"companies\\/company-cover-image.png\"]',8,'Botble\\JobBoard\\Models\\Company','2023-10-22 21:44:16','2023-10-22 21:44:16'),(34,'cover_image','[\"companies\\/company-cover-image.png\"]',9,'Botble\\JobBoard\\Models\\Company','2023-10-22 21:44:16','2023-10-22 21:44:16'),(35,'cover_image','[\"companies\\/company-cover-image.png\"]',10,'Botble\\JobBoard\\Models\\Company','2023-10-22 21:44:16','2023-10-22 21:44:16'),(36,'cover_image','[\"companies\\/company-cover-image.png\"]',11,'Botble\\JobBoard\\Models\\Company','2023-10-22 21:44:16','2023-10-22 21:44:16'),(37,'cover_image','[\"companies\\/company-cover-image.png\"]',12,'Botble\\JobBoard\\Models\\Company','2023-10-22 21:44:16','2023-10-22 21:44:16'),(38,'cover_image','[\"companies\\/company-cover-image.png\"]',13,'Botble\\JobBoard\\Models\\Company','2023-10-22 21:44:16','2023-10-22 21:44:16'),(39,'cover_image','[\"companies\\/company-cover-image.png\"]',14,'Botble\\JobBoard\\Models\\Company','2023-10-22 21:44:16','2023-10-22 21:44:16'),(40,'cover_image','[\"companies\\/company-cover-image.png\"]',15,'Botble\\JobBoard\\Models\\Company','2023-10-22 21:44:16','2023-10-22 21:44:16'),(41,'cover_image','[\"companies\\/company-cover-image.png\"]',16,'Botble\\JobBoard\\Models\\Company','2023-10-22 21:44:16','2023-10-22 21:44:16'),(42,'cover_image','[\"companies\\/company-cover-image.png\"]',17,'Botble\\JobBoard\\Models\\Company','2023-10-22 21:44:16','2023-10-22 21:44:16'),(43,'cover_image','[\"companies\\/company-cover-image.png\"]',18,'Botble\\JobBoard\\Models\\Company','2023-10-22 21:44:16','2023-10-22 21:44:16'),(44,'cover_image','[\"companies\\/company-cover-image.png\"]',19,'Botble\\JobBoard\\Models\\Company','2023-10-22 21:44:16','2023-10-22 21:44:16'),(45,'cover_image','[\"companies\\/company-cover-image.png\"]',20,'Botble\\JobBoard\\Models\\Company','2023-10-22 21:44:16','2023-10-22 21:44:16'),(46,'featured_image','[\"jobs\\/img1.png\"]',1,'Botble\\JobBoard\\Models\\Job','2023-10-22 21:44:16','2023-10-22 21:44:16'),(47,'featured_image','[\"jobs\\/img2.png\"]',2,'Botble\\JobBoard\\Models\\Job','2023-10-22 21:44:16','2023-10-22 21:44:16'),(48,'featured_image','[\"jobs\\/img3.png\"]',3,'Botble\\JobBoard\\Models\\Job','2023-10-22 21:44:16','2023-10-22 21:44:16'),(49,'featured_image','[\"jobs\\/img4.png\"]',4,'Botble\\JobBoard\\Models\\Job','2023-10-22 21:44:16','2023-10-22 21:44:16'),(50,'featured_image','[\"jobs\\/img5.png\"]',5,'Botble\\JobBoard\\Models\\Job','2023-10-22 21:44:16','2023-10-22 21:44:16'),(51,'featured_image','[\"jobs\\/img6.png\"]',6,'Botble\\JobBoard\\Models\\Job','2023-10-22 21:44:16','2023-10-22 21:44:16'),(52,'featured_image','[\"jobs\\/img7.png\"]',7,'Botble\\JobBoard\\Models\\Job','2023-10-22 21:44:16','2023-10-22 21:44:16'),(53,'featured_image','[\"jobs\\/img8.png\"]',8,'Botble\\JobBoard\\Models\\Job','2023-10-22 21:44:16','2023-10-22 21:44:16'),(54,'featured_image','[\"jobs\\/img9.png\"]',9,'Botble\\JobBoard\\Models\\Job','2023-10-22 21:44:16','2023-10-22 21:44:16'),(55,'featured_image','[\"jobs\\/img8.png\"]',10,'Botble\\JobBoard\\Models\\Job','2023-10-22 21:44:16','2023-10-22 21:44:16'),(56,'featured_image','[\"jobs\\/img6.png\"]',11,'Botble\\JobBoard\\Models\\Job','2023-10-22 21:44:16','2023-10-22 21:44:16'),(57,'featured_image','[\"jobs\\/img9.png\"]',12,'Botble\\JobBoard\\Models\\Job','2023-10-22 21:44:16','2023-10-22 21:44:16'),(58,'featured_image','[\"jobs\\/img3.png\"]',13,'Botble\\JobBoard\\Models\\Job','2023-10-22 21:44:16','2023-10-22 21:44:16'),(59,'featured_image','[\"jobs\\/img1.png\"]',14,'Botble\\JobBoard\\Models\\Job','2023-10-22 21:44:16','2023-10-22 21:44:16'),(60,'featured_image','[\"jobs\\/img4.png\"]',15,'Botble\\JobBoard\\Models\\Job','2023-10-22 21:44:16','2023-10-22 21:44:16'),(61,'featured_image','[\"jobs\\/img2.png\"]',16,'Botble\\JobBoard\\Models\\Job','2023-10-22 21:44:16','2023-10-22 21:44:16'),(62,'featured_image','[\"jobs\\/img3.png\"]',17,'Botble\\JobBoard\\Models\\Job','2023-10-22 21:44:16','2023-10-22 21:44:16'),(63,'featured_image','[\"jobs\\/img1.png\"]',18,'Botble\\JobBoard\\Models\\Job','2023-10-22 21:44:16','2023-10-22 21:44:16'),(64,'featured_image','[\"jobs\\/img8.png\"]',19,'Botble\\JobBoard\\Models\\Job','2023-10-22 21:44:16','2023-10-22 21:44:16'),(65,'featured_image','[\"jobs\\/img7.png\"]',20,'Botble\\JobBoard\\Models\\Job','2023-10-22 21:44:16','2023-10-22 21:44:16'),(66,'featured_image','[\"jobs\\/img5.png\"]',21,'Botble\\JobBoard\\Models\\Job','2023-10-22 21:44:16','2023-10-22 21:44:16'),(67,'featured_image','[\"jobs\\/img6.png\"]',22,'Botble\\JobBoard\\Models\\Job','2023-10-22 21:44:16','2023-10-22 21:44:16'),(68,'featured_image','[\"jobs\\/img2.png\"]',23,'Botble\\JobBoard\\Models\\Job','2023-10-22 21:44:16','2023-10-22 21:44:16'),(69,'featured_image','[\"jobs\\/img1.png\"]',24,'Botble\\JobBoard\\Models\\Job','2023-10-22 21:44:16','2023-10-22 21:44:16'),(70,'featured_image','[\"jobs\\/img5.png\"]',25,'Botble\\JobBoard\\Models\\Job','2023-10-22 21:44:17','2023-10-22 21:44:17'),(71,'featured_image','[\"jobs\\/img3.png\"]',26,'Botble\\JobBoard\\Models\\Job','2023-10-22 21:44:17','2023-10-22 21:44:17'),(72,'featured_image','[\"jobs\\/img3.png\"]',27,'Botble\\JobBoard\\Models\\Job','2023-10-22 21:44:17','2023-10-22 21:44:17'),(73,'featured_image','[\"jobs\\/img9.png\"]',28,'Botble\\JobBoard\\Models\\Job','2023-10-22 21:44:17','2023-10-22 21:44:17'),(74,'featured_image','[\"jobs\\/img8.png\"]',29,'Botble\\JobBoard\\Models\\Job','2023-10-22 21:44:17','2023-10-22 21:44:17'),(75,'featured_image','[\"jobs\\/img9.png\"]',30,'Botble\\JobBoard\\Models\\Job','2023-10-22 21:44:17','2023-10-22 21:44:17'),(76,'featured_image','[\"jobs\\/img8.png\"]',31,'Botble\\JobBoard\\Models\\Job','2023-10-22 21:44:17','2023-10-22 21:44:17'),(77,'featured_image','[\"jobs\\/img5.png\"]',32,'Botble\\JobBoard\\Models\\Job','2023-10-22 21:44:17','2023-10-22 21:44:17'),(78,'featured_image','[\"jobs\\/img2.png\"]',33,'Botble\\JobBoard\\Models\\Job','2023-10-22 21:44:17','2023-10-22 21:44:17'),(79,'featured_image','[\"jobs\\/img5.png\"]',34,'Botble\\JobBoard\\Models\\Job','2023-10-22 21:44:17','2023-10-22 21:44:17'),(80,'featured_image','[\"jobs\\/img5.png\"]',35,'Botble\\JobBoard\\Models\\Job','2023-10-22 21:44:17','2023-10-22 21:44:17'),(81,'featured_image','[\"jobs\\/img7.png\"]',36,'Botble\\JobBoard\\Models\\Job','2023-10-22 21:44:17','2023-10-22 21:44:17'),(82,'featured_image','[\"jobs\\/img5.png\"]',37,'Botble\\JobBoard\\Models\\Job','2023-10-22 21:44:17','2023-10-22 21:44:17'),(83,'featured_image','[\"jobs\\/img3.png\"]',38,'Botble\\JobBoard\\Models\\Job','2023-10-22 21:44:17','2023-10-22 21:44:17'),(84,'featured_image','[\"jobs\\/img5.png\"]',39,'Botble\\JobBoard\\Models\\Job','2023-10-22 21:44:17','2023-10-22 21:44:17'),(85,'featured_image','[\"jobs\\/img5.png\"]',40,'Botble\\JobBoard\\Models\\Job','2023-10-22 21:44:17','2023-10-22 21:44:17'),(86,'featured_image','[\"jobs\\/img9.png\"]',41,'Botble\\JobBoard\\Models\\Job','2023-10-22 21:44:17','2023-10-22 21:44:17'),(87,'featured_image','[\"jobs\\/img5.png\"]',42,'Botble\\JobBoard\\Models\\Job','2023-10-22 21:44:17','2023-10-22 21:44:17'),(88,'featured_image','[\"jobs\\/img9.png\"]',43,'Botble\\JobBoard\\Models\\Job','2023-10-22 21:44:17','2023-10-22 21:44:17'),(89,'featured_image','[\"jobs\\/img7.png\"]',44,'Botble\\JobBoard\\Models\\Job','2023-10-22 21:44:17','2023-10-22 21:44:17'),(90,'featured_image','[\"jobs\\/img5.png\"]',45,'Botble\\JobBoard\\Models\\Job','2023-10-22 21:44:17','2023-10-22 21:44:17'),(91,'featured_image','[\"jobs\\/img1.png\"]',46,'Botble\\JobBoard\\Models\\Job','2023-10-22 21:44:17','2023-10-22 21:44:17'),(92,'featured_image','[\"jobs\\/img5.png\"]',47,'Botble\\JobBoard\\Models\\Job','2023-10-22 21:44:17','2023-10-22 21:44:17'),(93,'featured_image','[\"jobs\\/img2.png\"]',48,'Botble\\JobBoard\\Models\\Job','2023-10-22 21:44:17','2023-10-22 21:44:17'),(94,'featured_image','[\"jobs\\/img6.png\"]',49,'Botble\\JobBoard\\Models\\Job','2023-10-22 21:44:17','2023-10-22 21:44:17'),(95,'featured_image','[\"jobs\\/img8.png\"]',50,'Botble\\JobBoard\\Models\\Job','2023-10-22 21:44:17','2023-10-22 21:44:17'),(96,'featured_image','[\"jobs\\/img8.png\"]',51,'Botble\\JobBoard\\Models\\Job','2023-10-22 21:44:17','2023-10-22 21:44:17'),(97,'cover_image','[\"covers\\/3.png\"]',1,'Botble\\JobBoard\\Models\\Account','2023-10-22 21:44:17','2023-10-22 21:44:17'),(98,'cover_image','[\"covers\\/3.png\"]',2,'Botble\\JobBoard\\Models\\Account','2023-10-22 21:44:18','2023-10-22 21:44:18'),(99,'cover_image','[\"covers\\/1.png\"]',3,'Botble\\JobBoard\\Models\\Account','2023-10-22 21:44:18','2023-10-22 21:44:18'),(100,'cover_image','[\"covers\\/3.png\"]',4,'Botble\\JobBoard\\Models\\Account','2023-10-22 21:44:18','2023-10-22 21:44:18'),(101,'cover_image','[\"covers\\/2.png\"]',5,'Botble\\JobBoard\\Models\\Account','2023-10-22 21:44:19','2023-10-22 21:44:19'),(102,'cover_image','[\"covers\\/3.png\"]',6,'Botble\\JobBoard\\Models\\Account','2023-10-22 21:44:19','2023-10-22 21:44:19'),(103,'cover_image','[\"covers\\/2.png\"]',7,'Botble\\JobBoard\\Models\\Account','2023-10-22 21:44:19','2023-10-22 21:44:19'),(104,'cover_image','[\"covers\\/2.png\"]',8,'Botble\\JobBoard\\Models\\Account','2023-10-22 21:44:20','2023-10-22 21:44:20'),(105,'cover_image','[\"covers\\/3.png\"]',9,'Botble\\JobBoard\\Models\\Account','2023-10-22 21:44:20','2023-10-22 21:44:20'),(106,'cover_image','[\"covers\\/1.png\"]',10,'Botble\\JobBoard\\Models\\Account','2023-10-22 21:44:20','2023-10-22 21:44:20'),(107,'cover_image','[\"covers\\/3.png\"]',11,'Botble\\JobBoard\\Models\\Account','2023-10-22 21:44:20','2023-10-22 21:44:20'),(108,'cover_image','[\"covers\\/3.png\"]',12,'Botble\\JobBoard\\Models\\Account','2023-10-22 21:44:21','2023-10-22 21:44:21'),(109,'cover_image','[\"covers\\/2.png\"]',13,'Botble\\JobBoard\\Models\\Account','2023-10-22 21:44:21','2023-10-22 21:44:21'),(110,'cover_image','[\"covers\\/2.png\"]',14,'Botble\\JobBoard\\Models\\Account','2023-10-22 21:44:21','2023-10-22 21:44:21'),(111,'cover_image','[\"covers\\/3.png\"]',15,'Botble\\JobBoard\\Models\\Account','2023-10-22 21:44:21','2023-10-22 21:44:21'),(112,'cover_image','[\"covers\\/2.png\"]',16,'Botble\\JobBoard\\Models\\Account','2023-10-22 21:44:22','2023-10-22 21:44:22'),(113,'cover_image','[\"covers\\/1.png\"]',17,'Botble\\JobBoard\\Models\\Account','2023-10-22 21:44:22','2023-10-22 21:44:22'),(114,'cover_image','[\"covers\\/2.png\"]',18,'Botble\\JobBoard\\Models\\Account','2023-10-22 21:44:22','2023-10-22 21:44:22'),(115,'cover_image','[\"covers\\/2.png\"]',19,'Botble\\JobBoard\\Models\\Account','2023-10-22 21:44:22','2023-10-22 21:44:22'),(116,'cover_image','[\"covers\\/1.png\"]',20,'Botble\\JobBoard\\Models\\Account','2023-10-22 21:44:23','2023-10-22 21:44:23'),(117,'cover_image','[\"covers\\/1.png\"]',21,'Botble\\JobBoard\\Models\\Account','2023-10-22 21:44:23','2023-10-22 21:44:23'),(118,'cover_image','[\"covers\\/1.png\"]',22,'Botble\\JobBoard\\Models\\Account','2023-10-22 21:44:23','2023-10-22 21:44:23'),(119,'cover_image','[\"covers\\/3.png\"]',23,'Botble\\JobBoard\\Models\\Account','2023-10-22 21:44:23','2023-10-22 21:44:23'),(120,'cover_image','[\"covers\\/1.png\"]',24,'Botble\\JobBoard\\Models\\Account','2023-10-22 21:44:24','2023-10-22 21:44:24'),(121,'cover_image','[\"covers\\/2.png\"]',25,'Botble\\JobBoard\\Models\\Account','2023-10-22 21:44:24','2023-10-22 21:44:24'),(122,'cover_image','[\"covers\\/3.png\"]',26,'Botble\\JobBoard\\Models\\Account','2023-10-22 21:44:24','2023-10-22 21:44:24'),(123,'cover_image','[\"covers\\/1.png\"]',27,'Botble\\JobBoard\\Models\\Account','2023-10-22 21:44:24','2023-10-22 21:44:24'),(124,'cover_image','[\"covers\\/1.png\"]',28,'Botble\\JobBoard\\Models\\Account','2023-10-22 21:44:25','2023-10-22 21:44:25'),(125,'cover_image','[\"covers\\/1.png\"]',29,'Botble\\JobBoard\\Models\\Account','2023-10-22 21:44:25','2023-10-22 21:44:25'),(126,'cover_image','[\"covers\\/2.png\"]',30,'Botble\\JobBoard\\Models\\Account','2023-10-22 21:44:25','2023-10-22 21:44:25'),(127,'cover_image','[\"covers\\/3.png\"]',31,'Botble\\JobBoard\\Models\\Account','2023-10-22 21:44:26','2023-10-22 21:44:26'),(128,'cover_image','[\"covers\\/3.png\"]',32,'Botble\\JobBoard\\Models\\Account','2023-10-22 21:44:26','2023-10-22 21:44:26'),(129,'cover_image','[\"covers\\/1.png\"]',33,'Botble\\JobBoard\\Models\\Account','2023-10-22 21:44:26','2023-10-22 21:44:26'),(130,'cover_image','[\"covers\\/3.png\"]',34,'Botble\\JobBoard\\Models\\Account','2023-10-22 21:44:26','2023-10-22 21:44:26'),(131,'cover_image','[\"covers\\/2.png\"]',35,'Botble\\JobBoard\\Models\\Account','2023-10-22 21:44:27','2023-10-22 21:44:27'),(132,'cover_image','[\"covers\\/2.png\"]',36,'Botble\\JobBoard\\Models\\Account','2023-10-22 21:44:27','2023-10-22 21:44:27'),(133,'cover_image','[\"covers\\/1.png\"]',37,'Botble\\JobBoard\\Models\\Account','2023-10-22 21:44:27','2023-10-22 21:44:27'),(134,'cover_image','[\"covers\\/2.png\"]',38,'Botble\\JobBoard\\Models\\Account','2023-10-22 21:44:27','2023-10-22 21:44:27'),(135,'cover_image','[\"covers\\/1.png\"]',39,'Botble\\JobBoard\\Models\\Account','2023-10-22 21:44:28','2023-10-22 21:44:28'),(136,'cover_image','[\"covers\\/1.png\"]',40,'Botble\\JobBoard\\Models\\Account','2023-10-22 21:44:28','2023-10-22 21:44:28'),(137,'cover_image','[\"covers\\/3.png\"]',41,'Botble\\JobBoard\\Models\\Account','2023-10-22 21:44:28','2023-10-22 21:44:28'),(138,'cover_image','[\"covers\\/3.png\"]',42,'Botble\\JobBoard\\Models\\Account','2023-10-22 21:44:28','2023-10-22 21:44:28'),(139,'cover_image','[\"covers\\/3.png\"]',43,'Botble\\JobBoard\\Models\\Account','2023-10-22 21:44:29','2023-10-22 21:44:29'),(140,'cover_image','[\"covers\\/2.png\"]',44,'Botble\\JobBoard\\Models\\Account','2023-10-22 21:44:29','2023-10-22 21:44:29'),(141,'cover_image','[\"covers\\/3.png\"]',45,'Botble\\JobBoard\\Models\\Account','2023-10-22 21:44:29','2023-10-22 21:44:29'),(142,'cover_image','[\"covers\\/3.png\"]',46,'Botble\\JobBoard\\Models\\Account','2023-10-22 21:44:30','2023-10-22 21:44:30'),(143,'cover_image','[\"covers\\/1.png\"]',47,'Botble\\JobBoard\\Models\\Account','2023-10-22 21:44:30','2023-10-22 21:44:30'),(144,'cover_image','[\"covers\\/1.png\"]',48,'Botble\\JobBoard\\Models\\Account','2023-10-22 21:44:30','2023-10-22 21:44:30'),(145,'cover_image','[\"covers\\/3.png\"]',49,'Botble\\JobBoard\\Models\\Account','2023-10-22 21:44:30','2023-10-22 21:44:30'),(146,'cover_image','[\"covers\\/2.png\"]',50,'Botble\\JobBoard\\Models\\Account','2023-10-22 21:44:31','2023-10-22 21:44:31'),(147,'cover_image','[\"covers\\/1.png\"]',51,'Botble\\JobBoard\\Models\\Account','2023-10-22 21:44:31','2023-10-22 21:44:31'),(148,'cover_image','[\"covers\\/1.png\"]',52,'Botble\\JobBoard\\Models\\Account','2023-10-22 21:44:31','2023-10-22 21:44:31'),(149,'cover_image','[\"covers\\/1.png\"]',53,'Botble\\JobBoard\\Models\\Account','2023-10-22 21:44:32','2023-10-22 21:44:32'),(150,'cover_image','[\"covers\\/2.png\"]',54,'Botble\\JobBoard\\Models\\Account','2023-10-22 21:44:32','2023-10-22 21:44:32'),(151,'cover_image','[\"covers\\/3.png\"]',55,'Botble\\JobBoard\\Models\\Account','2023-10-22 21:44:32','2023-10-22 21:44:32'),(152,'cover_image','[\"covers\\/1.png\"]',56,'Botble\\JobBoard\\Models\\Account','2023-10-22 21:44:32','2023-10-22 21:44:32'),(153,'cover_image','[\"covers\\/2.png\"]',57,'Botble\\JobBoard\\Models\\Account','2023-10-22 21:44:33','2023-10-22 21:44:33'),(154,'cover_image','[\"covers\\/1.png\"]',58,'Botble\\JobBoard\\Models\\Account','2023-10-22 21:44:33','2023-10-22 21:44:33'),(155,'cover_image','[\"covers\\/1.png\"]',59,'Botble\\JobBoard\\Models\\Account','2023-10-22 21:44:33','2023-10-22 21:44:33'),(156,'cover_image','[\"covers\\/3.png\"]',60,'Botble\\JobBoard\\Models\\Account','2023-10-22 21:44:33','2023-10-22 21:44:33'),(157,'cover_image','[\"covers\\/1.png\"]',61,'Botble\\JobBoard\\Models\\Account','2023-10-22 21:44:34','2023-10-22 21:44:34'),(158,'cover_image','[\"covers\\/1.png\"]',62,'Botble\\JobBoard\\Models\\Account','2023-10-22 21:44:34','2023-10-22 21:44:34'),(159,'cover_image','[\"covers\\/2.png\"]',63,'Botble\\JobBoard\\Models\\Account','2023-10-22 21:44:34','2023-10-22 21:44:34'),(160,'cover_image','[\"covers\\/1.png\"]',64,'Botble\\JobBoard\\Models\\Account','2023-10-22 21:44:35','2023-10-22 21:44:35'),(161,'cover_image','[\"covers\\/1.png\"]',65,'Botble\\JobBoard\\Models\\Account','2023-10-22 21:44:35','2023-10-22 21:44:35'),(162,'cover_image','[\"covers\\/1.png\"]',66,'Botble\\JobBoard\\Models\\Account','2023-10-22 21:44:35','2023-10-22 21:44:35'),(163,'cover_image','[\"covers\\/1.png\"]',67,'Botble\\JobBoard\\Models\\Account','2023-10-22 21:44:35','2023-10-22 21:44:35'),(164,'cover_image','[\"covers\\/2.png\"]',68,'Botble\\JobBoard\\Models\\Account','2023-10-22 21:44:36','2023-10-22 21:44:36'),(165,'cover_image','[\"covers\\/2.png\"]',69,'Botble\\JobBoard\\Models\\Account','2023-10-22 21:44:36','2023-10-22 21:44:36'),(166,'cover_image','[\"covers\\/2.png\"]',70,'Botble\\JobBoard\\Models\\Account','2023-10-22 21:44:36','2023-10-22 21:44:36'),(167,'cover_image','[\"covers\\/3.png\"]',71,'Botble\\JobBoard\\Models\\Account','2023-10-22 21:44:36','2023-10-22 21:44:36'),(168,'cover_image','[\"covers\\/3.png\"]',72,'Botble\\JobBoard\\Models\\Account','2023-10-22 21:44:37','2023-10-22 21:44:37'),(169,'cover_image','[\"covers\\/3.png\"]',73,'Botble\\JobBoard\\Models\\Account','2023-10-22 21:44:37','2023-10-22 21:44:37'),(170,'cover_image','[\"covers\\/1.png\"]',74,'Botble\\JobBoard\\Models\\Account','2023-10-22 21:44:37','2023-10-22 21:44:37'),(171,'cover_image','[\"covers\\/1.png\"]',75,'Botble\\JobBoard\\Models\\Account','2023-10-22 21:44:38','2023-10-22 21:44:38'),(172,'cover_image','[\"covers\\/2.png\"]',76,'Botble\\JobBoard\\Models\\Account','2023-10-22 21:44:38','2023-10-22 21:44:38'),(173,'cover_image','[\"covers\\/3.png\"]',77,'Botble\\JobBoard\\Models\\Account','2023-10-22 21:44:38','2023-10-22 21:44:38'),(174,'cover_image','[\"covers\\/1.png\"]',78,'Botble\\JobBoard\\Models\\Account','2023-10-22 21:44:38','2023-10-22 21:44:38'),(175,'cover_image','[\"covers\\/2.png\"]',79,'Botble\\JobBoard\\Models\\Account','2023-10-22 21:44:39','2023-10-22 21:44:39'),(176,'cover_image','[\"covers\\/3.png\"]',80,'Botble\\JobBoard\\Models\\Account','2023-10-22 21:44:39','2023-10-22 21:44:39'),(177,'cover_image','[\"covers\\/1.png\"]',81,'Botble\\JobBoard\\Models\\Account','2023-10-22 21:44:39','2023-10-22 21:44:39'),(178,'cover_image','[\"covers\\/1.png\"]',82,'Botble\\JobBoard\\Models\\Account','2023-10-22 21:44:40','2023-10-22 21:44:40'),(179,'cover_image','[\"covers\\/2.png\"]',83,'Botble\\JobBoard\\Models\\Account','2023-10-22 21:44:40','2023-10-22 21:44:40'),(180,'cover_image','[\"covers\\/3.png\"]',84,'Botble\\JobBoard\\Models\\Account','2023-10-22 21:44:40','2023-10-22 21:44:40'),(181,'cover_image','[\"covers\\/3.png\"]',85,'Botble\\JobBoard\\Models\\Account','2023-10-22 21:44:41','2023-10-22 21:44:41'),(182,'cover_image','[\"covers\\/2.png\"]',86,'Botble\\JobBoard\\Models\\Account','2023-10-22 21:44:41','2023-10-22 21:44:41'),(183,'cover_image','[\"covers\\/1.png\"]',87,'Botble\\JobBoard\\Models\\Account','2023-10-22 21:44:41','2023-10-22 21:44:41'),(184,'cover_image','[\"covers\\/1.png\"]',88,'Botble\\JobBoard\\Models\\Account','2023-10-22 21:44:41','2023-10-22 21:44:41'),(185,'cover_image','[\"covers\\/3.png\"]',89,'Botble\\JobBoard\\Models\\Account','2023-10-22 21:44:42','2023-10-22 21:44:42'),(186,'cover_image','[\"covers\\/2.png\"]',90,'Botble\\JobBoard\\Models\\Account','2023-10-22 21:44:42','2023-10-22 21:44:42'),(187,'cover_image','[\"covers\\/3.png\"]',91,'Botble\\JobBoard\\Models\\Account','2023-10-22 21:44:42','2023-10-22 21:44:42'),(188,'cover_image','[\"covers\\/3.png\"]',92,'Botble\\JobBoard\\Models\\Account','2023-10-22 21:44:43','2023-10-22 21:44:43'),(189,'cover_image','[\"covers\\/2.png\"]',93,'Botble\\JobBoard\\Models\\Account','2023-10-22 21:44:43','2023-10-22 21:44:43'),(190,'cover_image','[\"covers\\/2.png\"]',94,'Botble\\JobBoard\\Models\\Account','2023-10-22 21:44:43','2023-10-22 21:44:43'),(191,'cover_image','[\"covers\\/2.png\"]',95,'Botble\\JobBoard\\Models\\Account','2023-10-22 21:44:44','2023-10-22 21:44:44'),(192,'cover_image','[\"covers\\/2.png\"]',96,'Botble\\JobBoard\\Models\\Account','2023-10-22 21:44:44','2023-10-22 21:44:44'),(193,'cover_image','[\"covers\\/3.png\"]',97,'Botble\\JobBoard\\Models\\Account','2023-10-22 21:44:44','2023-10-22 21:44:44'),(194,'cover_image','[\"covers\\/3.png\"]',98,'Botble\\JobBoard\\Models\\Account','2023-10-22 21:44:45','2023-10-22 21:44:45'),(195,'cover_image','[\"covers\\/1.png\"]',99,'Botble\\JobBoard\\Models\\Account','2023-10-22 21:44:45','2023-10-22 21:44:45'),(196,'cover_image','[\"covers\\/1.png\"]',100,'Botble\\JobBoard\\Models\\Account','2023-10-22 21:44:46','2023-10-22 21:44:46');
/*!40000 ALTER TABLE `meta_boxes` ENABLE KEYS */;
UNLOCK TABLES;

--
-- Table structure for table `migrations`
--

DROP TABLE IF EXISTS `migrations`;
/*!40101 SET @saved_cs_client     = @@character_set_client */;
/*!50503 SET character_set_client = utf8mb4 */;
CREATE TABLE `migrations` (
  `id` int unsigned NOT NULL AUTO_INCREMENT,
  `migration` varchar(191) NOT NULL,
  `batch` int NOT NULL,
  PRIMARY KEY (`id`)
) ENGINE=InnoDB AUTO_INCREMENT=100 DEFAULT CHARSET=utf8mb4 COLLATE=utf8mb4_0900_ai_ci;
/*!40101 SET character_set_client = @saved_cs_client */;

--
-- Dumping data for table `migrations`
--

LOCK TABLES `migrations` WRITE;
/*!40000 ALTER TABLE `migrations` DISABLE KEYS */;
INSERT INTO `migrations` VALUES (1,'2013_04_09_032329_create_base_tables',1),(2,'2013_04_09_062329_create_revisions_table',1),(3,'2014_10_12_000000_create_users_table',1),(4,'2014_10_12_100000_create_password_reset_tokens_table',1),(5,'2016_06_10_230148_create_acl_tables',1),(6,'2016_06_14_230857_create_menus_table',1),(7,'2016_06_28_221418_create_pages_table',1),(8,'2016_10_05_074239_create_setting_table',1),(9,'2016_11_28_032840_create_dashboard_widget_tables',1),(10,'2016_12_16_084601_create_widgets_table',1),(11,'2017_05_09_070343_create_media_tables',1),(12,'2017_11_03_070450_create_slug_table',1),(13,'2019_01_05_053554_create_jobs_table',1),(14,'2019_08_19_000000_create_failed_jobs_table',1),(15,'2019_12_14_000001_create_personal_access_tokens_table',1),(16,'2022_04_20_100851_add_index_to_media_table',1),(17,'2022_04_20_101046_add_index_to_menu_table',1),(18,'2022_07_10_034813_move_lang_folder_to_root',1),(19,'2022_08_04_051940_add_missing_column_expires_at',1),(20,'2022_09_01_000001_create_admin_notifications_tables',1),(21,'2022_10_14_024629_drop_column_is_featured',1),(22,'2022_11_18_063357_add_missing_timestamp_in_table_settings',1),(23,'2022_12_02_093615_update_slug_index_columns',1),(24,'2023_01_30_024431_add_alt_to_media_table',1),(25,'2023_02_16_042611_drop_table_password_resets',1),(26,'2023_04_10_103353_fix_social_links',1),(27,'2023_04_23_005903_add_column_permissions_to_admin_notifications',1),(28,'2023_05_10_075124_drop_column_id_in_role_users_table',1),(29,'2023_07_19_152743_migrate_old_city_state_image',1),(30,'2023_08_21_090810_make_page_content_nullable',1),(31,'2023_09_14_021936_update_index_for_slugs_table',1),(32,'2015_06_29_025744_create_audit_history',2),(33,'2015_06_18_033822_create_blog_table',3),(34,'2021_02_16_092633_remove_default_value_for_author_type',3),(35,'2021_12_03_030600_create_blog_translations',3),(36,'2022_04_19_113923_add_index_to_table_posts',3),(37,'2023_08_29_074620_make_column_author_id_nullable',3),(38,'2016_06_17_091537_create_contacts_table',4),(39,'2018_07_09_221238_create_faq_table',5),(40,'2021_12_03_082134_create_faq_translations',5),(41,'2016_10_13_150201_create_galleries_table',6),(42,'2021_12_03_082953_create_gallery_translations',6),(43,'2022_04_30_034048_create_gallery_meta_translations_table',6),(44,'2023_08_29_075308_make_column_user_id_nullable',6),(45,'2022_06_20_093259_create_job_board_tables',7),(46,'2022_09_12_061845_update_table_activity_logs',7),(47,'2022_09_13_042407_create_table_jb_jobs_types',7),(48,'2022_09_15_030017_update_jb_jobs_table',7),(49,'2022_09_15_094840_add_job_employer_colleagues',7),(50,'2022_09_27_000001_create_jb_invoices_tables',7),(51,'2022_09_30_144924_update_jobs_table',7),(52,'2022_10_04_085631_add_company_logo_to_jb_invoices',7),(53,'2022_10_10_030606_create_reviews_table',7),(54,'2022_11_09_065056_add_missing_jobs_page',7),(55,'2022_11_10_065056_add_columns_to_accounts',7),(56,'2022_11_16_034756_add_column_cover_letter_to_accounts',7),(57,'2022_11_29_304756_create_jb_account_favorite_skills_table',7),(58,'2022_11_29_304757_create_jb_account_favorite_tags',7),(59,'2022_12_26_304758_create_table_jb_experiences',7),(60,'2022_12_26_304759_create_table_jb_education',7),(61,'2023_01_31_023233_create_jb_custom_fields_table',7),(62,'2023_02_06_024257_add_package_translations',7),(63,'2023_02_08_062457_add_custom_fields_translation_table',7),(64,'2023_04_03_126927_add_parent_id_to_jb_categories_table',7),(65,'2023_05_04_000001_add_hide_cv_to_jb_accounts_table',7),(66,'2023_05_09_062031_unique_reviews_table',7),(67,'2023_05_13_180010_make_jb_reviews_table_morphable',7),(68,'2023_05_16_113126_fix_account_confirmed_at',7),(69,'2023_07_03_135746_add_zip_code_to_jb_jobs_table',7),(70,'2023_07_06_022808_create_jb_coupons_table',7),(71,'2023_07_14_045213_add_coupon_code_column_to_jb_invoices_table',7),(72,'2016_10_03_032336_create_languages_table',8),(73,'2023_09_14_022423_add_index_for_language_table',8),(74,'2021_10_25_021023_fix-priority-load-for-language-advanced',9),(75,'2021_12_03_075608_create_page_translations',9),(76,'2023_07_06_011444_create_slug_translations_table',9),(77,'2019_11_18_061011_create_country_table',10),(78,'2021_12_03_084118_create_location_translations',10),(79,'2021_12_03_094518_migrate_old_location_data',10),(80,'2021_12_10_034440_switch_plugin_location_to_use_language_advanced',10),(81,'2022_01_16_085908_improve_plugin_location',10),(82,'2022_08_04_052122_delete_location_backup_tables',10),(83,'2023_04_23_061847_increase_state_translations_abbreviation_column',10),(84,'2023_07_26_041451_add_more_columns_to_location_table',10),(85,'2023_07_27_041451_add_more_columns_to_location_translation_table',10),(86,'2023_08_15_073307_drop_unique_in_states_cities_translations',10),(87,'2023_10_21_065016_make_state_id_in_table_cities_nullable',10),(88,'2017_10_24_154832_create_newsletter_table',11),(89,'2017_05_18_080441_create_payment_tables',12),(90,'2021_03_27_144913_add_customer_type_into_table_payments',12),(91,'2021_05_24_034720_make_column_currency_nullable',12),(92,'2021_08_09_161302_add_metadata_column_to_payments_table',12),(93,'2021_10_19_020859_update_metadata_field',12),(94,'2022_06_28_151901_activate_paypal_stripe_plugin',12),(95,'2022_07_07_153354_update_charge_id_in_table_payments',12),(96,'2022_11_02_092723_team_create_team_table',13),(97,'2018_07_09_214610_create_testimonial_table',14),(98,'2021_12_03_083642_create_testimonials_translations',14),(99,'2016_10_07_193005_create_translations_table',15);
/*!40000 ALTER TABLE `migrations` ENABLE KEYS */;
UNLOCK TABLES;

--
-- Table structure for table `newsletters`
--

DROP TABLE IF EXISTS `newsletters`;
/*!40101 SET @saved_cs_client     = @@character_set_client */;
/*!50503 SET character_set_client = utf8mb4 */;
CREATE TABLE `newsletters` (
  `id` bigint unsigned NOT NULL AUTO_INCREMENT,
  `email` varchar(120) NOT NULL,
  `name` varchar(120) DEFAULT NULL,
  `status` varchar(60) NOT NULL DEFAULT 'subscribed',
  `created_at` timestamp NULL DEFAULT NULL,
  `updated_at` timestamp NULL DEFAULT NULL,
  PRIMARY KEY (`id`)
) ENGINE=InnoDB DEFAULT CHARSET=utf8mb4 COLLATE=utf8mb4_0900_ai_ci;
/*!40101 SET character_set_client = @saved_cs_client */;

--
-- Dumping data for table `newsletters`
--

LOCK TABLES `newsletters` WRITE;
/*!40000 ALTER TABLE `newsletters` DISABLE KEYS */;
/*!40000 ALTER TABLE `newsletters` ENABLE KEYS */;
UNLOCK TABLES;

--
-- Table structure for table `pages`
--

DROP TABLE IF EXISTS `pages`;
/*!40101 SET @saved_cs_client     = @@character_set_client */;
/*!50503 SET character_set_client = utf8mb4 */;
CREATE TABLE `pages` (
  `id` bigint unsigned NOT NULL AUTO_INCREMENT,
  `name` varchar(120) NOT NULL,
  `content` longtext CHARACTER SET utf8mb4 COLLATE utf8mb4_0900_ai_ci,
  `user_id` bigint unsigned DEFAULT NULL,
  `image` varchar(255) DEFAULT NULL,
  `template` varchar(60) DEFAULT NULL,
  `description` varchar(400) DEFAULT NULL,
  `status` varchar(60) NOT NULL DEFAULT 'published',
  `created_at` timestamp NULL DEFAULT NULL,
  `updated_at` timestamp NULL DEFAULT NULL,
  PRIMARY KEY (`id`),
  KEY `pages_user_id_index` (`user_id`)
) ENGINE=InnoDB AUTO_INCREMENT=19 DEFAULT CHARSET=utf8mb4 COLLATE=utf8mb4_0900_ai_ci;
/*!40101 SET character_set_client = @saved_cs_client */;

--
-- Dumping data for table `pages`
--

LOCK TABLES `pages` WRITE;
/*!40000 ALTER TABLE `pages` DISABLE KEYS */;
INSERT INTO `pages` VALUES (1,'Homepage 1','<div>[search-box title=\"The Easiest Way to Get Your New Job\" highlight_text=\"Easiest Way\" description=\"Each month, more than 3 million job seekers turn to website in their search for work, making over 140,000 applications every single day\" banner_image_1=\"pages/banner1.png\" icon_top_banner=\"pages/icon-top-banner.png\" banner_image_2=\"pages/banner2.png\" icon_bottom_banner=\"pages/icon-bottom-banner.png\" style=\"style-1\" trending_keywords=\"Design,Development,Manager,Senior\"][/search-box]</div><div>[featured-job-categories title=\"Browse by category\" subtitle=\"Find the job thats perfect for you. about 800+ new jobs everyday\"][/featured-job-categories]</div><div>[apply-banner subtitle=\"Lets Work Together &lt;br\\&gt;&amp; Explore Opportunities\" highlight_sub_title_text=\"Work, Explore\" title_1=\"We are\" title_2=\"HIRING\" button_apply_text=\"Apply\" button_apply_link=\"#\" apply_image_left=\"pages/bg-left-hiring.png\" apply_image_right=\"pages/bg-right-hiring.png\"][/apply-banner]</div><div>[job-of-the-day title=\"Jobs of the day\" subtitle=\"Search and connect with the right candidates faster.\" job_categories=\"4,9,1,3,5,7\" style=\"style-1\"][/job-of-the-day]</div><div>[job-grid title=\"Find The One Thats Right For You\" high_light_title_text=\"Right\" subtitle=\"Millions Of Jobs.\" description=\"Search all the open positions on the web. Get your own personalized salary estimate. Read reviews on over 600,000 companies worldwide. The right job is out there.\" image_job_1=\"pages/img-chart.png\" image_job_2=\"pages/controlcard.png\" image=\"pages/img1.png\" button_text=\"Search jobs\" button_url=\"#\" link_text=\"Learn more\" link_text_url=\"#\"][/job-grid]</div><div>[top-companies title=\"Top Recruiters\" description=\"Discover your next career move, freelance gig, or internship\"][/top-companies]</div><div>[job-by-location title=\"Jobs by Location\" description=\"Find your favourite jobs and get the benefits of yourself\" city=\"1,2,3,4,5,6\"][/job-by-location]</div><div>[news-and-blogs title=\"News and Blog\" subtitle=\"Get the latest news, updates and tips\"][/news-and-blogs]</div>',1,NULL,'homepage',NULL,'published','2023-10-22 21:44:08','2023-10-22 21:44:08'),(2,'Homepage 2','<div>[search-box subtitle=\"We have 150,000+ live jobs\" title=\"The #1 Job Board for Hiring or Find your next job\" highlight_text=\"Job Board for\" description=\"Each month, more than 3 million job seekers turn to website in their search for work, making over 140,000 applications every single day\" counter_title_1=\"Daily Jobs Posted\" counter_number_1=\"265\" counter_title_2=\"Recruiters\" counter_number_2=\"17\" counter_title_3=\"Freelancers\" counter_number_3=\"15\" counter_title_4=\"Blog Tips\" counter_number_4=\"28\" background_image=\"pages/banner-section-search-box.png\" style=\"style-2\" trending_keywords=\"Design,Development,Manager,Senior\"][/search-box]</div><div>[job-of-the-day title=\"Jobs of the day\" subtitle=\"Search and connect with the right candidates faster.\" job_categories=\"1,2,5,4,7,8\" style=\"style-2\"][/job-of-the-day]</div><div>[popular-category title=\"Popular category\" subtitle=\"Search and connect with the right candidates faster.\"][/popular-category]</div><div>[job-by-location title=\"Jobs by Location\" description=\"Find your favourite jobs and get the benefits of yourself\" city=\"12,46,69,111,121,116,62\" style=\"style-2\"][/job-by-location]</div><div>[counter-section counter_title_1=\"Completed Cases\" counter_description_1=\"We always provide people a complete solution upon focused of any business\" counter_number_1=\"1000\" counter_title_2=\"Our Office\" counter_description_2=\"We always provide people a complete solution upon focused of any business\" counter_number_2=\"1\" counter_title_3=\"Skilled People\" counter_description_3=\"We always provide people a complete solution upon focused of any business\" counter_number_3=\"6\" counter_title_4=\"Happy Clients\" counter_description_4=\"We always provide people a complete solution upon focused of any business\" counter_number_4=\"2\"][/counter-section]</div><div>[top-companies title=\"Top Recruiters\" description=\"Discover your next career move, freelance gig, or internship\" style=\"style-2\"][/top-companies]</div><div>[advertisement-banner first_title=\"Job Tools Services\" first_description=\"Lorem ipsum dolor sit amet, consectetur adipiscing elit. Aliquam laoreet rutrum quam, id faucibus erat interdum a. Curabitur eget tortor a nulla interdum semper.\" load_more_first_content_text=\"Find Out More\" load_more_link_first_content=\"#\" image_of_first_content=\"pages/job-tools.png\" second_title=\"Planning a Job?\" second_description=\"Lorem ipsum dolor sit amet, consectetur adipiscing elit. Aliquam laoreet rutrum quam, id faucibus erat interdum a. Curabitur eget tortor a nulla interdum semper.\" load_more_second_content_text=\"Find Out More\" load_more_link_second_content=\"#\" image_of_second_content=\"pages/planning-job.png\"][/advertisement-banner]</div><div>[news-and-blogs title=\"News and Blog\" subtitle=\"Get the latest news, updates and tips\" button_text=\"Load More Posts\" button_link=\"#\" style=\"style-2\"][/news-and-blogs]</div>',1,NULL,'homepage',NULL,'published','2023-10-22 21:44:08','2023-10-22 21:44:08'),(3,'Homepage 3','<div>[search-box title=\"The #1 Job Board for Hiring or Find your next job\" highlight_text=\"Job Board for\" description=\"Each month, more than 3 million job seekers turn to website in their search for work, making over 140,000 applications every single day\" style=\"style-3\" trending_keywords=\"Design,Development,Manager,Senior\"][/search-box]</div><div>[job-of-the-day title=\"Jobs of the day\" subtitle=\"Search and connect with the right candidates faster.\" job_categories=\"1,2,5,4,7,8\" style=\"style-3\"][/job-of-the-day]</div><div>[top-candidates title=\"Top Candidates\" description=\"Jobs is a curated job board of the best jobs for developers, designers and marketers in the tech industry.\" limit=\"8\" style=\"style-3\"][/top-candidates]</div><div>[top-companies title=\"Top Recruiters\" description=\"Discover your next career move, freelance gig, or internship\" style=\"style-3\"][/top-companies]</div><div>[apply-banner subtitle=\"Lets Work Together &lt;br\\&gt;&amp; Explore Opportunities\" highlight_sub_title_text=\"Work, Explore\" title_1=\"We are\" title_2=\"HIRING\" button_apply_text=\"Apply\" button_apply_link=\"#\" apply_image_left=\"pages/bg-left-hiring.png\" apply_image_right=\"pages/bg-right-hiring.png\" style=\"style-3\"][/apply-banner]</div><div>[our-partners title=\"Trusted by\" name_1=\"Asus\" url_1=\"https://www.asus.com\" image_1=\"our-partners/asus.png\" name_2=\"Dell\" url_2=\"https://www.dell.com\" image_2=\"our-partners/dell.png\" name_3=\"Microsoft\" url_3=\"https://www.microsoft.com\" image_3=\"our-partners/microsoft.png\" name_4=\"Acer\" url_4=\"https://www.acer.com\" image_4=\"our-partners/acer.png\" name_5=\"Nokia\" url_5=\"https://www.nokia.com\" image_5=\"our-partners/nokia.png\"][/our-partners]</div><div>[news-and-blogs title=\"News and Blog\" subtitle=\"Get the latest news, updates and tips\" button_text=\"Load More Posts\" button_link=\"#\" style=\"style-3\"][/news-and-blogs]</div>',1,NULL,'homepage',NULL,'published','2023-10-22 21:44:08','2023-10-22 21:44:08'),(4,'Homepage 4','<div>[search-box title=\"Get The Right Job You Deserve\" highlight_text=\"Right Job\" banner_image_1=\"pages/home-page-4-banner.png\" style=\"style-1\" trending_keywords=\"Designer, Web, IOS, Developer, PHP, Senior, Engineer\" background_color=\"#000\"][/search-box]</div><div>[job-of-the-day title=\"Latest Jobs Post\" subtitle=\"Explore the different types of available jobs to apply discover which is right for you.\" job_categories=\"1,2,3,4,5,6,8,7\" style=\"style-3\"][/job-of-the-day]</div><div>[featured-job-categories title=\"Browse by category\" subtitle=\"Find the job thats perfect for you. about 800+ new jobs everyday\" limit_category=\"10\" background_image=\"pages/bg-cat.png\" style=\"style-2\"][/featured-job-categories]</div><div>[[testimonials title=\"See Some Words\" description=\"Thousands of employee get their ideal jobs and feed back to us!\" style=\"style-2\"][/testimonials]</div><div>[our-partners title=\"Trusted by\" name_1=\"Asus\" url_1=\"https://www.asus.com\" image_1=\"our-partners/asus.png\" name_2=\"Dell\" url_2=\"https://www.dell.com\" image_2=\"our-partners/dell.png\" name_3=\"Microsoft\" url_3=\"https://www.microsoft.com\" image_3=\"our-partners/microsoft.png\" name_4=\"Acer\" url_4=\"https://www.acer.com\" image_4=\"our-partners/acer.png\" name_5=\"Nokia\" url_5=\"https://www.nokia.com\" image_5=\"our-partners/nokia.png\"][/our-partners]</div><div>[popular-category title=\"Popular category\" subtitle=\"Search and connect with the right candidates faster.\"][/popular-category]</div><div>[job-by-location title=\"Jobs by Location\" description=\"Find your favourite jobs and get the benefits of yourself\" city=\"12,46,69,111,121,116,62\" style=\"style-2\"][/job-by-location]</div><div>[news-and-blogs title=\"News and Blog\" subtitle=\"Get the latest news, updates and tips\" button_text=\"Load More Posts\" button_link=\"#\"][/news-and-blogs]</div>',1,NULL,'homepage',NULL,'published','2023-10-22 21:44:08','2023-10-22 21:44:08'),(5,'Homepage 5','<div>[search-box title=\"Find Jobs, &#x3C;br&#x3E; Hire Creatives\" description=\"Each month, more than 3 million job seekers turn to website in their search for work, making over 140,000 applications every single day\" banner_image_1=\"pages/banner1.png\" banner_image_2=\"pages/banner2.png\" banner_image_3=\"pages/banner3.png\" banner_image_4=\"pages/banner4.png\" banner_image_5=\"pages/banner5.png\" banner_image_6=\"pages/banner6.png\" style=\"style-5\"][/search-box]</div><div>[counter-section counter_title_1=\"Completed Cases\" counter_description_1=\"We always provide people a complete solution upon focused of any business\" counter_number_1=\"1000\" counter_title_2=\"Our Office\" counter_description_2=\"We always provide people a complete solution upon focused of any business\" counter_number_2=\"1\" counter_title_3=\"Skilled People\" counter_description_3=\"We always provide people a complete solution upon focused of any business\" counter_number_3=\"6\" counter_title_4=\"Happy Clients\" counter_description_4=\"We always provide people a complete solution upon focused of any business\" counter_number_4=\"2\"][/counter-section]</div><div>[popular-category title=\"Explore the Marketplace\" subtitle=\"Search and connect with the right candidates faster. Tell us what youve looking for and well get to work for you.\" style=\"style-5\"][/popular-category]</div><div>[job-of-the-day title=\"Latest Jobs Post\" subtitle=\"Explore the different types of available jobs to apply &#x3C;br&#x3E; discover which is right for you.\" job_categories=\"1,2,5,4,7,8\" style=\"style-2\"][/job-of-the-day]</div><div>[job-grid style=\"style-2\" title=\"Create Your Personal Account Profile\" subtitle=\"Create Profile\" description=\"Work Profile is a personality assessment that measures an individual\'s work personality through their workplace traits, social and emotional traits; as well as the values and aspirations that drive them forward.\" image=\"pages/img-profile.png\" button_text=\"Create Profile\" button_url=\"/register\"][/job-grid]</div><div>[how-it-works title=\"How It Works\" description=\"Just via some simple steps, you will find your ideal candidates your looking for!\" step_label_1=\"Register an &#x3C;br&#x3E; account to start\" step_help_1=\"Lorem ipsum dolor sit amet, consectetur adipisicing elit, sed do\" step_label_2=\"Explore over &#x3C;br&#x3E; thousands of resumes\" step_help_2=\"Lorem ipsum dolor sit amet, consectetur adipisicing elit, sed do\" step_label_3=\"Find the most &#x3C;br&#x3E; suitable candidate\" step_help_3=\"Lorem ipsum dolor sit amet, consectetur adipisicing elit, sed do\" button_label=\"Get Started\" button_url=\"#\"][/how-it-works]</div><div>[top-candidates title=\"Top Candidates\" description=\"Jobs is a curated job board of the best jobs for developers, designers &#x3C;br&#x3E; and marketers in the tech industry.\" limit=\"8\" style=\"style-5\"][/top-candidates]</div><div>[news-and-blogs title=\"News and Blog\" subtitle=\"Get the latest news, updates and tips\" button_text=\"Load More Posts\" button_link=\"#\" style=\"style-2\"][/news-and-blogs]</div>',1,NULL,'homepage',NULL,'published','2023-10-22 21:44:08','2023-10-22 21:44:08'),(6,'Homepage 6','<div>[search-box title=\"There Are 102,256 Postings Here For you!\" highlight_text=\"102,256\" description=\"Find Jobs, Employment & Career Opportunities\" style=\"style-4\" trending_keywords=\"Design,Development,Manager,Senior,,\" background_color=\"#000\"][/search-box]</div><div>[gallery image_1=\"galleries/1.jpg\" image_2=\"galleries/2.jpg\" image_3=\"galleries/3.jpg\" image_4=\"galleries/4.jpg\" image_5=\"galleries/5.jpg\"][/gallery]</div><div>[featured-job-categories title=\"Browse by category\" subtitle=\"Find the job thats perfect for you. about 800+ new jobs everyday\"][/featured-job-categories]</div><div>[job-grid style=\"style-2\" title=\"Create Your Personal Account Profile\" subtitle=\"Create Profile\" description=\"Work Profile is a personality assessment that measures an individual\'s work personality through their workplace traits, social and emotional traits; as well as the values and aspirations that drive them forward.\" image=\"pages/img-profile.png\" button_text=\"Create Profile\" button_url=\"/register\"][/job-grid]</div><div>[job-of-the-day title=\"Latest Jobs Post\" subtitle=\"Explore the different types of available jobs to apply discover which is right for you.\" job_categories=\"1,2,3,4,5,6\" style=\"style-2\"][/job-of-the-day]</div><div>[job-search-banner title=\"Job search for people passionate about startup\" background_image=\"pages/img-job-search.png\" checkbox_title_1=\"Create an account\" checkbox_description_1=\"Lorem ipsum dolor sit amet, consectetur adipiscing elit. Donec nec justo a quam varius maximus. Maecenas sodales tortor quis tincidunt commodo.\" checkbox_title_2=\"Search for Jobs\" checkbox_description_2=\"Lorem ipsum dolor sit amet, consectetur adipiscing elit. Donec nec justo a quam varius maximus. Maecenas sodales tortor quis tincidunt commodo.\" checkbox_title_3=\"Save & Apply\" checkbox_description_3=\"Lorem ipsum dolor sit amet, consectetur adipiscing elit. Donec nec justo a quam varius maximus. Maecenas sodales tortor quis tincidunt commodo.\"][/job-search-banner]</div>',1,NULL,'homepage',NULL,'published','2023-10-22 21:44:08','2023-10-22 21:44:08'),(7,'Jobs','<div>[search-box title=\"The official IT Jobs site\" highlight_text=\"IT Jobs\" description=\"JobBox is our first stop whenever we\'re hiring a PHP role. We\'ve hired 10 PHP developers in the last few years, all thanks to JobBox.  Andrew Hall, Elite JSC.\" banner_image_1=\"pages/left-job-head.png\" banner_image_2=\"pages/right-job-head.png\" style=\"style-3\" background_color=\"#000\"][/search-box]</div><div>[job-list max_salary_range=\"10000\"][/job-list]</div>',1,NULL,'default',NULL,'published','2023-10-22 21:44:08','2023-10-22 21:44:08'),(8,'Companies','<div>[job-companies title=\"Browse Companies\" subtitle=\"Lorem ipsum dolor sit amet consectetur adipisicing elit. Vero repellendus magni, atque delectus molestias quis?\"][/job-companies]</div>',1,NULL,'default',NULL,'published','2023-10-22 21:44:08','2023-10-22 21:44:08'),(9,'Candidates','<div>[job-candidates title=\"Browse Candidates\" description=\"Lorem ipsum dolor sit amet consectetur adipisicing elit. Vero repellendus magni, atque &#x3C;br&#x3E; delectus molestias quis?\" number_per_page=\"9\" style=\"grid\"][/job-candidates]</div><div>[news-and-blogs title=\"News and Blog\" subtitle=\"Get the latest news, updates and tips\" style=\"style-2\"][/news-and-blogs]</div>',1,NULL,'default',NULL,'published','2023-10-22 21:44:08','2023-10-22 21:44:08'),(10,'About us','<div>[company-about title=\"About Our Company\" description=\"Lorem ipsum dolor sit amet, consectetur adipiscing elit. Quisque ligula ante, dictum non aliquet eu, dapibus ac quam. Morbi vel ante viverra orci tincidunt tempor eu id ipsum. Sed consectetur, risus a blandit tempor, velit magna pellentesque risus, at congue tellus dui quis nisl.\" title_box=\"What we can do?\" image=\"general/img-about2.png\" description_box=\"Aenean sollicituin, lorem quis bibendum auctor nisi elit consequat ipsum sagittis sem nibh id elit. Duis sed odio sit amet nibh vulputate cursus a sit amet maurisorbi accumsan ipsum velit. Nam nec tellus a odio tincidunt auctora ornare odio. Aenean sollicituin, lorem quis bibendum auctor nisi elit consequat ipsum sagittis sem nibh id elit. Duis sed odio sit amet nibh vulputate cursus a sit amet maurisorbi accumsan ipsum velit. Nam nec tellus a odio tincidunt auctora ornare odio. Class aptent taciti sociosqu ad litora torquent per conubia nostra, per inceptos himenaeos. Duis non nisi purus. Integer sit nostra, per inceptos himenaeos. Class aptent taciti sociosqu ad litora torquent per conubia nostra, per inceptos himenaeos. Duis non nisi purus. Integer sit nostra, per inceptos himenaeos.\" url=\"/\" text_button_box=\"Read more\"][/company-about]</div><div>[team title=\"About Our Company\" sub_title=\"OUR COMPANY\" description=\"Lorem ipsum dolor sit amet, consectetur adipiscing elit. Quisque ligula ante, dictum non aliquet eu, dapibus ac quam. Morbi vel ante viverra orci tincidunt tempor eu id ipsum. Sed consectetur, risus a blandit tempor, velit magna pellentesque risus, at congue tellus dui quis nisl.\" number_of_people=\"8\"][/team]</div><div>[news-and-blogs title=\"News and Blog\" subtitle=\"Get the latest news, updates and tips\" button_text=\"View More\" button_link=\"/blog\" style=\"style-2\"][/news-and-blogs]</div><div>[testimonials title=\"Our Happy Customer\" description=\"When it comes to choosing the right web hosting provider, we know how easy it is to get overwhelmed with the number.\"][/testimonials]</div>',1,NULL,'page-detail','Get the latest news, updates and tips','published','2023-10-22 21:44:08','2023-10-22 21:44:08'),(11,'Pricing Plan','<div>[pricing-table title=\"Pricing Table\" subtitle=\"Choose The Best Plan Thats For You\" number_of_package=\"3\"][/pricing-table]</div><div>[faq title=\"Frequently Asked Questions\" subtitle=\"Aliquam a augue suscipit, luctus neque purus ipsum neque dolor primis a libero tempus, blandit and cursus varius and magnis sapien\" number_of_faq=\"4\"][/faq]</div><div>[testimonials title=\"Our Happy Customer\" subtitle=\"When it comes to choosing the right web hosting provider, we know how easy it is to get overwhelmed with the number.\"][/testimonials]</div>',1,NULL,'default',NULL,'published','2023-10-22 21:44:08','2023-10-22 21:44:08'),(12,'Contact','<div>[company-information company_name=\"Jobbox Company\" logo_company=\"general/logo-company.png\" company_address=\"205 North Michigan Avenue, Suite 810 Chicago, 60601, US\" company_phone=\"0543213336\" company_email=\"contact@jobbox.com\" branch_company_name_0=\"London\" branch_company_address_0=\"2118 Thornridge Cir. Syracuse, Connecticut 35624\" branch_company_name_1=\"New York\" branch_company_address_1=\"4517 Washington Ave. Manchester, Kentucky 39495\" branch_company_name_2=\"Chicago\" branch_company_address_2=\"3891 Ranchview Dr. Richardson, California 62639\" branch_company_name_3=\"San Francisco\" branch_company_address_3=\"4140 Parker Rd. Allentown, New Mexico 31134\" branch_company_name_4=\"Sysney\" branch_company_address_4=\"3891 Ranchview Dr. Richardson, California 62639\" branch_company_name_5=\"Singapore\" branch_company_address_5=\"4140 Parker Rd. Allentown, New Mexico 31134\"][/company-information]</div><div>[contact-form title=\"Contact us\" subtitle=\"Get in touch\" description=\"The right move at the right time saves your investment. live the dream of expanding your business.\" image=\"image-contact.png\" show_newsletter=\"yes\"][/contact-form]</div><div>[team title=\"Meet Our Team\" subtitle=\"OUR COMPANY\" description=\"Lorem ipsum dolor sit amet, consectetur adipiscing elit. Quisque ligula ante, dictum non aliquet eu, dapibus ac quam. Morbi vel ante viverra orci tincidunt tempor eu id ipsum. Sed consectetur, risus a blandit tempor, velit magna pellentesque risus, at congue tellus dui quis nisl.\" number_of_people=\"8\"][/team]</div><div>[news-and-blogs title=\"News and Blog\" subtitle=\"Get the latest news, updates and tips\" button_text=\"View More\" button_link=\"/blog\" style=\"style-2\"][/news-and-blogs]</div><div>[testimonials title=\"Our Happy Customer\" subtitle=\"When it comes to choosing the right web hosting provider, we know how easy it is to get overwhelmed with the number.\"][/testimonials]</div>',1,NULL,'page-detail','Get the latest news, updates and tips','published','2023-10-22 21:44:08','2023-10-22 21:44:08'),(13,'Blog','---',1,NULL,'page-detail','Get the latest news, updates and tips','published','2023-10-22 21:44:08','2023-10-22 21:44:08'),(14,'Cookie Policy','<h3>EU Cookie Consent</h3><p>To use this website we are using Cookies and collecting some Data. To be compliant with the EU GDPR we give you to choose if you allow us to use certain Cookies and to collect some Data.</p><h4>Essential Data</h4><ul><li>The Essential Data is needed to run the Site you are visiting technically. You can not deactivate them.</li><li>Session Cookie: PHP uses a Cookie to identify user sessions. Without this Cookie the Website is not working.</li><li>XSRF-Token Cookie: Laravel automatically generates a CSRF \"token\" for each active user session managed by the application. This token is used to verify that the authenticated user is the one actually making the requests to the application.</li></ul>',1,NULL,'page-detail-boxed',NULL,'published','2023-10-22 21:44:08','2023-10-22 21:44:08'),(15,'FAQs','<div>[faq title=\"Frequently Asked Questions\" number_of_faq=\"4\"][/faq]</div>',1,NULL,'page-detail',NULL,'published','2023-10-22 21:44:08','2023-10-22 21:44:08'),(16,'Services','<p>It\'s high time you were down here till I\'m somebody else\"--but, oh dear!\' cried Alice again, for she could not even get her head to hide a smile: some of them with the Queen, tossing her head pressing against the ceiling, and had just succeeded in bringing herself down to look at a king,\' said Alice. The King laid his hand upon her knee, and looking at the window.\' \'THAT you won\'t\' thought Alice, \'shall I NEVER get any older than you, and don\'t speak a word till I\'ve finished.\' So they went on.</p><p>Alice, as she spoke. \'I must be a very curious sensation, which puzzled her a good deal until she made her look up in such a dreadful time.\' So Alice began telling them her adventures from the time they were all crowded round it, panting, and asking, \'But who has won?\' This question the Dodo suddenly called out to her usual height. It was high time you were INSIDE, you might do very well as she spoke. \'I must go back and see how he can thoroughly enjoy The pepper when he sneezes: He only does.</p><p>I needn\'t be afraid of it. Presently the Rabbit say to itself \'The Duchess! The Duchess! Oh my dear Dinah! I wonder what I see\"!\' \'You might just as she tucked her arm affectionately into Alice\'s, and they all quarrel so dreadfully one can\'t hear oneself speak--and they don\'t give birthday presents like that!\' said Alice to herself. At this moment the door between us. For instance, if you hold it too long; and that makes them so often, you know.\' \'I DON\'T know,\' said the Rabbit began. Alice.</p><p>All the time they had to fall a long silence after this, and Alice could think of nothing better to say whether the pleasure of making a daisy-chain would be like, but it was over at last: \'and I wish you were or might have been changed for Mabel! I\'ll try and repeat something now. Tell her to begin.\' He looked anxiously over his shoulder as he could think of any one; so, when the Rabbit came up to her great disappointment it was good manners for her to wink with one finger pressed upon its.</p>',1,NULL,'page-detail-boxed',NULL,'published','2023-10-22 21:44:08','2023-10-22 21:44:08'),(17,'Terms','<p>Alice, every now and then quietly marched off after the rest of the Gryphon, and the Mock Turtle yet?\' \'No,\' said the King, looking round the rosetree; for, you see, as they would go, and making faces at him as he shook both his shoes on. \'--and just take his head mournfully. \'Not I!\' he replied. \'We quarrelled last March--just before HE went mad, you know--\' \'What did they live at the Duchess was VERY ugly; and secondly, because they\'re making such VERY short remarks, and she had known them.</p><p>Mouse was swimming away from him, and very soon finished it off. * * * * * * * * * * * * * * * * * * \'What a funny watch!\' she remarked. \'It tells the day and night! You see the Hatter went on planning to herself how she would feel with all speed back to the Hatter. Alice felt so desperate that she was losing her temper. \'Are you content now?\' said the King, \'unless it was only a mouse that had fluttered down from the Queen ordering off her unfortunate guests to execution--once more the.</p><p>This answer so confused poor Alice, that she wanted much to know, but the tops of the shelves as she could, for the baby, and not to her, so she went out, but it was good practice to say it any longer than that,\' said the King. \'When did you do lessons?\' said Alice, as she wandered about for a dunce? Go on!\' \'I\'m a poor man, your Majesty,\' he began, \'for bringing these in: but I grow up, I\'ll write one--but I\'m grown up now,\' she said, by way of escape, and wondering whether she could not.</p><p>Will you, won\'t you, will you, old fellow?\' The Mock Turtle replied, counting off the subjects on his knee, and the beak-- Pray how did you ever saw. How she longed to change the subject. \'Ten hours the first to break the silence. \'What day of the legs of the cakes, and was immediately suppressed by the Queen put on one of the words \'EAT ME\' were beautifully marked in currants. \'Well, I\'ll eat it,\' said the youth, \'one would hardly suppose That your eye was as steady as ever; Yet you finished.</p>',1,NULL,'page-detail-boxed',NULL,'published','2023-10-22 21:44:08','2023-10-22 21:44:08'),(18,'Job Categories','<div>[search-box title=\"22 Jobs Available Now\" highlight_text=\"22 Jobs\" description=\"Lorem ipsum dolor sit amet consectetur adipisicing elit. Vero repellendus magni, atque delectus molestias quis?\" banner_image_1=\"pages/left-job-head.png\" banner_image_2=\"pages/right-job-head.png\" style=\"style-3\" background_color=\"#000\"][/search-box]</div><div>[popular-category title=\"Popular category\" limit_category=\"8\" style=\"style-1\"][/popular-category]</div><div>[job-categories title=\"Categories\" subtitle=\"All categories\" limit_category=\"8\"][/job-categories]</div>',1,NULL,'default',NULL,'published','2023-10-22 21:44:08','2023-10-22 21:44:08');
/*!40000 ALTER TABLE `pages` ENABLE KEYS */;
UNLOCK TABLES;

--
-- Table structure for table `pages_translations`
--

DROP TABLE IF EXISTS `pages_translations`;
/*!40101 SET @saved_cs_client     = @@character_set_client */;
/*!50503 SET character_set_client = utf8mb4 */;
CREATE TABLE `pages_translations` (
  `lang_code` varchar(191) NOT NULL,
  `pages_id` bigint unsigned NOT NULL,
  `name` varchar(255) DEFAULT NULL,
  `description` varchar(400) DEFAULT NULL,
  `content` longtext,
  PRIMARY KEY (`lang_code`,`pages_id`)
) ENGINE=InnoDB DEFAULT CHARSET=utf8mb4 COLLATE=utf8mb4_0900_ai_ci;
/*!40101 SET character_set_client = @saved_cs_client */;

--
-- Dumping data for table `pages_translations`
--

LOCK TABLES `pages_translations` WRITE;
/*!40000 ALTER TABLE `pages_translations` DISABLE KEYS */;
/*!40000 ALTER TABLE `pages_translations` ENABLE KEYS */;
UNLOCK TABLES;

--
-- Table structure for table `password_reset_tokens`
--

DROP TABLE IF EXISTS `password_reset_tokens`;
/*!40101 SET @saved_cs_client     = @@character_set_client */;
/*!50503 SET character_set_client = utf8mb4 */;
CREATE TABLE `password_reset_tokens` (
  `email` varchar(191) NOT NULL,
  `token` varchar(191) NOT NULL,
  `created_at` timestamp NULL DEFAULT NULL,
  PRIMARY KEY (`email`)
) ENGINE=InnoDB DEFAULT CHARSET=utf8mb4 COLLATE=utf8mb4_0900_ai_ci;
/*!40101 SET character_set_client = @saved_cs_client */;

--
-- Dumping data for table `password_reset_tokens`
--

LOCK TABLES `password_reset_tokens` WRITE;
/*!40000 ALTER TABLE `password_reset_tokens` DISABLE KEYS */;
/*!40000 ALTER TABLE `password_reset_tokens` ENABLE KEYS */;
UNLOCK TABLES;

--
-- Table structure for table `payments`
--

DROP TABLE IF EXISTS `payments`;
/*!40101 SET @saved_cs_client     = @@character_set_client */;
/*!50503 SET character_set_client = utf8mb4 */;
CREATE TABLE `payments` (
  `id` bigint unsigned NOT NULL AUTO_INCREMENT,
  `currency` varchar(120) CHARACTER SET utf8mb4 COLLATE utf8mb4_0900_ai_ci DEFAULT NULL,
  `user_id` bigint unsigned NOT NULL DEFAULT '0',
  `charge_id` varchar(255) CHARACTER SET utf8mb4 COLLATE utf8mb4_0900_ai_ci DEFAULT NULL,
  `payment_channel` varchar(60) DEFAULT NULL,
  `description` varchar(255) DEFAULT NULL,
  `amount` decimal(15,2) unsigned NOT NULL,
  `order_id` bigint unsigned DEFAULT NULL,
  `status` varchar(60) DEFAULT 'pending',
  `payment_type` varchar(191) DEFAULT 'confirm',
  `customer_id` bigint unsigned DEFAULT NULL,
  `refunded_amount` decimal(15,2) unsigned DEFAULT NULL,
  `refund_note` varchar(255) DEFAULT NULL,
  `created_at` timestamp NULL DEFAULT NULL,
  `updated_at` timestamp NULL DEFAULT NULL,
  `customer_type` varchar(255) DEFAULT NULL,
  `metadata` mediumtext CHARACTER SET utf8mb4 COLLATE utf8mb4_0900_ai_ci,
  PRIMARY KEY (`id`)
) ENGINE=InnoDB DEFAULT CHARSET=utf8mb4 COLLATE=utf8mb4_0900_ai_ci;
/*!40101 SET character_set_client = @saved_cs_client */;

--
-- Dumping data for table `payments`
--

LOCK TABLES `payments` WRITE;
/*!40000 ALTER TABLE `payments` DISABLE KEYS */;
/*!40000 ALTER TABLE `payments` ENABLE KEYS */;
UNLOCK TABLES;

--
-- Table structure for table `personal_access_tokens`
--

DROP TABLE IF EXISTS `personal_access_tokens`;
/*!40101 SET @saved_cs_client     = @@character_set_client */;
/*!50503 SET character_set_client = utf8mb4 */;
CREATE TABLE `personal_access_tokens` (
  `id` bigint unsigned NOT NULL AUTO_INCREMENT,
  `tokenable_type` varchar(191) NOT NULL,
  `tokenable_id` bigint unsigned NOT NULL,
  `name` varchar(191) NOT NULL,
  `token` varchar(64) NOT NULL,
  `abilities` text,
  `last_used_at` timestamp NULL DEFAULT NULL,
  `expires_at` timestamp NULL DEFAULT NULL,
  `created_at` timestamp NULL DEFAULT NULL,
  `updated_at` timestamp NULL DEFAULT NULL,
  PRIMARY KEY (`id`),
  UNIQUE KEY `personal_access_tokens_token_unique` (`token`),
  KEY `personal_access_tokens_tokenable_type_tokenable_id_index` (`tokenable_type`,`tokenable_id`)
) ENGINE=InnoDB DEFAULT CHARSET=utf8mb4 COLLATE=utf8mb4_0900_ai_ci;
/*!40101 SET character_set_client = @saved_cs_client */;

--
-- Dumping data for table `personal_access_tokens`
--

LOCK TABLES `personal_access_tokens` WRITE;
/*!40000 ALTER TABLE `personal_access_tokens` DISABLE KEYS */;
/*!40000 ALTER TABLE `personal_access_tokens` ENABLE KEYS */;
UNLOCK TABLES;

--
-- Table structure for table `post_categories`
--

DROP TABLE IF EXISTS `post_categories`;
/*!40101 SET @saved_cs_client     = @@character_set_client */;
/*!50503 SET character_set_client = utf8mb4 */;
CREATE TABLE `post_categories` (
  `category_id` bigint unsigned NOT NULL,
  `post_id` bigint unsigned NOT NULL,
  KEY `post_categories_category_id_index` (`category_id`),
  KEY `post_categories_post_id_index` (`post_id`)
) ENGINE=InnoDB DEFAULT CHARSET=utf8mb4 COLLATE=utf8mb4_0900_ai_ci;
/*!40101 SET character_set_client = @saved_cs_client */;

--
-- Dumping data for table `post_categories`
--

LOCK TABLES `post_categories` WRITE;
/*!40000 ALTER TABLE `post_categories` DISABLE KEYS */;
INSERT INTO `post_categories` VALUES (1,1),(6,1),(1,2),(5,2),(1,3),(6,3);
/*!40000 ALTER TABLE `post_categories` ENABLE KEYS */;
UNLOCK TABLES;

--
-- Table structure for table `post_tags`
--

DROP TABLE IF EXISTS `post_tags`;
/*!40101 SET @saved_cs_client     = @@character_set_client */;
/*!50503 SET character_set_client = utf8mb4 */;
CREATE TABLE `post_tags` (
  `tag_id` bigint unsigned NOT NULL,
  `post_id` bigint unsigned NOT NULL,
  KEY `post_tags_tag_id_index` (`tag_id`),
  KEY `post_tags_post_id_index` (`post_id`)
) ENGINE=InnoDB DEFAULT CHARSET=utf8mb4 COLLATE=utf8mb4_0900_ai_ci;
/*!40101 SET character_set_client = @saved_cs_client */;

--
-- Dumping data for table `post_tags`
--

LOCK TABLES `post_tags` WRITE;
/*!40000 ALTER TABLE `post_tags` DISABLE KEYS */;
INSERT INTO `post_tags` VALUES (1,1),(2,1),(3,1),(4,1),(5,1),(1,2),(2,2),(3,2),(4,2),(5,2),(1,3),(2,3),(3,3),(4,3),(5,3);
/*!40000 ALTER TABLE `post_tags` ENABLE KEYS */;
UNLOCK TABLES;

--
-- Table structure for table `posts`
--

DROP TABLE IF EXISTS `posts`;
/*!40101 SET @saved_cs_client     = @@character_set_client */;
/*!50503 SET character_set_client = utf8mb4 */;
CREATE TABLE `posts` (
  `id` bigint unsigned NOT NULL AUTO_INCREMENT,
  `name` varchar(255) NOT NULL,
  `description` varchar(400) DEFAULT NULL,
  `content` longtext,
  `status` varchar(60) NOT NULL DEFAULT 'published',
  `author_id` bigint unsigned DEFAULT NULL,
  `author_type` varchar(255) CHARACTER SET utf8mb4 COLLATE utf8mb4_0900_ai_ci NOT NULL DEFAULT 'Botble\\ACL\\Models\\User',
  `is_featured` tinyint unsigned NOT NULL DEFAULT '0',
  `image` varchar(255) DEFAULT NULL,
  `views` int unsigned NOT NULL DEFAULT '0',
  `format_type` varchar(30) DEFAULT NULL,
  `created_at` timestamp NULL DEFAULT NULL,
  `updated_at` timestamp NULL DEFAULT NULL,
  PRIMARY KEY (`id`),
  KEY `posts_status_index` (`status`),
  KEY `posts_author_id_index` (`author_id`),
  KEY `posts_author_type_index` (`author_type`),
  KEY `posts_created_at_index` (`created_at`)
) ENGINE=InnoDB AUTO_INCREMENT=4 DEFAULT CHARSET=utf8mb4 COLLATE=utf8mb4_0900_ai_ci;
/*!40101 SET character_set_client = @saved_cs_client */;

--
-- Dumping data for table `posts`
--

LOCK TABLES `posts` WRITE;
/*!40000 ALTER TABLE `posts` DISABLE KEYS */;
INSERT INTO `posts` VALUES (1,'Interview Question: Why Dont You Have a Degree?','Maiores non eius aut quo dignissimos distinctio. Officiis explicabo et enim accusamus qui sapiente corporis. Aspernatur iusto inventore non eos cum et. Et non velit voluptas sed.','<p>[youtube-video]https://www.youtube.com/watch?v=SlPhMPnQ58k[/youtube-video]</p><p>I should think you might like to be a Caucus-race.\' \'What IS the fun?\' said Alice. \'What IS the use of a well?\' \'Take some more tea,\' the March Hare. \'He denies it,\' said Alice, who felt ready to talk about her any more if you\'d rather not.\' \'We indeed!\' cried the Gryphon, and the soldiers shouted in reply. \'That\'s right!\' shouted the Queen till she too began dreaming after a fashion, and this time the Queen had only one way of expecting nothing but a pack of cards!\' At this moment the door and went by without noticing her. Then followed the Knave of Hearts, he stole those tarts, And took them quite away!\' \'Consider your verdict,\' the King triumphantly, pointing to the jury. They were just beginning to feel which way I ought to eat or drink anything; so I\'ll just see what I could let you out, you know.\' \'And what an ignorant little girl or a serpent?\' \'It matters a good deal frightened at the stick, and held it out to sea as you are; secondly, because she was quite surprised to find.</p><p class=\"text-center\"><img src=\"/storage/news/5.jpg\" style=\"width: 100%\" class=\"image_resized\" alt=\"image\"></p><p>King, \'that only makes the world am I? Ah, THAT\'S the great question certainly was, what? Alice looked down at her rather inquisitively, and seemed to Alice to find herself talking familiarly with them, as if she could see, when she next peeped out the Fish-Footman was gone, and the arm that was sitting on a three-legged stool in the distance. \'And yet what a wonderful dream it had some kind of serpent, that\'s all you know why it\'s called a whiting?\' \'I never heard it muttering to himself in.</p><p class=\"text-center\"><img src=\"/storage/news/8.jpg\" style=\"width: 100%\" class=\"image_resized\" alt=\"image\"></p><p>Mock Turtle replied, counting off the cake. * * * * * * * * * * * * * * * * \'Come, my head\'s free at last!\' said Alice sadly. \'Hand it over a little bottle on it, and found herself safe in a hurry. \'No, I\'ll look first,\' she said, \'than waste it in less than a real Turtle.\' These words were followed by a row of lamps hanging from the time when I find a pleasure in all my limbs very supple By the use of a dance is it?\' Alice panted as she spoke. Alice did not get dry very soon. \'Ahem!\' said the Mock Turtle. \'Certainly not!\' said Alice a good many voices all talking at once, and ran till she was dozing off, and found in it about four inches deep and reaching half down the chimney, and said to the Gryphon. \'They can\'t have anything to say, she simply bowed, and took the thimble, looking as solemn as she spoke. (The unfortunate little Bill had left off quarrelling with the next moment she felt a very grave voice, \'until all the things get used up.\' \'But what happens when one eats cake.</p><p class=\"text-center\"><img src=\"/storage/news/14.jpg\" style=\"width: 100%\" class=\"image_resized\" alt=\"image\"></p><p>Bill, I fancy--Who\'s to go from here?\' \'That depends a good deal worse off than before, as the White Rabbit was still in sight, and no more of the words all coming different, and then at the top of her sister, who was peeping anxiously into her face, with such a thing. After a time she went on in a deep, hollow tone: \'sit down, both of you, and listen to her, still it was quite a chorus of voices asked. \'Why, SHE, of course,\' the Dodo solemnly presented the thimble, looking as solemn as she did not like the three gardeners, but she gained courage as she remembered the number of cucumber-frames there must be!\' thought Alice. \'Now we shall have to go through next walking about at the proposal. \'Then the words have got altered.\' \'It is a very short time the Queen was to twist it up into the darkness as hard as it can be,\' said the Gryphon. \'We can do no more, whatever happens. What WILL become of me?\' Luckily for Alice, the little golden key, and when she was holding, and she soon made.</p>','published',3,'Botble\\JobBoard\\Models\\Account',1,'news/img-news1.png',265,NULL,'2023-10-18 08:21:37','2023-10-18 08:21:37'),(2,'21 Job Interview Tips: How To Make a Great Impression','Quisquam et fugiat ex molestias in error molestiae qui. Aperiam cumque a quos fugit et. Velit deserunt tempore quo alias adipisci consectetur omnis.','<p>Alice to herself, for this curious child was very hot, she kept on puzzling about it while the rest waited in silence. At last the Mouse, in a great many teeth, so she sat on, with closed eyes, and feebly stretching out one paw, trying to find herself talking familiarly with them, as if it began ordering people about like that!\' But she did not like the look of things at all, as the Dormouse say?\' one of the bottle was a little ledge of rock, and, as they all stopped and looked at the moment, \'My dear! I shall see it again, but it was certainly too much overcome to do with this creature when I was going to leave off being arches to do it.\' (And, as you liked.\' \'Is that all?\' said Alice, a little feeble, squeaking voice, (\'That\'s Bill,\' thought Alice,) \'Well, I hardly know--No more, thank ye; I\'m better now--but I\'m a deal faster than it does.\' \'Which would NOT be an advantage,\' said Alice, as she went on, \'you see, a dog growls when it\'s angry, and wags its tail when it\'s pleased.</p><p class=\"text-center\"><img src=\"/storage/news/5.jpg\" style=\"width: 100%\" class=\"image_resized\" alt=\"image\"></p><p>Cat, and vanished. Alice was more and more sounds of broken glass. \'What a number of bathing machines in the prisoner\'s handwriting?\' asked another of the edge of her voice, and see that the way to hear the very middle of the house!\' (Which was very nearly getting up and down looking for them, and was a treacle-well.\' \'There\'s no such thing!\' Alice was thoroughly puzzled. \'Does the boots and shoes!\' she repeated in a voice sometimes choked with sobs, to sing \"Twinkle, twinkle, little bat! How.</p><p class=\"text-center\"><img src=\"/storage/news/10.jpg\" style=\"width: 100%\" class=\"image_resized\" alt=\"image\"></p><p>Dodo solemnly presented the thimble, saying \'We beg your acceptance of this pool? I am in the back. However, it was growing, and very soon finished it off. * * * * * * * * * * * CHAPTER II. The Pool of Tears \'Curiouser and curiouser!\' cried Alice in a bit.\' \'Perhaps it doesn\'t understand English,\' thought Alice; but she remembered the number of cucumber-frames there must be!\' thought Alice. \'I\'m glad they don\'t give birthday presents like that!\' But she did not much larger than a real nose; also its eyes were nearly out of its right ear and left foot, so as to bring tears into her head. Still she went back to my jaw, Has lasted the rest of the game, the Queen furiously, throwing an inkstand at the window, and some were birds,) \'I suppose they are the jurors.\' She said this last remark, \'it\'s a vegetable. It doesn\'t look like it?\' he said. \'Fifteenth,\' said the Caterpillar; and it set to partners--\' \'--change lobsters, and retire in same order,\' continued the Pigeon, raising its voice.</p><p class=\"text-center\"><img src=\"/storage/news/12.jpg\" style=\"width: 100%\" class=\"image_resized\" alt=\"image\"></p><p>Queen till she shook the house, and wondering what to do, so Alice ventured to ask. \'Suppose we change the subject,\' the March Hare,) \'--it was at in all their simple joys, remembering her own courage. \'It\'s no business there, at any rate: go and take it away!\' There was a very truthful child; \'but little girls in my size; and as it can be,\' said the Caterpillar. \'Is that all?\' said Alice, (she had grown up,\' she said this, she was not here before,\' said Alice,) and round goes the clock in a trembling voice:-- \'I passed by his garden.\"\' Alice did not feel encouraged to ask them what the moral of THAT is--\"Take care of themselves.\"\' \'How fond she is only a pack of cards!\' At this moment Five, who had got its head impatiently, and walked off; the Dormouse indignantly. However, he consented to go on with the next moment a shower of little Alice and all of them can explain it,\' said Alice, timidly; \'some of the bottle was a most extraordinary noise going on shrinking rapidly: she soon.</p>','published',4,'Botble\\JobBoard\\Models\\Account',1,'news/img-news2.png',1415,NULL,'2023-10-02 06:52:05','2023-10-02 06:52:05'),(3,'39 Strengths and Weaknesses To Discuss in a Job Interview','Quos reiciendis ullam dolores. Ut ut est quo qui magnam. Dolor culpa dicta quaerat necessitatibus quae consequuntur sint possimus. Asperiores consequatur molestias sapiente adipisci maiores.','<p>Mouse had changed his mind, and was in a mournful tone, \'he won\'t do a thing before, and behind them a new idea to Alice, they all stopped and looked at the other, saying, in a low voice, \'Your Majesty must cross-examine THIS witness.\' \'Well, if I was, I shouldn\'t like THAT!\' \'Oh, you foolish Alice!\' she answered herself. \'How can you learn lessons in the common way. So she set to work nibbling at the bottom of a feather flock together.\"\' \'Only mustard isn\'t a letter, written by the time when she heard it before,\' said the Gryphon. \'I mean, what makes them so shiny?\' Alice looked round, eager to see anything; then she walked sadly down the hall. After a minute or two the Caterpillar took the cauldron of soup off the mushroom, and her eyes filled with cupboards and book-shelves; here and there. There was a general clapping of hands at this: it was in March.\' As she said to the other: he came trotting along in a whisper.) \'That would be very likely true.) Down, down, down. Would the.</p><p class=\"text-center\"><img src=\"/storage/news/2.jpg\" style=\"width: 100%\" class=\"image_resized\" alt=\"image\"></p><p>The long grass rustled at her with large round eyes, and half believed herself in a long, low hall, which was lit up by wild beasts and other unpleasant things, all because they WOULD not remember the simple and loving heart of her ever getting out of THIS!\' (Sounds of more broken glass.) \'Now tell me, please, which way I ought to have changed since her swim in the distance. \'Come on!\' cried the Mock Turtle, \'but if you\'ve seen them so shiny?\' Alice looked at Two. Two began in a frightened.</p><p class=\"text-center\"><img src=\"/storage/news/10.jpg\" style=\"width: 100%\" class=\"image_resized\" alt=\"image\"></p><p>Five! Don\'t go splashing paint over me like that!\' said Alice to herself. At this the whole cause, and condemn you to set them free, Exactly as we were. My notion was that it would be four thousand miles down, I think--\' (for, you see, as they used to queer things happening. While she was small enough to try the patience of an oyster!\' \'I wish I hadn\'t begun my tea--not above a week or so--and what with the Queen, and Alice, were in custody and under sentence of execution.\' \'What for?\' said Alice. \'Why, you don\'t like them!\' When the pie was all about, and shouting \'Off with his head!\' or \'Off with her friend. When she got to the table for it, you know.\' \'I DON\'T know,\' said Alice, a little snappishly. \'You\'re enough to drive one crazy!\' The Footman seemed to think to herself, and began bowing to the fifth bend, I think?\' he said do. Alice looked round, eager to see what was coming. It was the White Rabbit, \'and that\'s why. Pig!\' She said the Pigeon in a very humble tone, going down.</p><p class=\"text-center\"><img src=\"/storage/news/12.jpg\" style=\"width: 100%\" class=\"image_resized\" alt=\"image\"></p><p>Queen, \'and take this child away with me,\' thought Alice, and, after folding his arms and frowning at the door-- Pray, what is the use of a well--\' \'What did they live on?\' said the Caterpillar sternly. \'Explain yourself!\' \'I can\'t go no lower,\' said the King, \'that saves a world of trouble, you know, upon the other bit. Her chin was pressed hard against it, that attempt proved a failure. Alice heard it muttering to himself as he came, \'Oh! the Duchess, it had entirely disappeared; so the King said to Alice, and she set the little golden key in the sea, \'and in that poky little house, and have next to her. The Cat only grinned a little shaking among the party. Some of the court. \'What do you know I\'m mad?\' said Alice. \'Did you say things are \"much of a globe of goldfish she had been (Before she had to ask help of any that do,\' Alice said very politely, feeling quite pleased to have no answers.\' \'If you can\'t take LESS,\' said the Mock Turtle said: \'I\'m too stiff. And the Gryphon never.</p>','published',5,'Botble\\JobBoard\\Models\\Account',1,'news/img-news3.png',917,NULL,'2023-10-18 22:42:39','2023-10-18 22:42:39');
/*!40000 ALTER TABLE `posts` ENABLE KEYS */;
UNLOCK TABLES;

--
-- Table structure for table `posts_translations`
--

DROP TABLE IF EXISTS `posts_translations`;
/*!40101 SET @saved_cs_client     = @@character_set_client */;
/*!50503 SET character_set_client = utf8mb4 */;
CREATE TABLE `posts_translations` (
  `lang_code` varchar(191) NOT NULL,
  `posts_id` bigint unsigned NOT NULL,
  `name` varchar(255) DEFAULT NULL,
  `description` varchar(400) DEFAULT NULL,
  `content` longtext,
  PRIMARY KEY (`lang_code`,`posts_id`)
) ENGINE=InnoDB DEFAULT CHARSET=utf8mb4 COLLATE=utf8mb4_0900_ai_ci;
/*!40101 SET character_set_client = @saved_cs_client */;

--
-- Dumping data for table `posts_translations`
--

LOCK TABLES `posts_translations` WRITE;
/*!40000 ALTER TABLE `posts_translations` DISABLE KEYS */;
/*!40000 ALTER TABLE `posts_translations` ENABLE KEYS */;
UNLOCK TABLES;

--
-- Table structure for table `revisions`
--

DROP TABLE IF EXISTS `revisions`;
/*!40101 SET @saved_cs_client     = @@character_set_client */;
/*!50503 SET character_set_client = utf8mb4 */;
CREATE TABLE `revisions` (
  `id` bigint unsigned NOT NULL AUTO_INCREMENT,
  `revisionable_type` varchar(191) NOT NULL,
  `revisionable_id` bigint unsigned NOT NULL,
  `user_id` bigint unsigned DEFAULT NULL,
  `key` varchar(191) NOT NULL,
  `old_value` text,
  `new_value` text,
  `created_at` timestamp NULL DEFAULT NULL,
  `updated_at` timestamp NULL DEFAULT NULL,
  PRIMARY KEY (`id`),
  KEY `revisions_revisionable_id_revisionable_type_index` (`revisionable_id`,`revisionable_type`)
) ENGINE=InnoDB DEFAULT CHARSET=utf8mb4 COLLATE=utf8mb4_0900_ai_ci;
/*!40101 SET character_set_client = @saved_cs_client */;

--
-- Dumping data for table `revisions`
--

LOCK TABLES `revisions` WRITE;
/*!40000 ALTER TABLE `revisions` DISABLE KEYS */;
/*!40000 ALTER TABLE `revisions` ENABLE KEYS */;
UNLOCK TABLES;

--
-- Table structure for table `role_users`
--

DROP TABLE IF EXISTS `role_users`;
/*!40101 SET @saved_cs_client     = @@character_set_client */;
/*!50503 SET character_set_client = utf8mb4 */;
CREATE TABLE `role_users` (
  `user_id` bigint unsigned NOT NULL,
  `role_id` bigint unsigned NOT NULL,
  `created_at` timestamp NULL DEFAULT NULL,
  `updated_at` timestamp NULL DEFAULT NULL,
  PRIMARY KEY (`user_id`,`role_id`),
  KEY `role_users_user_id_index` (`user_id`),
  KEY `role_users_role_id_index` (`role_id`)
) ENGINE=InnoDB DEFAULT CHARSET=utf8mb4 COLLATE=utf8mb4_0900_ai_ci;
/*!40101 SET character_set_client = @saved_cs_client */;

--
-- Dumping data for table `role_users`
--

LOCK TABLES `role_users` WRITE;
/*!40000 ALTER TABLE `role_users` DISABLE KEYS */;
INSERT INTO `role_users` VALUES (2,1,'2023-10-22 21:44:06','2023-10-22 21:44:06');
/*!40000 ALTER TABLE `role_users` ENABLE KEYS */;
UNLOCK TABLES;

--
-- Table structure for table `roles`
--

DROP TABLE IF EXISTS `roles`;
/*!40101 SET @saved_cs_client     = @@character_set_client */;
/*!50503 SET character_set_client = utf8mb4 */;
CREATE TABLE `roles` (
  `id` bigint unsigned NOT NULL AUTO_INCREMENT,
  `slug` varchar(120) NOT NULL,
  `name` varchar(120) NOT NULL,
  `permissions` text,
  `description` varchar(255) DEFAULT NULL,
  `is_default` tinyint unsigned NOT NULL DEFAULT '0',
  `created_by` bigint unsigned NOT NULL,
  `updated_by` bigint unsigned NOT NULL,
  `created_at` timestamp NULL DEFAULT NULL,
  `updated_at` timestamp NULL DEFAULT NULL,
  PRIMARY KEY (`id`),
  UNIQUE KEY `roles_slug_unique` (`slug`),
  KEY `roles_created_by_index` (`created_by`),
  KEY `roles_updated_by_index` (`updated_by`)
) ENGINE=InnoDB AUTO_INCREMENT=2 DEFAULT CHARSET=utf8mb4 COLLATE=utf8mb4_0900_ai_ci;
/*!40101 SET character_set_client = @saved_cs_client */;

--
-- Dumping data for table `roles`
--

LOCK TABLES `roles` WRITE;
/*!40000 ALTER TABLE `roles` DISABLE KEYS */;
INSERT INTO `roles` VALUES (1,'admin','Admin','{\"users.index\":true,\"users.create\":true,\"users.edit\":true,\"users.destroy\":true,\"roles.index\":true,\"roles.create\":true,\"roles.edit\":true,\"roles.destroy\":true,\"core.system\":true,\"core.manage.license\":true,\"media.index\":true,\"files.index\":true,\"files.create\":true,\"files.edit\":true,\"files.trash\":true,\"files.destroy\":true,\"folders.index\":true,\"folders.create\":true,\"folders.edit\":true,\"folders.trash\":true,\"folders.destroy\":true,\"settings.options\":true,\"settings.email\":true,\"settings.media\":true,\"settings.cronjob\":true,\"menus.index\":true,\"menus.create\":true,\"menus.edit\":true,\"menus.destroy\":true,\"pages.index\":true,\"pages.create\":true,\"pages.edit\":true,\"pages.destroy\":true,\"plugins.index\":true,\"plugins.edit\":true,\"plugins.remove\":true,\"plugins.marketplace\":true,\"core.appearance\":true,\"theme.index\":true,\"theme.activate\":true,\"theme.remove\":true,\"theme.options\":true,\"theme.custom-css\":true,\"theme.custom-js\":true,\"theme.custom-html\":true,\"widgets.index\":true,\"analytics.general\":true,\"analytics.page\":true,\"analytics.browser\":true,\"analytics.referrer\":true,\"audit-log.index\":true,\"audit-log.destroy\":true,\"backups.index\":true,\"backups.create\":true,\"backups.restore\":true,\"backups.destroy\":true,\"plugins.blog\":true,\"posts.index\":true,\"posts.create\":true,\"posts.edit\":true,\"posts.destroy\":true,\"categories.index\":true,\"categories.create\":true,\"categories.edit\":true,\"categories.destroy\":true,\"tags.index\":true,\"tags.create\":true,\"tags.edit\":true,\"tags.destroy\":true,\"contacts.index\":true,\"contacts.edit\":true,\"contacts.destroy\":true,\"plugin.faq\":true,\"faq.index\":true,\"faq.create\":true,\"faq.edit\":true,\"faq.destroy\":true,\"faq_category.index\":true,\"faq_category.create\":true,\"faq_category.edit\":true,\"faq_category.destroy\":true,\"galleries.index\":true,\"galleries.create\":true,\"galleries.edit\":true,\"galleries.destroy\":true,\"plugins.job-board\":true,\"jobs.index\":true,\"jobs.create\":true,\"jobs.edit\":true,\"jobs.destroy\":true,\"import-jobs.index\":true,\"export-jobs.index\":true,\"job-applications.index\":true,\"job-applications.edit\":true,\"job-applications.destroy\":true,\"accounts.index\":true,\"accounts.create\":true,\"accounts.edit\":true,\"accounts.destroy\":true,\"accounts.import\":true,\"accounts.export\":true,\"packages.index\":true,\"packages.create\":true,\"packages.edit\":true,\"packages.destroy\":true,\"companies.index\":true,\"companies.create\":true,\"companies.edit\":true,\"companies.destroy\":true,\"export-companies.index\":true,\"import-companies.index\":true,\"job-board.custom-fields.index\":true,\"job-board.custom-fields.create\":true,\"job-board.custom-fields.edit\":true,\"job-board.custom-fields.destroy\":true,\"job-attributes.index\":true,\"job-categories.index\":true,\"job-categories.create\":true,\"job-categories.edit\":true,\"job-categories.destroy\":true,\"job-types.index\":true,\"job-types.create\":true,\"job-types.edit\":true,\"job-types.destroy\":true,\"job-skills.index\":true,\"job-skills.create\":true,\"job-skills.edit\":true,\"job-skills.destroy\":true,\"job-shifts.index\":true,\"job-shifts.create\":true,\"job-shifts.edit\":true,\"job-shifts.destroy\":true,\"job-experiences.index\":true,\"job-experiences.create\":true,\"job-experiences.edit\":true,\"job-experiences.destroy\":true,\"language-levels.index\":true,\"language-levels.create\":true,\"language-levels.edit\":true,\"language-levels.destroy\":true,\"career-levels.index\":true,\"career-levels.create\":true,\"career-levels.edit\":true,\"career-levels.destroy\":true,\"functional-areas.index\":true,\"functional-areas.create\":true,\"functional-areas.edit\":true,\"functional-areas.destroy\":true,\"degree-types.index\":true,\"degree-types.create\":true,\"degree-types.edit\":true,\"degree-types.destroy\":true,\"degree-levels.index\":true,\"degree-levels.create\":true,\"degree-levels.edit\":true,\"degree-levels.destroy\":true,\"job-board.tag.index\":true,\"job-board.tag.create\":true,\"job-board.tag.edit\":true,\"job-board.tag.destroy\":true,\"job-board.settings\":true,\"invoice.index\":true,\"invoice.edit\":true,\"invoice.destroy\":true,\"reviews.index\":true,\"reviews.destroy\":true,\"invoice-template.index\":true,\"languages.index\":true,\"languages.create\":true,\"languages.edit\":true,\"languages.destroy\":true,\"plugin.location\":true,\"country.index\":true,\"country.create\":true,\"country.edit\":true,\"country.destroy\":true,\"state.index\":true,\"state.create\":true,\"state.edit\":true,\"state.destroy\":true,\"city.index\":true,\"city.create\":true,\"city.edit\":true,\"city.destroy\":true,\"location.bulk-import.index\":true,\"location.export.index\":true,\"newsletter.index\":true,\"newsletter.destroy\":true,\"payment.index\":true,\"payments.settings\":true,\"payment.destroy\":true,\"social-login.settings\":true,\"team.index\":true,\"team.create\":true,\"team.edit\":true,\"team.destroy\":true,\"testimonial.index\":true,\"testimonial.create\":true,\"testimonial.edit\":true,\"testimonial.destroy\":true,\"plugins.translation\":true,\"translations.locales\":true,\"translations.theme-translations\":true,\"translations.index\":true}','Admin users role',1,1,1,'2023-10-22 21:44:06','2023-10-22 21:44:06');
/*!40000 ALTER TABLE `roles` ENABLE KEYS */;
UNLOCK TABLES;

--
-- Table structure for table `settings`
--

DROP TABLE IF EXISTS `settings`;
/*!40101 SET @saved_cs_client     = @@character_set_client */;
/*!50503 SET character_set_client = utf8mb4 */;
CREATE TABLE `settings` (
  `id` bigint unsigned NOT NULL AUTO_INCREMENT,
  `key` varchar(191) NOT NULL,
  `value` text,
  `created_at` timestamp NULL DEFAULT NULL,
  `updated_at` timestamp NULL DEFAULT NULL,
  PRIMARY KEY (`id`),
  UNIQUE KEY `settings_key_unique` (`key`)
) ENGINE=InnoDB AUTO_INCREMENT=49 DEFAULT CHARSET=utf8mb4 COLLATE=utf8mb4_0900_ai_ci;
/*!40101 SET character_set_client = @saved_cs_client */;

--
-- Dumping data for table `settings`
--

LOCK TABLES `settings` WRITE;
/*!40000 ALTER TABLE `settings` DISABLE KEYS */;
INSERT INTO `settings` VALUES (1,'activated_plugins','[\"language\",\"language-advanced\",\"analytics\",\"audit-log\",\"backup\",\"blog\",\"captcha\",\"contact\",\"cookie-consent\",\"faq\",\"gallery\",\"job-board\",\"location\",\"newsletter\",\"payment\",\"paypal\",\"paystack\",\"razorpay\",\"rss-feed\",\"social-login\",\"sslcommerz\",\"stripe\",\"team\",\"testimonial\",\"translation\"]',NULL,'2023-10-22 21:44:07'),(3,'api_enabled','0',NULL,'2023-10-22 21:44:07'),(6,'language_hide_default','1',NULL,NULL),(7,'language_switcher_display','dropdown',NULL,NULL),(8,'language_display','all',NULL,NULL),(9,'language_hide_languages','[]',NULL,NULL),(10,'show_admin_bar','1',NULL,NULL),(11,'theme','jobbox',NULL,NULL),(12,'admin_logo','general/logo-light.png',NULL,NULL),(13,'admin_favicon','general/favicon.png',NULL,NULL),(14,'theme-jobbox-site_title','JobBox - Laravel Job Board Script',NULL,NULL),(15,'theme-jobbox-seo_description','JobBox is a neat, clean and professional job board website script for your organization. Its easy to build a complete Job Board site with JobBox script.',NULL,NULL),(16,'theme-jobbox-copyright','2023 Archi Elite JSC. All right reserved.',NULL,NULL),(17,'theme-jobbox-favicon','general/favicon.png',NULL,NULL),(18,'theme-jobbox-logo','general/logo.png',NULL,NULL),(19,'theme-jobbox-hotline','+(123) 345-6789',NULL,NULL),(20,'theme-jobbox-cookie_consent_message','Your experience on this site will be improved by allowing cookies ',NULL,NULL),(21,'theme-jobbox-cookie_consent_learn_more_url','/cookie-policy',NULL,NULL),(22,'theme-jobbox-cookie_consent_learn_more_text','Cookie Policy',NULL,NULL),(23,'theme-jobbox-homepage_id','1',NULL,NULL),(24,'theme-jobbox-blog_page_id','13',NULL,NULL),(25,'theme-jobbox-preloader_enabled','no',NULL,NULL),(26,'theme-jobbox-job_categories_page_id','18',NULL,NULL),(27,'theme-jobbox-job_candidates_page_id','9',NULL,NULL),(28,'theme-jobbox-default_company_cover_image','general/cover-image.png',NULL,NULL),(29,'theme-jobbox-job_companies_page_id','8',NULL,NULL),(30,'theme-jobbox-job_list_page_id','7',NULL,NULL),(31,'theme-jobbox-email','contact@jobbox.com',NULL,NULL),(32,'theme-jobbox-404_page_image','general/404.png',NULL,NULL),(33,'theme-jobbox-background_breadcrumb','pages/bg-breadcrumb.png',NULL,NULL),(34,'theme-jobbox-blog_page_template_blog','blog_gird_1',NULL,NULL),(35,'theme-jobbox-background_blog_single','pages/img-single.png',NULL,NULL),(36,'theme-jobbox-auth_background_image_1','authentication/img-1.png',NULL,NULL),(37,'theme-jobbox-auth_background_image_2','authentication/img-2.png',NULL,NULL),(38,'theme-jobbox-background_cover_candidate_default','pages/background-cover-candidate.png',NULL,NULL),(39,'theme-jobbox-job_board_max_salary_filter','10000',NULL,NULL),(40,'theme-jobbox-social_links','[[{\"key\":\"social-name\",\"value\":\"Facebook\"},{\"key\":\"social-icon\",\"value\":\"socials\\/facebook.png\"},{\"key\":\"social-url\",\"value\":\"https:\\/\\/facebook.com\"}],[{\"key\":\"social-name\",\"value\":\"Linkedin\"},{\"key\":\"social-icon\",\"value\":\"socials\\/linkedin.png\"},{\"key\":\"social-url\",\"value\":\"https:\\/\\/linkedin.com\"}],[{\"key\":\"social-name\",\"value\":\"Twitter\"},{\"key\":\"social-icon\",\"value\":\"socials\\/twitter.png\"},{\"key\":\"social-url\",\"value\":\"https:\\/\\/twitter.com\"}]]',NULL,NULL),(41,'media_random_hash','5b830a1226c234f536bcc9a62cf8dc7a',NULL,NULL),(42,'permalink-botble-blog-models-post','blog',NULL,NULL),(43,'permalink-botble-blog-models-category','blog',NULL,NULL),(44,'payment_cod_status','1',NULL,NULL),(45,'payment_cod_description','Please pay money directly to the postman, if you choose cash on delivery method (COD).',NULL,NULL),(46,'payment_bank_transfer_status','1',NULL,NULL),(47,'payment_bank_transfer_description','Please send money to our bank account: ACB - 69270 213 19.',NULL,NULL),(48,'payment_stripe_payment_type','stripe_checkout',NULL,NULL);
/*!40000 ALTER TABLE `settings` ENABLE KEYS */;
UNLOCK TABLES;

--
-- Table structure for table `slugs`
--

DROP TABLE IF EXISTS `slugs`;
/*!40101 SET @saved_cs_client     = @@character_set_client */;
/*!50503 SET character_set_client = utf8mb4 */;
CREATE TABLE `slugs` (
  `id` bigint unsigned NOT NULL AUTO_INCREMENT,
  `key` varchar(255) NOT NULL,
  `reference_id` bigint unsigned NOT NULL,
  `reference_type` varchar(255) NOT NULL,
  `prefix` varchar(120) DEFAULT '',
  `created_at` timestamp NULL DEFAULT NULL,
  `updated_at` timestamp NULL DEFAULT NULL,
  PRIMARY KEY (`id`),
  KEY `slugs_reference_id_index` (`reference_id`),
  KEY `slugs_key_index` (`key`),
  KEY `slugs_prefix_index` (`prefix`),
  KEY `slugs_reference_index` (`reference_id`,`reference_type`)
) ENGINE=InnoDB AUTO_INCREMENT=226 DEFAULT CHARSET=utf8mb4 COLLATE=utf8mb4_0900_ai_ci;
/*!40101 SET character_set_client = @saved_cs_client */;

--
-- Dumping data for table `slugs`
--

LOCK TABLES `slugs` WRITE;
/*!40000 ALTER TABLE `slugs` DISABLE KEYS */;
INSERT INTO `slugs` VALUES (1,'homepage-1',1,'Botble\\Page\\Models\\Page','','2023-10-22 21:44:08','2023-10-22 21:44:08'),(2,'homepage-2',2,'Botble\\Page\\Models\\Page','','2023-10-22 21:44:08','2023-10-22 21:44:08'),(3,'homepage-3',3,'Botble\\Page\\Models\\Page','','2023-10-22 21:44:08','2023-10-22 21:44:08'),(4,'homepage-4',4,'Botble\\Page\\Models\\Page','','2023-10-22 21:44:08','2023-10-22 21:44:08'),(5,'homepage-5',5,'Botble\\Page\\Models\\Page','','2023-10-22 21:44:08','2023-10-22 21:44:08'),(6,'homepage-6',6,'Botble\\Page\\Models\\Page','','2023-10-22 21:44:08','2023-10-22 21:44:08'),(7,'jobs',7,'Botble\\Page\\Models\\Page','','2023-10-22 21:44:08','2023-10-22 21:44:08'),(8,'companies',8,'Botble\\Page\\Models\\Page','','2023-10-22 21:44:08','2023-10-22 21:44:08'),(9,'candidates',9,'Botble\\Page\\Models\\Page','','2023-10-22 21:44:08','2023-10-22 21:44:08'),(10,'about-us',10,'Botble\\Page\\Models\\Page','','2023-10-22 21:44:08','2023-10-22 21:44:08'),(11,'pricing-plan',11,'Botble\\Page\\Models\\Page','','2023-10-22 21:44:08','2023-10-22 21:44:08'),(12,'contact',12,'Botble\\Page\\Models\\Page','','2023-10-22 21:44:08','2023-10-22 21:44:08'),(13,'blog',13,'Botble\\Page\\Models\\Page','','2023-10-22 21:44:08','2023-10-22 21:44:08'),(14,'cookie-policy',14,'Botble\\Page\\Models\\Page','','2023-10-22 21:44:08','2023-10-22 21:44:08'),(15,'faqs',15,'Botble\\Page\\Models\\Page','','2023-10-22 21:44:08','2023-10-22 21:44:08'),(16,'services',16,'Botble\\Page\\Models\\Page','','2023-10-22 21:44:08','2023-10-22 21:44:08'),(17,'terms',17,'Botble\\Page\\Models\\Page','','2023-10-22 21:44:08','2023-10-22 21:44:08'),(18,'job-categories',18,'Botble\\Page\\Models\\Page','','2023-10-22 21:44:08','2023-10-22 21:44:08'),(19,'design',1,'Botble\\Blog\\Models\\Category','blog','2023-10-22 21:44:09','2023-10-22 21:44:12'),(20,'lifestyle',2,'Botble\\Blog\\Models\\Category','blog','2023-10-22 21:44:09','2023-10-22 21:44:12'),(21,'travel-tips',3,'Botble\\Blog\\Models\\Category','blog','2023-10-22 21:44:09','2023-10-22 21:44:12'),(22,'healthy',4,'Botble\\Blog\\Models\\Category','blog','2023-10-22 21:44:09','2023-10-22 21:44:12'),(23,'travel-tips',5,'Botble\\Blog\\Models\\Category','blog','2023-10-22 21:44:09','2023-10-22 21:44:12'),(24,'hotel',6,'Botble\\Blog\\Models\\Category','blog','2023-10-22 21:44:09','2023-10-22 21:44:12'),(25,'nature',7,'Botble\\Blog\\Models\\Category','blog','2023-10-22 21:44:09','2023-10-22 21:44:12'),(26,'new',1,'Botble\\Blog\\Models\\Tag','tag','2023-10-22 21:44:09','2023-10-22 21:44:09'),(27,'event',2,'Botble\\Blog\\Models\\Tag','tag','2023-10-22 21:44:09','2023-10-22 21:44:09'),(28,'interview-question-why-dont-you-have-a-degree',1,'Botble\\Blog\\Models\\Post','blog','2023-10-22 21:44:09','2023-10-22 21:44:12'),(29,'21-job-interview-tips-how-to-make-a-great-impression',2,'Botble\\Blog\\Models\\Post','blog','2023-10-22 21:44:09','2023-10-22 21:44:12'),(30,'39-strengths-and-weaknesses-to-discuss-in-a-job-interview',3,'Botble\\Blog\\Models\\Post','blog','2023-10-22 21:44:09','2023-10-22 21:44:12'),(31,'perfect',1,'Botble\\Gallery\\Models\\Gallery','galleries','2023-10-22 21:44:10','2023-10-22 21:44:10'),(32,'new-day',2,'Botble\\Gallery\\Models\\Gallery','galleries','2023-10-22 21:44:10','2023-10-22 21:44:10'),(33,'happy-day',3,'Botble\\Gallery\\Models\\Gallery','galleries','2023-10-22 21:44:10','2023-10-22 21:44:10'),(34,'nature',4,'Botble\\Gallery\\Models\\Gallery','galleries','2023-10-22 21:44:10','2023-10-22 21:44:10'),(35,'morning',5,'Botble\\Gallery\\Models\\Gallery','galleries','2023-10-22 21:44:10','2023-10-22 21:44:10'),(36,'photography',6,'Botble\\Gallery\\Models\\Gallery','galleries','2023-10-22 21:44:10','2023-10-22 21:44:10'),(37,'content-writer',1,'Botble\\JobBoard\\Models\\Category','job-categories','2023-10-22 21:44:15','2023-10-22 21:44:15'),(38,'market-research',2,'Botble\\JobBoard\\Models\\Category','job-categories','2023-10-22 21:44:15','2023-10-22 21:44:15'),(39,'marketing-sale',3,'Botble\\JobBoard\\Models\\Category','job-categories','2023-10-22 21:44:15','2023-10-22 21:44:15'),(40,'customer-help',4,'Botble\\JobBoard\\Models\\Category','job-categories','2023-10-22 21:44:15','2023-10-22 21:44:15'),(41,'finance',5,'Botble\\JobBoard\\Models\\Category','job-categories','2023-10-22 21:44:15','2023-10-22 21:44:15'),(42,'software',6,'Botble\\JobBoard\\Models\\Category','job-categories','2023-10-22 21:44:15','2023-10-22 21:44:15'),(43,'human-resource',7,'Botble\\JobBoard\\Models\\Category','job-categories','2023-10-22 21:44:15','2023-10-22 21:44:15'),(44,'management',8,'Botble\\JobBoard\\Models\\Category','job-categories','2023-10-22 21:44:15','2023-10-22 21:44:15'),(45,'retail-products',9,'Botble\\JobBoard\\Models\\Category','job-categories','2023-10-22 21:44:15','2023-10-22 21:44:15'),(46,'security-analyst',10,'Botble\\JobBoard\\Models\\Category','job-categories','2023-10-22 21:44:15','2023-10-22 21:44:15'),(47,'linkedin',1,'Botble\\JobBoard\\Models\\Company','companies','2023-10-22 21:44:16','2023-10-22 21:44:16'),(48,'adobe-illustrator',2,'Botble\\JobBoard\\Models\\Company','companies','2023-10-22 21:44:16','2023-10-22 21:44:16'),(49,'bing-search',3,'Botble\\JobBoard\\Models\\Company','companies','2023-10-22 21:44:16','2023-10-22 21:44:16'),(50,'dailymotion',4,'Botble\\JobBoard\\Models\\Company','companies','2023-10-22 21:44:16','2023-10-22 21:44:16'),(51,'linkedin',5,'Botble\\JobBoard\\Models\\Company','companies','2023-10-22 21:44:16','2023-10-22 21:44:16'),(52,'quora-jsc',6,'Botble\\JobBoard\\Models\\Company','companies','2023-10-22 21:44:16','2023-10-22 21:44:16'),(53,'nintendo',7,'Botble\\JobBoard\\Models\\Company','companies','2023-10-22 21:44:16','2023-10-22 21:44:16'),(54,'periscope',8,'Botble\\JobBoard\\Models\\Company','companies','2023-10-22 21:44:16','2023-10-22 21:44:16'),(55,'newsum',9,'Botble\\JobBoard\\Models\\Company','companies','2023-10-22 21:44:16','2023-10-22 21:44:16'),(56,'powerhome',10,'Botble\\JobBoard\\Models\\Company','companies','2023-10-22 21:44:16','2023-10-22 21:44:16'),(57,'whopcom',11,'Botble\\JobBoard\\Models\\Company','companies','2023-10-22 21:44:16','2023-10-22 21:44:16'),(58,'greenwood',12,'Botble\\JobBoard\\Models\\Company','companies','2023-10-22 21:44:16','2023-10-22 21:44:16'),(59,'kentucky',13,'Botble\\JobBoard\\Models\\Company','companies','2023-10-22 21:44:16','2023-10-22 21:44:16'),(60,'equity',14,'Botble\\JobBoard\\Models\\Company','companies','2023-10-22 21:44:16','2023-10-22 21:44:16'),(61,'honda',15,'Botble\\JobBoard\\Models\\Company','companies','2023-10-22 21:44:16','2023-10-22 21:44:16'),(62,'toyota',16,'Botble\\JobBoard\\Models\\Company','companies','2023-10-22 21:44:16','2023-10-22 21:44:16'),(63,'lexus',17,'Botble\\JobBoard\\Models\\Company','companies','2023-10-22 21:44:16','2023-10-22 21:44:16'),(64,'ondo',18,'Botble\\JobBoard\\Models\\Company','companies','2023-10-22 21:44:16','2023-10-22 21:44:16'),(65,'square',19,'Botble\\JobBoard\\Models\\Company','companies','2023-10-22 21:44:16','2023-10-22 21:44:16'),(66,'visa',20,'Botble\\JobBoard\\Models\\Company','companies','2023-10-22 21:44:16','2023-10-22 21:44:16'),(67,'illustrator',1,'Botble\\JobBoard\\Models\\Tag','job-tags','2023-10-22 21:44:16','2023-10-22 21:44:16'),(68,'adobe-xd',2,'Botble\\JobBoard\\Models\\Tag','job-tags','2023-10-22 21:44:16','2023-10-22 21:44:16'),(69,'figma',3,'Botble\\JobBoard\\Models\\Tag','job-tags','2023-10-22 21:44:16','2023-10-22 21:44:16'),(70,'sketch',4,'Botble\\JobBoard\\Models\\Tag','job-tags','2023-10-22 21:44:16','2023-10-22 21:44:16'),(71,'lunacy',5,'Botble\\JobBoard\\Models\\Tag','job-tags','2023-10-22 21:44:16','2023-10-22 21:44:16'),(72,'php',6,'Botble\\JobBoard\\Models\\Tag','job-tags','2023-10-22 21:44:16','2023-10-22 21:44:16'),(73,'python',7,'Botble\\JobBoard\\Models\\Tag','job-tags','2023-10-22 21:44:16','2023-10-22 21:44:16'),(74,'javascript',8,'Botble\\JobBoard\\Models\\Tag','job-tags','2023-10-22 21:44:16','2023-10-22 21:44:16'),(75,'ui-ux-designer-full-time',1,'Botble\\JobBoard\\Models\\Job','jobs','2023-10-22 21:44:16','2023-10-22 21:44:16'),(76,'full-stack-engineer',2,'Botble\\JobBoard\\Models\\Job','jobs','2023-10-22 21:44:16','2023-10-22 21:44:16'),(77,'java-software-engineer',3,'Botble\\JobBoard\\Models\\Job','jobs','2023-10-22 21:44:16','2023-10-22 21:44:16'),(78,'digital-marketing-manager',4,'Botble\\JobBoard\\Models\\Job','jobs','2023-10-22 21:44:16','2023-10-22 21:44:16'),(79,'frontend-developer',5,'Botble\\JobBoard\\Models\\Job','jobs','2023-10-22 21:44:16','2023-10-22 21:44:16'),(80,'react-native-web-developer',6,'Botble\\JobBoard\\Models\\Job','jobs','2023-10-22 21:44:16','2023-10-22 21:44:16'),(81,'senior-system-engineer',7,'Botble\\JobBoard\\Models\\Job','jobs','2023-10-22 21:44:16','2023-10-22 21:44:16'),(82,'products-manager',8,'Botble\\JobBoard\\Models\\Job','jobs','2023-10-22 21:44:16','2023-10-22 21:44:16'),(83,'lead-quality-control-qa',9,'Botble\\JobBoard\\Models\\Job','jobs','2023-10-22 21:44:16','2023-10-22 21:44:16'),(84,'principal-designer-design-systems',10,'Botble\\JobBoard\\Models\\Job','jobs','2023-10-22 21:44:16','2023-10-22 21:44:16'),(85,'devops-architect',11,'Botble\\JobBoard\\Models\\Job','jobs','2023-10-22 21:44:16','2023-10-22 21:44:16'),(86,'senior-software-engineer-npm-cli',12,'Botble\\JobBoard\\Models\\Job','jobs','2023-10-22 21:44:16','2023-10-22 21:44:16'),(87,'senior-systems-engineer',13,'Botble\\JobBoard\\Models\\Job','jobs','2023-10-22 21:44:16','2023-10-22 21:44:16'),(88,'software-engineer-actions-platform',14,'Botble\\JobBoard\\Models\\Job','jobs','2023-10-22 21:44:16','2023-10-22 21:44:16'),(89,'staff-engineering-manager-actions',15,'Botble\\JobBoard\\Models\\Job','jobs','2023-10-22 21:44:16','2023-10-22 21:44:16'),(90,'staff-engineering-manager-actions-runtime',16,'Botble\\JobBoard\\Models\\Job','jobs','2023-10-22 21:44:16','2023-10-22 21:44:16'),(91,'staff-engineering-manager-packages',17,'Botble\\JobBoard\\Models\\Job','jobs','2023-10-22 21:44:16','2023-10-22 21:44:16'),(92,'staff-software-engineer',18,'Botble\\JobBoard\\Models\\Job','jobs','2023-10-22 21:44:16','2023-10-22 21:44:16'),(93,'systems-software-engineer',19,'Botble\\JobBoard\\Models\\Job','jobs','2023-10-22 21:44:16','2023-10-22 21:44:16'),(94,'senior-compensation-analyst',20,'Botble\\JobBoard\\Models\\Job','jobs','2023-10-22 21:44:16','2023-10-22 21:44:16'),(95,'senior-accessibility-program-manager',21,'Botble\\JobBoard\\Models\\Job','jobs','2023-10-22 21:44:16','2023-10-22 21:44:16'),(96,'analyst-relations-manager-application-security',22,'Botble\\JobBoard\\Models\\Job','jobs','2023-10-22 21:44:16','2023-10-22 21:44:16'),(97,'senior-enterprise-advocate-emea',23,'Botble\\JobBoard\\Models\\Job','jobs','2023-10-22 21:44:16','2023-10-22 21:44:16'),(98,'deal-desk-manager',24,'Botble\\JobBoard\\Models\\Job','jobs','2023-10-22 21:44:16','2023-10-22 21:44:16'),(99,'director-revenue-compensation',25,'Botble\\JobBoard\\Models\\Job','jobs','2023-10-22 21:44:16','2023-10-22 21:44:16'),(100,'program-manager',26,'Botble\\JobBoard\\Models\\Job','jobs','2023-10-22 21:44:17','2023-10-22 21:44:17'),(101,'sr-manager-deal-desk-intl',27,'Botble\\JobBoard\\Models\\Job','jobs','2023-10-22 21:44:17','2023-10-22 21:44:17'),(102,'senior-director-product-management-actions-runners-and-compute-services',28,'Botble\\JobBoard\\Models\\Job','jobs','2023-10-22 21:44:17','2023-10-22 21:44:17'),(103,'alliances-director',29,'Botble\\JobBoard\\Models\\Job','jobs','2023-10-22 21:44:17','2023-10-22 21:44:17'),(104,'corporate-sales-representative',30,'Botble\\JobBoard\\Models\\Job','jobs','2023-10-22 21:44:17','2023-10-22 21:44:17'),(105,'country-leader',31,'Botble\\JobBoard\\Models\\Job','jobs','2023-10-22 21:44:17','2023-10-22 21:44:17'),(106,'customer-success-architect',32,'Botble\\JobBoard\\Models\\Job','jobs','2023-10-22 21:44:17','2023-10-22 21:44:17'),(107,'devops-account-executive-us-public-sector',33,'Botble\\JobBoard\\Models\\Job','jobs','2023-10-22 21:44:17','2023-10-22 21:44:17'),(108,'enterprise-account-executive',34,'Botble\\JobBoard\\Models\\Job','jobs','2023-10-22 21:44:17','2023-10-22 21:44:17'),(109,'senior-engineering-manager-product-security-engineering-paved-paths',35,'Botble\\JobBoard\\Models\\Job','jobs','2023-10-22 21:44:17','2023-10-22 21:44:17'),(110,'customer-reliability-engineer-iii',36,'Botble\\JobBoard\\Models\\Job','jobs','2023-10-22 21:44:17','2023-10-22 21:44:17'),(111,'support-engineer-enterprise-support-japanese',37,'Botble\\JobBoard\\Models\\Job','jobs','2023-10-22 21:44:17','2023-10-22 21:44:17'),(112,'technical-partner-manager',38,'Botble\\JobBoard\\Models\\Job','jobs','2023-10-22 21:44:17','2023-10-22 21:44:17'),(113,'sr-manager-inside-account-management',39,'Botble\\JobBoard\\Models\\Job','jobs','2023-10-22 21:44:17','2023-10-22 21:44:17'),(114,'services-sales-representative',40,'Botble\\JobBoard\\Models\\Job','jobs','2023-10-22 21:44:17','2023-10-22 21:44:17'),(115,'services-delivery-manager',41,'Botble\\JobBoard\\Models\\Job','jobs','2023-10-22 21:44:17','2023-10-22 21:44:17'),(116,'senior-solutions-engineer',42,'Botble\\JobBoard\\Models\\Job','jobs','2023-10-22 21:44:17','2023-10-22 21:44:17'),(117,'senior-service-delivery-engineer',43,'Botble\\JobBoard\\Models\\Job','jobs','2023-10-22 21:44:17','2023-10-22 21:44:17'),(118,'senior-director-global-sales-development',44,'Botble\\JobBoard\\Models\\Job','jobs','2023-10-22 21:44:17','2023-10-22 21:44:17'),(119,'partner-program-manager',45,'Botble\\JobBoard\\Models\\Job','jobs','2023-10-22 21:44:17','2023-10-22 21:44:17'),(120,'principal-cloud-solutions-engineer',46,'Botble\\JobBoard\\Models\\Job','jobs','2023-10-22 21:44:17','2023-10-22 21:44:17'),(121,'senior-cloud-solutions-engineer',47,'Botble\\JobBoard\\Models\\Job','jobs','2023-10-22 21:44:17','2023-10-22 21:44:17'),(122,'senior-customer-success-manager',48,'Botble\\JobBoard\\Models\\Job','jobs','2023-10-22 21:44:17','2023-10-22 21:44:17'),(123,'inside-account-manager',49,'Botble\\JobBoard\\Models\\Job','jobs','2023-10-22 21:44:17','2023-10-22 21:44:17'),(124,'ux-jobs-board',50,'Botble\\JobBoard\\Models\\Job','jobs','2023-10-22 21:44:17','2023-10-22 21:44:17'),(125,'senior-laravel-developer-tall-stack',51,'Botble\\JobBoard\\Models\\Job','jobs','2023-10-22 21:44:17','2023-10-22 21:44:17'),(126,'leonor-ryan',1,'Botble\\JobBoard\\Models\\Account','candidates','2023-10-22 21:44:17','2023-10-22 21:44:17'),(127,'ara-keeling',2,'Botble\\JobBoard\\Models\\Account','candidates','2023-10-22 21:44:18','2023-10-22 21:44:18'),(128,'sarah-harding',3,'Botble\\JobBoard\\Models\\Account','candidates','2023-10-22 21:44:18','2023-10-22 21:44:18'),(129,'steven-jobs',4,'Botble\\JobBoard\\Models\\Account','candidates','2023-10-22 21:44:18','2023-10-22 21:44:18'),(130,'william-kent',5,'Botble\\JobBoard\\Models\\Account','candidates','2023-10-22 21:44:19','2023-10-22 21:44:19'),(131,'federico-larson',6,'Botble\\JobBoard\\Models\\Account','candidates','2023-10-22 21:44:19','2023-10-22 21:44:19'),(132,'carolina-stroman',7,'Botble\\JobBoard\\Models\\Account','candidates','2023-10-22 21:44:19','2023-10-22 21:44:19'),(133,'myron-stoltenberg',8,'Botble\\JobBoard\\Models\\Account','candidates','2023-10-22 21:44:20','2023-10-22 21:44:20'),(134,'sister-harris',9,'Botble\\JobBoard\\Models\\Account','candidates','2023-10-22 21:44:20','2023-10-22 21:44:20'),(135,'conrad-kunde',10,'Botble\\JobBoard\\Models\\Account','candidates','2023-10-22 21:44:20','2023-10-22 21:44:20'),(136,'gracie-hoppe',11,'Botble\\JobBoard\\Models\\Account','candidates','2023-10-22 21:44:20','2023-10-22 21:44:20'),(137,'velma-kilback',12,'Botble\\JobBoard\\Models\\Account','candidates','2023-10-22 21:44:21','2023-10-22 21:44:21'),(138,'faustino-gusikowski',13,'Botble\\JobBoard\\Models\\Account','candidates','2023-10-22 21:44:21','2023-10-22 21:44:21'),(139,'fletcher-sipes',14,'Botble\\JobBoard\\Models\\Account','candidates','2023-10-22 21:44:21','2023-10-22 21:44:21'),(140,'genevieve-weber',15,'Botble\\JobBoard\\Models\\Account','candidates','2023-10-22 21:44:21','2023-10-22 21:44:21'),(141,'wellington-emard',16,'Botble\\JobBoard\\Models\\Account','candidates','2023-10-22 21:44:22','2023-10-22 21:44:22'),(142,'arvilla-borer',17,'Botble\\JobBoard\\Models\\Account','candidates','2023-10-22 21:44:22','2023-10-22 21:44:22'),(143,'hilton-walter',18,'Botble\\JobBoard\\Models\\Account','candidates','2023-10-22 21:44:22','2023-10-22 21:44:22'),(144,'ryann-daniel',19,'Botble\\JobBoard\\Models\\Account','candidates','2023-10-22 21:44:22','2023-10-22 21:44:22'),(145,'imelda-pacocha',20,'Botble\\JobBoard\\Models\\Account','candidates','2023-10-22 21:44:23','2023-10-22 21:44:23'),(146,'jedediah-wisozk',21,'Botble\\JobBoard\\Models\\Account','candidates','2023-10-22 21:44:23','2023-10-22 21:44:23'),(147,'linda-leffler',22,'Botble\\JobBoard\\Models\\Account','candidates','2023-10-22 21:44:23','2023-10-22 21:44:23'),(148,'jude-nolan',23,'Botble\\JobBoard\\Models\\Account','candidates','2023-10-22 21:44:23','2023-10-22 21:44:23'),(149,'retha-tromp',24,'Botble\\JobBoard\\Models\\Account','candidates','2023-10-22 21:44:24','2023-10-22 21:44:24'),(150,'kadin-kirlin',25,'Botble\\JobBoard\\Models\\Account','candidates','2023-10-22 21:44:24','2023-10-22 21:44:24'),(151,'rupert-ortiz',26,'Botble\\JobBoard\\Models\\Account','candidates','2023-10-22 21:44:24','2023-10-22 21:44:24'),(152,'darian-mitchell',27,'Botble\\JobBoard\\Models\\Account','candidates','2023-10-22 21:44:24','2023-10-22 21:44:24'),(153,'jordy-little',28,'Botble\\JobBoard\\Models\\Account','candidates','2023-10-22 21:44:25','2023-10-22 21:44:25'),(154,'cristal-berge',29,'Botble\\JobBoard\\Models\\Account','candidates','2023-10-22 21:44:25','2023-10-22 21:44:25'),(155,'ericka-rutherford',30,'Botble\\JobBoard\\Models\\Account','candidates','2023-10-22 21:44:25','2023-10-22 21:44:25'),(156,'audra-crona',31,'Botble\\JobBoard\\Models\\Account','candidates','2023-10-22 21:44:26','2023-10-22 21:44:26'),(157,'eleanora-mcclure',32,'Botble\\JobBoard\\Models\\Account','candidates','2023-10-22 21:44:26','2023-10-22 21:44:26'),(158,'macey-hodkiewicz',33,'Botble\\JobBoard\\Models\\Account','candidates','2023-10-22 21:44:26','2023-10-22 21:44:26'),(159,'maria-ryan',34,'Botble\\JobBoard\\Models\\Account','candidates','2023-10-22 21:44:26','2023-10-22 21:44:26'),(160,'malika-jerde',35,'Botble\\JobBoard\\Models\\Account','candidates','2023-10-22 21:44:27','2023-10-22 21:44:27'),(161,'bethany-luettgen',36,'Botble\\JobBoard\\Models\\Account','candidates','2023-10-22 21:44:27','2023-10-22 21:44:27'),(162,'pasquale-lakin',37,'Botble\\JobBoard\\Models\\Account','candidates','2023-10-22 21:44:27','2023-10-22 21:44:27'),(163,'annetta-bogan',38,'Botble\\JobBoard\\Models\\Account','candidates','2023-10-22 21:44:27','2023-10-22 21:44:27'),(164,'eleazar-bechtelar',39,'Botble\\JobBoard\\Models\\Account','candidates','2023-10-22 21:44:28','2023-10-22 21:44:28'),(165,'jaycee-hills',40,'Botble\\JobBoard\\Models\\Account','candidates','2023-10-22 21:44:28','2023-10-22 21:44:28'),(166,'herta-flatley',41,'Botble\\JobBoard\\Models\\Account','candidates','2023-10-22 21:44:28','2023-10-22 21:44:28'),(167,'clark-fritsch',42,'Botble\\JobBoard\\Models\\Account','candidates','2023-10-22 21:44:28','2023-10-22 21:44:28'),(168,'jasmin-reilly',43,'Botble\\JobBoard\\Models\\Account','candidates','2023-10-22 21:44:29','2023-10-22 21:44:29'),(169,'asia-bechtelar',44,'Botble\\JobBoard\\Models\\Account','candidates','2023-10-22 21:44:29','2023-10-22 21:44:29'),(170,'emilia-marvin',45,'Botble\\JobBoard\\Models\\Account','candidates','2023-10-22 21:44:29','2023-10-22 21:44:29'),(171,'deshawn-abbott',46,'Botble\\JobBoard\\Models\\Account','candidates','2023-10-22 21:44:30','2023-10-22 21:44:30'),(172,'jade-hirthe',47,'Botble\\JobBoard\\Models\\Account','candidates','2023-10-22 21:44:30','2023-10-22 21:44:30'),(173,'brian-lang',48,'Botble\\JobBoard\\Models\\Account','candidates','2023-10-22 21:44:30','2023-10-22 21:44:30'),(174,'zoe-nader',49,'Botble\\JobBoard\\Models\\Account','candidates','2023-10-22 21:44:30','2023-10-22 21:44:30'),(175,'sister-wyman',50,'Botble\\JobBoard\\Models\\Account','candidates','2023-10-22 21:44:31','2023-10-22 21:44:31'),(176,'ocie-balistreri',51,'Botble\\JobBoard\\Models\\Account','candidates','2023-10-22 21:44:31','2023-10-22 21:44:31'),(177,'cathryn-brakus',52,'Botble\\JobBoard\\Models\\Account','candidates','2023-10-22 21:44:31','2023-10-22 21:44:31'),(178,'maia-harvey',53,'Botble\\JobBoard\\Models\\Account','candidates','2023-10-22 21:44:32','2023-10-22 21:44:32'),(179,'ford-steuber',54,'Botble\\JobBoard\\Models\\Account','candidates','2023-10-22 21:44:32','2023-10-22 21:44:32'),(180,'bo-harber',55,'Botble\\JobBoard\\Models\\Account','candidates','2023-10-22 21:44:32','2023-10-22 21:44:32'),(181,'edwin-kilback',56,'Botble\\JobBoard\\Models\\Account','candidates','2023-10-22 21:44:32','2023-10-22 21:44:32'),(182,'lilliana-armstrong',57,'Botble\\JobBoard\\Models\\Account','candidates','2023-10-22 21:44:33','2023-10-22 21:44:33'),(183,'dominic-weissnat',58,'Botble\\JobBoard\\Models\\Account','candidates','2023-10-22 21:44:33','2023-10-22 21:44:33'),(184,'celestino-emard',59,'Botble\\JobBoard\\Models\\Account','candidates','2023-10-22 21:44:33','2023-10-22 21:44:33'),(185,'bianka-hartmann',60,'Botble\\JobBoard\\Models\\Account','candidates','2023-10-22 21:44:33','2023-10-22 21:44:33'),(186,'hope-kuphal',61,'Botble\\JobBoard\\Models\\Account','candidates','2023-10-22 21:44:34','2023-10-22 21:44:34'),(187,'ceasar-crist',62,'Botble\\JobBoard\\Models\\Account','candidates','2023-10-22 21:44:34','2023-10-22 21:44:34'),(188,'reta-quigley',63,'Botble\\JobBoard\\Models\\Account','candidates','2023-10-22 21:44:34','2023-10-22 21:44:34'),(189,'sammy-prohaska',64,'Botble\\JobBoard\\Models\\Account','candidates','2023-10-22 21:44:35','2023-10-22 21:44:35'),(190,'sylvester-becker',65,'Botble\\JobBoard\\Models\\Account','candidates','2023-10-22 21:44:35','2023-10-22 21:44:35'),(191,'margret-mccullough',66,'Botble\\JobBoard\\Models\\Account','candidates','2023-10-22 21:44:35','2023-10-22 21:44:35'),(192,'leann-goldner',67,'Botble\\JobBoard\\Models\\Account','candidates','2023-10-22 21:44:35','2023-10-22 21:44:35'),(193,'royce-olson',68,'Botble\\JobBoard\\Models\\Account','candidates','2023-10-22 21:44:36','2023-10-22 21:44:36'),(194,'tom-lang',69,'Botble\\JobBoard\\Models\\Account','candidates','2023-10-22 21:44:36','2023-10-22 21:44:36'),(195,'craig-ledner',70,'Botble\\JobBoard\\Models\\Account','candidates','2023-10-22 21:44:36','2023-10-22 21:44:36'),(196,'ricardo-rogahn',71,'Botble\\JobBoard\\Models\\Account','candidates','2023-10-22 21:44:36','2023-10-22 21:44:36'),(197,'cooper-denesik',72,'Botble\\JobBoard\\Models\\Account','candidates','2023-10-22 21:44:37','2023-10-22 21:44:37'),(198,'zack-dickens',73,'Botble\\JobBoard\\Models\\Account','candidates','2023-10-22 21:44:37','2023-10-22 21:44:37'),(199,'jerrod-powlowski',74,'Botble\\JobBoard\\Models\\Account','candidates','2023-10-22 21:44:37','2023-10-22 21:44:37'),(200,'russell-haag',75,'Botble\\JobBoard\\Models\\Account','candidates','2023-10-22 21:44:38','2023-10-22 21:44:38'),(201,'erich-kunde',76,'Botble\\JobBoard\\Models\\Account','candidates','2023-10-22 21:44:38','2023-10-22 21:44:38'),(202,'yessenia-kunze',77,'Botble\\JobBoard\\Models\\Account','candidates','2023-10-22 21:44:38','2023-10-22 21:44:38'),(203,'ferne-lakin',78,'Botble\\JobBoard\\Models\\Account','candidates','2023-10-22 21:44:38','2023-10-22 21:44:38'),(204,'pattie-stamm',79,'Botble\\JobBoard\\Models\\Account','candidates','2023-10-22 21:44:39','2023-10-22 21:44:39'),(205,'lisandro-boyle',80,'Botble\\JobBoard\\Models\\Account','candidates','2023-10-22 21:44:39','2023-10-22 21:44:39'),(206,'mozelle-mitchell',81,'Botble\\JobBoard\\Models\\Account','candidates','2023-10-22 21:44:39','2023-10-22 21:44:39'),(207,'boris-rogahn',82,'Botble\\JobBoard\\Models\\Account','candidates','2023-10-22 21:44:40','2023-10-22 21:44:40'),(208,'abdul-jaskolski',83,'Botble\\JobBoard\\Models\\Account','candidates','2023-10-22 21:44:40','2023-10-22 21:44:40'),(209,'briana-predovic',84,'Botble\\JobBoard\\Models\\Account','candidates','2023-10-22 21:44:40','2023-10-22 21:44:40'),(210,'matilda-kub',85,'Botble\\JobBoard\\Models\\Account','candidates','2023-10-22 21:44:41','2023-10-22 21:44:41'),(211,'lizeth-hammes',86,'Botble\\JobBoard\\Models\\Account','candidates','2023-10-22 21:44:41','2023-10-22 21:44:41'),(212,'nash-romaguera',87,'Botble\\JobBoard\\Models\\Account','candidates','2023-10-22 21:44:41','2023-10-22 21:44:41'),(213,'mossie-torp',88,'Botble\\JobBoard\\Models\\Account','candidates','2023-10-22 21:44:41','2023-10-22 21:44:41'),(214,'joey-bartoletti',89,'Botble\\JobBoard\\Models\\Account','candidates','2023-10-22 21:44:42','2023-10-22 21:44:42'),(215,'amaya-schoen',90,'Botble\\JobBoard\\Models\\Account','candidates','2023-10-22 21:44:42','2023-10-22 21:44:42'),(216,'layla-fadel',91,'Botble\\JobBoard\\Models\\Account','candidates','2023-10-22 21:44:42','2023-10-22 21:44:42'),(217,'alysson-gottlieb',92,'Botble\\JobBoard\\Models\\Account','candidates','2023-10-22 21:44:43','2023-10-22 21:44:43'),(218,'prince-torp',93,'Botble\\JobBoard\\Models\\Account','candidates','2023-10-22 21:44:43','2023-10-22 21:44:43'),(219,'chance-padberg',94,'Botble\\JobBoard\\Models\\Account','candidates','2023-10-22 21:44:43','2023-10-22 21:44:43'),(220,'colin-aufderhar',95,'Botble\\JobBoard\\Models\\Account','candidates','2023-10-22 21:44:44','2023-10-22 21:44:44'),(221,'pearline-weimann',96,'Botble\\JobBoard\\Models\\Account','candidates','2023-10-22 21:44:44','2023-10-22 21:44:44'),(222,'katherine-oreilly',97,'Botble\\JobBoard\\Models\\Account','candidates','2023-10-22 21:44:44','2023-10-22 21:44:44'),(223,'tessie-stokes',98,'Botble\\JobBoard\\Models\\Account','candidates','2023-10-22 21:44:45','2023-10-22 21:44:45'),(224,'willy-jast',99,'Botble\\JobBoard\\Models\\Account','candidates','2023-10-22 21:44:45','2023-10-22 21:44:45'),(225,'francisca-hegmann',100,'Botble\\JobBoard\\Models\\Account','candidates','2023-10-22 21:44:46','2023-10-22 21:44:46');
/*!40000 ALTER TABLE `slugs` ENABLE KEYS */;
UNLOCK TABLES;

--
-- Table structure for table `slugs_translations`
--

DROP TABLE IF EXISTS `slugs_translations`;
/*!40101 SET @saved_cs_client     = @@character_set_client */;
/*!50503 SET character_set_client = utf8mb4 */;
CREATE TABLE `slugs_translations` (
  `lang_code` varchar(191) NOT NULL,
  `slugs_id` bigint unsigned NOT NULL,
  `key` varchar(255) DEFAULT NULL,
  `prefix` varchar(120) DEFAULT '',
  PRIMARY KEY (`lang_code`,`slugs_id`)
) ENGINE=InnoDB DEFAULT CHARSET=utf8mb4 COLLATE=utf8mb4_0900_ai_ci;
/*!40101 SET character_set_client = @saved_cs_client */;

--
-- Dumping data for table `slugs_translations`
--

LOCK TABLES `slugs_translations` WRITE;
/*!40000 ALTER TABLE `slugs_translations` DISABLE KEYS */;
/*!40000 ALTER TABLE `slugs_translations` ENABLE KEYS */;
UNLOCK TABLES;

--
-- Table structure for table `states`
--

DROP TABLE IF EXISTS `states`;
/*!40101 SET @saved_cs_client     = @@character_set_client */;
/*!50503 SET character_set_client = utf8mb4 */;
CREATE TABLE `states` (
  `id` bigint unsigned NOT NULL AUTO_INCREMENT,
  `name` varchar(120) NOT NULL,
  `slug` varchar(120) DEFAULT NULL,
  `abbreviation` varchar(10) CHARACTER SET utf8mb4 COLLATE utf8mb4_0900_ai_ci DEFAULT NULL,
  `country_id` bigint unsigned DEFAULT NULL,
  `order` tinyint NOT NULL DEFAULT '0',
  `image` varchar(255) DEFAULT NULL,
  `is_default` tinyint unsigned NOT NULL DEFAULT '0',
  `status` varchar(60) NOT NULL DEFAULT 'published',
  `created_at` timestamp NULL DEFAULT NULL,
  `updated_at` timestamp NULL DEFAULT NULL,
  PRIMARY KEY (`id`),
  UNIQUE KEY `states_slug_unique` (`slug`)
) ENGINE=InnoDB AUTO_INCREMENT=7 DEFAULT CHARSET=utf8mb4 COLLATE=utf8mb4_0900_ai_ci;
/*!40101 SET character_set_client = @saved_cs_client */;

--
-- Dumping data for table `states`
--

LOCK TABLES `states` WRITE;
/*!40000 ALTER TABLE `states` DISABLE KEYS */;
INSERT INTO `states` VALUES (1,'France','france','FR',1,0,NULL,0,'published','2023-10-22 21:44:12','2023-10-22 21:44:12'),(2,'England','england','EN',2,0,NULL,0,'published','2023-10-22 21:44:12','2023-10-22 21:44:12'),(3,'New York','new-york','NY',1,0,NULL,0,'published','2023-10-22 21:44:12','2023-10-22 21:44:12'),(4,'Holland','holland','HL',4,0,NULL,0,'published','2023-10-22 21:44:12','2023-10-22 21:44:12'),(5,'Denmark','denmark','DN',5,0,NULL,0,'published','2023-10-22 21:44:12','2023-10-22 21:44:12'),(6,'Germany','germany','GER',1,0,NULL,0,'published','2023-10-22 21:44:12','2023-10-22 21:44:12');
/*!40000 ALTER TABLE `states` ENABLE KEYS */;
UNLOCK TABLES;

--
-- Table structure for table `states_translations`
--

DROP TABLE IF EXISTS `states_translations`;
/*!40101 SET @saved_cs_client     = @@character_set_client */;
/*!50503 SET character_set_client = utf8mb4 */;
CREATE TABLE `states_translations` (
  `lang_code` varchar(191) NOT NULL,
  `states_id` bigint unsigned NOT NULL,
  `name` varchar(120) DEFAULT NULL,
  `slug` varchar(120) CHARACTER SET utf8mb4 COLLATE utf8mb4_0900_ai_ci DEFAULT NULL,
  `abbreviation` varchar(10) CHARACTER SET utf8mb4 COLLATE utf8mb4_0900_ai_ci DEFAULT NULL,
  PRIMARY KEY (`lang_code`,`states_id`)
) ENGINE=InnoDB DEFAULT CHARSET=utf8mb4 COLLATE=utf8mb4_0900_ai_ci;
/*!40101 SET character_set_client = @saved_cs_client */;

--
-- Dumping data for table `states_translations`
--

LOCK TABLES `states_translations` WRITE;
/*!40000 ALTER TABLE `states_translations` DISABLE KEYS */;
/*!40000 ALTER TABLE `states_translations` ENABLE KEYS */;
UNLOCK TABLES;

--
-- Table structure for table `tags`
--

DROP TABLE IF EXISTS `tags`;
/*!40101 SET @saved_cs_client     = @@character_set_client */;
/*!50503 SET character_set_client = utf8mb4 */;
CREATE TABLE `tags` (
  `id` bigint unsigned NOT NULL AUTO_INCREMENT,
  `name` varchar(120) NOT NULL,
  `author_id` bigint unsigned DEFAULT NULL,
  `author_type` varchar(255) CHARACTER SET utf8mb4 COLLATE utf8mb4_0900_ai_ci NOT NULL DEFAULT 'Botble\\ACL\\Models\\User',
  `description` varchar(400) DEFAULT '',
  `status` varchar(60) NOT NULL DEFAULT 'published',
  `created_at` timestamp NULL DEFAULT NULL,
  `updated_at` timestamp NULL DEFAULT NULL,
  PRIMARY KEY (`id`)
) ENGINE=InnoDB AUTO_INCREMENT=3 DEFAULT CHARSET=utf8mb4 COLLATE=utf8mb4_0900_ai_ci;
/*!40101 SET character_set_client = @saved_cs_client */;

--
-- Dumping data for table `tags`
--

LOCK TABLES `tags` WRITE;
/*!40000 ALTER TABLE `tags` DISABLE KEYS */;
INSERT INTO `tags` VALUES (1,'New',NULL,'Botble\\ACL\\Models\\User','','published','2023-10-22 21:44:09','2023-10-22 21:44:09'),(2,'Event',NULL,'Botble\\ACL\\Models\\User','','published','2023-10-22 21:44:09','2023-10-22 21:44:09');
/*!40000 ALTER TABLE `tags` ENABLE KEYS */;
UNLOCK TABLES;

--
-- Table structure for table `tags_translations`
--

DROP TABLE IF EXISTS `tags_translations`;
/*!40101 SET @saved_cs_client     = @@character_set_client */;
/*!50503 SET character_set_client = utf8mb4 */;
CREATE TABLE `tags_translations` (
  `lang_code` varchar(191) NOT NULL,
  `tags_id` bigint unsigned NOT NULL,
  `name` varchar(255) DEFAULT NULL,
  `description` varchar(400) DEFAULT NULL,
  PRIMARY KEY (`lang_code`,`tags_id`)
) ENGINE=InnoDB DEFAULT CHARSET=utf8mb4 COLLATE=utf8mb4_0900_ai_ci;
/*!40101 SET character_set_client = @saved_cs_client */;

--
-- Dumping data for table `tags_translations`
--

LOCK TABLES `tags_translations` WRITE;
/*!40000 ALTER TABLE `tags_translations` DISABLE KEYS */;
/*!40000 ALTER TABLE `tags_translations` ENABLE KEYS */;
UNLOCK TABLES;

--
-- Table structure for table `teams`
--

DROP TABLE IF EXISTS `teams`;
/*!40101 SET @saved_cs_client     = @@character_set_client */;
/*!50503 SET character_set_client = utf8mb4 */;
CREATE TABLE `teams` (
  `id` bigint unsigned NOT NULL AUTO_INCREMENT,
  `name` varchar(191) NOT NULL,
  `photo` varchar(191) DEFAULT NULL,
  `title` varchar(191) DEFAULT NULL,
  `location` varchar(191) DEFAULT NULL,
  `socials` varchar(191) DEFAULT NULL,
  `status` varchar(60) NOT NULL DEFAULT 'published',
  `created_at` timestamp NULL DEFAULT NULL,
  `updated_at` timestamp NULL DEFAULT NULL,
  PRIMARY KEY (`id`)
) ENGINE=InnoDB AUTO_INCREMENT=9 DEFAULT CHARSET=utf8mb4 COLLATE=utf8mb4_0900_ai_ci;
/*!40101 SET character_set_client = @saved_cs_client */;

--
-- Dumping data for table `teams`
--

LOCK TABLES `teams` WRITE;
/*!40000 ALTER TABLE `teams` DISABLE KEYS */;
INSERT INTO `teams` VALUES (1,'Jack Persion','teams/1.png','Developer Fullstack','USA','\"{\\\"facebook\\\":\\\"fb.com\\\",\\\"twitter\\\":\\\"twitter.com\\\",\\\"instagram\\\":\\\"instagram.com\\\"}\"','published','2023-10-22 21:44:47','2023-10-22 21:44:47'),(2,'Tyler Men','teams/2.png','Business Analyst','Qatar','\"{\\\"facebook\\\":\\\"fb.com\\\",\\\"twitter\\\":\\\"twitter.com\\\",\\\"instagram\\\":\\\"instagram.com\\\"}\"','published','2023-10-22 21:44:47','2023-10-22 21:44:47'),(3,'Mohamed Salah','teams/3.png','Developer Fullstack','India','\"{\\\"facebook\\\":\\\"fb.com\\\",\\\"twitter\\\":\\\"twitter.com\\\",\\\"instagram\\\":\\\"instagram.com\\\"}\"','published','2023-10-22 21:44:47','2023-10-22 21:44:47'),(4,'Xao Shin','teams/4.png','Developer Fullstack','China','\"{\\\"facebook\\\":\\\"fb.com\\\",\\\"twitter\\\":\\\"twitter.com\\\",\\\"instagram\\\":\\\"instagram.com\\\"}\"','published','2023-10-22 21:44:47','2023-10-22 21:44:47'),(5,'Peter Cop','teams/5.png','Designer','Russia','\"{\\\"facebook\\\":\\\"fb.com\\\",\\\"twitter\\\":\\\"twitter.com\\\",\\\"instagram\\\":\\\"instagram.com\\\"}\"','published','2023-10-22 21:44:47','2023-10-22 21:44:47'),(6,'Jacob Jones','teams/6.png','Frontend Developer','New York, US','\"{\\\"facebook\\\":\\\"fb.com\\\",\\\"twitter\\\":\\\"twitter.com\\\",\\\"instagram\\\":\\\"instagram.com\\\"}\"','published','2023-10-22 21:44:47','2023-10-22 21:44:47'),(7,'Court Henry','teams/7.png','Backend Developer','Portugal','\"{\\\"facebook\\\":\\\"fb.com\\\",\\\"twitter\\\":\\\"twitter.com\\\",\\\"instagram\\\":\\\"instagram.com\\\"}\"','published','2023-10-22 21:44:47','2023-10-22 21:44:47'),(8,'Theresa','teams/8.png','Backend Developer','Thailand','\"{\\\"facebook\\\":\\\"fb.com\\\",\\\"twitter\\\":\\\"twitter.com\\\",\\\"instagram\\\":\\\"instagram.com\\\"}\"','published','2023-10-22 21:44:47','2023-10-22 21:44:47');
/*!40000 ALTER TABLE `teams` ENABLE KEYS */;
UNLOCK TABLES;

--
-- Table structure for table `teams_translations`
--

DROP TABLE IF EXISTS `teams_translations`;
/*!40101 SET @saved_cs_client     = @@character_set_client */;
/*!50503 SET character_set_client = utf8mb4 */;
CREATE TABLE `teams_translations` (
  `lang_code` varchar(191) NOT NULL,
  `teams_id` int NOT NULL,
  `name` varchar(191) NOT NULL,
  `title` varchar(191) DEFAULT NULL,
  `location` varchar(191) DEFAULT NULL,
  PRIMARY KEY (`lang_code`,`teams_id`)
) ENGINE=InnoDB DEFAULT CHARSET=utf8mb4 COLLATE=utf8mb4_0900_ai_ci;
/*!40101 SET character_set_client = @saved_cs_client */;

--
-- Dumping data for table `teams_translations`
--

LOCK TABLES `teams_translations` WRITE;
/*!40000 ALTER TABLE `teams_translations` DISABLE KEYS */;
/*!40000 ALTER TABLE `teams_translations` ENABLE KEYS */;
UNLOCK TABLES;

--
-- Table structure for table `testimonials`
--

DROP TABLE IF EXISTS `testimonials`;
/*!40101 SET @saved_cs_client     = @@character_set_client */;
/*!50503 SET character_set_client = utf8mb4 */;
CREATE TABLE `testimonials` (
  `id` bigint unsigned NOT NULL AUTO_INCREMENT,
  `name` varchar(120) NOT NULL,
  `content` text NOT NULL,
  `image` varchar(255) DEFAULT NULL,
  `company` varchar(120) DEFAULT NULL,
  `status` varchar(60) NOT NULL DEFAULT 'published',
  `created_at` timestamp NULL DEFAULT NULL,
  `updated_at` timestamp NULL DEFAULT NULL,
  PRIMARY KEY (`id`)
) ENGINE=InnoDB AUTO_INCREMENT=5 DEFAULT CHARSET=utf8mb4 COLLATE=utf8mb4_0900_ai_ci;
/*!40101 SET character_set_client = @saved_cs_client */;

--
-- Dumping data for table `testimonials`
--

LOCK TABLES `testimonials` WRITE;
/*!40000 ALTER TABLE `testimonials` DISABLE KEYS */;
INSERT INTO `testimonials` VALUES (1,'Ellis Kim','It doesn\'t look like one, but it puzzled her too much, so she sat on, with closed eyes, and feebly stretching out one paw, trying to invent something!\' \'I--I\'m a little timidly, \'why you are.','testimonials/1.png','Digital Artist','published','2023-10-22 21:44:47','2023-10-22 21:44:47'),(2,'John Smith','ALICE\'S LOVE). Oh dear, what nonsense I\'m talking!\' Just then her head struck against the door, and knocked. \'There\'s no sort of use in the kitchen. \'When I\'M a Duchess,\' she said to herself, as she.','testimonials/2.png','Product designer','published','2023-10-22 21:44:47','2023-10-22 21:44:47'),(3,'Sayen Ahmod','OURS they had been to the game. CHAPTER IX. The Mock Turtle sighed deeply, and began, in rather a hard word, I will tell you just now what the flame of a muchness?\' \'Really, now you ask me,\' said.','testimonials/3.png','Developer','published','2023-10-22 21:44:47','2023-10-22 21:44:47'),(4,'Tayla Swef','Alice cautiously replied: \'but I haven\'t had a bone in his confusion he bit a large mushroom growing near her, she began, rather timidly, as she could see it trying in a shrill, passionate voice.','testimonials/4.png','Graphic designer','published','2023-10-22 21:44:47','2023-10-22 21:44:47');
/*!40000 ALTER TABLE `testimonials` ENABLE KEYS */;
UNLOCK TABLES;

--
-- Table structure for table `testimonials_translations`
--

DROP TABLE IF EXISTS `testimonials_translations`;
/*!40101 SET @saved_cs_client     = @@character_set_client */;
/*!50503 SET character_set_client = utf8mb4 */;
CREATE TABLE `testimonials_translations` (
  `lang_code` varchar(191) NOT NULL,
  `testimonials_id` bigint unsigned NOT NULL,
  `name` varchar(255) DEFAULT NULL,
  `content` text,
  `company` varchar(120) DEFAULT NULL,
  PRIMARY KEY (`lang_code`,`testimonials_id`)
) ENGINE=InnoDB DEFAULT CHARSET=utf8mb4 COLLATE=utf8mb4_0900_ai_ci;
/*!40101 SET character_set_client = @saved_cs_client */;

--
-- Dumping data for table `testimonials_translations`
--

LOCK TABLES `testimonials_translations` WRITE;
/*!40000 ALTER TABLE `testimonials_translations` DISABLE KEYS */;
/*!40000 ALTER TABLE `testimonials_translations` ENABLE KEYS */;
UNLOCK TABLES;

--
-- Table structure for table `translations`
--

DROP TABLE IF EXISTS `translations`;
/*!40101 SET @saved_cs_client     = @@character_set_client */;
/*!50503 SET character_set_client = utf8mb4 */;
CREATE TABLE `translations` (
  `id` bigint unsigned NOT NULL AUTO_INCREMENT,
  `status` int NOT NULL DEFAULT '0',
  `locale` varchar(191) NOT NULL,
  `group` varchar(191) NOT NULL,
  `key` varchar(191) NOT NULL,
  `value` text,
  `created_at` timestamp NULL DEFAULT NULL,
  `updated_at` timestamp NULL DEFAULT NULL,
  PRIMARY KEY (`id`)
) ENGINE=InnoDB AUTO_INCREMENT=2387 DEFAULT CHARSET=utf8mb4 COLLATE=utf8mb4_0900_ai_ci;
/*!40101 SET character_set_client = @saved_cs_client */;

--
-- Dumping data for table `translations`
--

LOCK TABLES `translations` WRITE;
/*!40000 ALTER TABLE `translations` DISABLE KEYS */;
INSERT INTO `translations` VALUES (1,1,'en','auth','failed','These credentials do not match our records.','2023-10-22 21:44:49','2023-10-22 21:44:49'),(2,1,'en','auth','password','The provided password is incorrect.','2023-10-22 21:44:49','2023-10-22 21:44:49'),(3,1,'en','auth','throttle','Too many login attempts. Please try again in :seconds seconds.','2023-10-22 21:44:49','2023-10-22 21:44:49'),(4,1,'en','pagination','previous','&laquo; Previous','2023-10-22 21:44:49','2023-10-22 21:44:49'),(5,1,'en','pagination','next','Next &raquo;','2023-10-22 21:44:49','2023-10-22 21:44:49'),(6,1,'en','passwords','reset','Your password has been reset!','2023-10-22 21:44:49','2023-10-22 21:44:49'),(7,1,'en','passwords','sent','We have emailed your password reset link!','2023-10-22 21:44:49','2023-10-22 21:44:49'),(8,1,'en','passwords','throttled','Please wait before retrying.','2023-10-22 21:44:49','2023-10-22 21:44:49'),(9,1,'en','passwords','token','This password reset token is invalid.','2023-10-22 21:44:49','2023-10-22 21:44:49'),(10,1,'en','passwords','user','We can\'t find a user with that email address.','2023-10-22 21:44:49','2023-10-22 21:44:49'),(11,1,'en','validation','accepted','The :attribute must be accepted.','2023-10-22 21:44:49','2023-10-22 21:44:49'),(12,1,'en','validation','accepted_if','The :attribute must be accepted when :other is :value.','2023-10-22 21:44:49','2023-10-22 21:44:49'),(13,1,'en','validation','active_url','The :attribute is not a valid URL.','2023-10-22 21:44:49','2023-10-22 21:44:49'),(14,1,'en','validation','after','The :attribute must be a date after :date.','2023-10-22 21:44:49','2023-10-22 21:44:49'),(15,1,'en','validation','after_or_equal','The :attribute must be a date after or equal to :date.','2023-10-22 21:44:49','2023-10-22 21:44:49'),(16,1,'en','validation','alpha','The :attribute must only contain letters.','2023-10-22 21:44:49','2023-10-22 21:44:49'),(17,1,'en','validation','alpha_dash','The :attribute must only contain letters, numbers, dashes and underscores.','2023-10-22 21:44:49','2023-10-22 21:44:49'),(18,1,'en','validation','alpha_num','The :attribute must only contain letters and numbers.','2023-10-22 21:44:49','2023-10-22 21:44:49'),(19,1,'en','validation','array','The :attribute must be an array.','2023-10-22 21:44:49','2023-10-22 21:44:49'),(20,1,'en','validation','before','The :attribute must be a date before :date.','2023-10-22 21:44:49','2023-10-22 21:44:49'),(21,1,'en','validation','before_or_equal','The :attribute must be a date before or equal to :date.','2023-10-22 21:44:49','2023-10-22 21:44:49'),(22,1,'en','validation','between.array','The :attribute must have between :min and :max items.','2023-10-22 21:44:49','2023-10-22 21:44:49'),(23,1,'en','validation','between.file','The :attribute must be between :min and :max kilobytes.','2023-10-22 21:44:49','2023-10-22 21:44:49'),(24,1,'en','validation','between.numeric','The :attribute must be between :min and :max.','2023-10-22 21:44:49','2023-10-22 21:44:49'),(25,1,'en','validation','between.string','The :attribute must be between :min and :max characters.','2023-10-22 21:44:49','2023-10-22 21:44:49'),(26,1,'en','validation','boolean','The :attribute field must be true or false.','2023-10-22 21:44:49','2023-10-22 21:44:49'),(27,1,'en','validation','confirmed','The :attribute confirmation does not match.','2023-10-22 21:44:49','2023-10-22 21:44:49'),(28,1,'en','validation','current_password','The password is incorrect.','2023-10-22 21:44:49','2023-10-22 21:44:49'),(29,1,'en','validation','date','The :attribute is not a valid date.','2023-10-22 21:44:49','2023-10-22 21:44:49'),(30,1,'en','validation','date_equals','The :attribute must be a date equal to :date.','2023-10-22 21:44:49','2023-10-22 21:44:49'),(31,1,'en','validation','date_format','The :attribute does not match the format :format.','2023-10-22 21:44:49','2023-10-22 21:44:49'),(32,1,'en','validation','declined','The :attribute must be declined.','2023-10-22 21:44:49','2023-10-22 21:44:49'),(33,1,'en','validation','declined_if','The :attribute must be declined when :other is :value.','2023-10-22 21:44:49','2023-10-22 21:44:49'),(34,1,'en','validation','different','The :attribute and :other must be different.','2023-10-22 21:44:49','2023-10-22 21:44:49'),(35,1,'en','validation','digits','The :attribute must be :digits digits.','2023-10-22 21:44:49','2023-10-22 21:44:49'),(36,1,'en','validation','digits_between','The :attribute must be between :min and :max digits.','2023-10-22 21:44:49','2023-10-22 21:44:49'),(37,1,'en','validation','dimensions','The :attribute has invalid image dimensions.','2023-10-22 21:44:49','2023-10-22 21:44:49'),(38,1,'en','validation','distinct','The :attribute field has a duplicate value.','2023-10-22 21:44:49','2023-10-22 21:44:49'),(39,1,'en','validation','doesnt_start_with','The :attribute may not start with one of the following: :values.','2023-10-22 21:44:49','2023-10-22 21:44:49'),(40,1,'en','validation','email','The :attribute must be a valid email address.','2023-10-22 21:44:49','2023-10-22 21:44:49'),(41,1,'en','validation','ends_with','The :attribute must end with one of the following: :values.','2023-10-22 21:44:49','2023-10-22 21:44:49'),(42,1,'en','validation','enum','The selected :attribute is invalid.','2023-10-22 21:44:49','2023-10-22 21:44:49'),(43,1,'en','validation','exists','The selected :attribute is invalid.','2023-10-22 21:44:49','2023-10-22 21:44:49'),(44,1,'en','validation','file','The :attribute must be a file.','2023-10-22 21:44:49','2023-10-22 21:44:49'),(45,1,'en','validation','filled','The :attribute field must have a value.','2023-10-22 21:44:49','2023-10-22 21:44:49'),(46,1,'en','validation','gt.array','The :attribute must have more than :value items.','2023-10-22 21:44:49','2023-10-22 21:44:49'),(47,1,'en','validation','gt.file','The :attribute must be greater than :value kilobytes.','2023-10-22 21:44:49','2023-10-22 21:44:49'),(48,1,'en','validation','gt.numeric','The :attribute must be greater than :value.','2023-10-22 21:44:49','2023-10-22 21:44:49'),(49,1,'en','validation','gt.string','The :attribute must be greater than :value characters.','2023-10-22 21:44:49','2023-10-22 21:44:49'),(50,1,'en','validation','gte.array','The :attribute must have :value items or more.','2023-10-22 21:44:49','2023-10-22 21:44:49'),(51,1,'en','validation','gte.file','The :attribute must be greater than or equal to :value kilobytes.','2023-10-22 21:44:49','2023-10-22 21:44:49'),(52,1,'en','validation','gte.numeric','The :attribute must be greater than or equal to :value.','2023-10-22 21:44:49','2023-10-22 21:44:49'),(53,1,'en','validation','gte.string','The :attribute must be greater than or equal to :value characters.','2023-10-22 21:44:49','2023-10-22 21:44:49'),(54,1,'en','validation','image','The :attribute must be an image.','2023-10-22 21:44:49','2023-10-22 21:44:49'),(55,1,'en','validation','in','The selected :attribute is invalid.','2023-10-22 21:44:49','2023-10-22 21:44:49'),(56,1,'en','validation','in_array','The :attribute field does not exist in :other.','2023-10-22 21:44:49','2023-10-22 21:44:49'),(57,1,'en','validation','integer','The :attribute must be an integer.','2023-10-22 21:44:49','2023-10-22 21:44:49'),(58,1,'en','validation','ip','The :attribute must be a valid IP address.','2023-10-22 21:44:49','2023-10-22 21:44:49'),(59,1,'en','validation','ipv4','The :attribute must be a valid IPv4 address.','2023-10-22 21:44:49','2023-10-22 21:44:49'),(60,1,'en','validation','ipv6','The :attribute must be a valid IPv6 address.','2023-10-22 21:44:49','2023-10-22 21:44:49'),(61,1,'en','validation','json','The :attribute must be a valid JSON string.','2023-10-22 21:44:49','2023-10-22 21:44:49'),(62,1,'en','validation','lt.array','The :attribute must have less than :value items.','2023-10-22 21:44:49','2023-10-22 21:44:49'),(63,1,'en','validation','lt.file','The :attribute must be less than :value kilobytes.','2023-10-22 21:44:49','2023-10-22 21:44:49'),(64,1,'en','validation','lt.numeric','The :attribute must be less than :value.','2023-10-22 21:44:49','2023-10-22 21:44:49'),(65,1,'en','validation','lt.string','The :attribute must be less than :value characters.','2023-10-22 21:44:49','2023-10-22 21:44:49'),(66,1,'en','validation','lte.array','The :attribute must not have more than :value items.','2023-10-22 21:44:49','2023-10-22 21:44:49'),(67,1,'en','validation','lte.file','The :attribute must be less than or equal to :value kilobytes.','2023-10-22 21:44:49','2023-10-22 21:44:49'),(68,1,'en','validation','lte.numeric','The :attribute must be less than or equal to :value.','2023-10-22 21:44:49','2023-10-22 21:44:49'),(69,1,'en','validation','lte.string','The :attribute must be less than or equal to :value characters.','2023-10-22 21:44:49','2023-10-22 21:44:49'),(70,1,'en','validation','mac_address','The :attribute must be a valid MAC address.','2023-10-22 21:44:49','2023-10-22 21:44:49'),(71,1,'en','validation','max.array','The :attribute must not have more than :max items.','2023-10-22 21:44:49','2023-10-22 21:44:49'),(72,1,'en','validation','max.file','The :attribute must not be greater than :max kilobytes.','2023-10-22 21:44:49','2023-10-22 21:44:49'),(73,1,'en','validation','max.numeric','The :attribute must not be greater than :max.','2023-10-22 21:44:49','2023-10-22 21:44:49'),(74,1,'en','validation','max.string','The :attribute must not be greater than :max characters.','2023-10-22 21:44:49','2023-10-22 21:44:49'),(75,1,'en','validation','mimes','The :attribute must be a file of type: :values.','2023-10-22 21:44:49','2023-10-22 21:44:49'),(76,1,'en','validation','mimetypes','The :attribute must be a file of type: :values.','2023-10-22 21:44:49','2023-10-22 21:44:49'),(77,1,'en','validation','min.array','The :attribute must have at least :min items.','2023-10-22 21:44:49','2023-10-22 21:44:49'),(78,1,'en','validation','min.file','The :attribute must be at least :min kilobytes.','2023-10-22 21:44:49','2023-10-22 21:44:49'),(79,1,'en','validation','min.numeric','The :attribute must be at least :min.','2023-10-22 21:44:49','2023-10-22 21:44:49'),(80,1,'en','validation','min.string','The :attribute must be at least :min characters.','2023-10-22 21:44:49','2023-10-22 21:44:49'),(81,1,'en','validation','multiple_of','The :attribute must be a multiple of :value.','2023-10-22 21:44:49','2023-10-22 21:44:49'),(82,1,'en','validation','not_in','The selected :attribute is invalid.','2023-10-22 21:44:49','2023-10-22 21:44:49'),(83,1,'en','validation','not_regex','The :attribute format is invalid.','2023-10-22 21:44:49','2023-10-22 21:44:49'),(84,1,'en','validation','numeric','The :attribute must be a number.','2023-10-22 21:44:49','2023-10-22 21:44:49'),(85,1,'en','validation','password.letters','The :attribute must contain at least one letter.','2023-10-22 21:44:49','2023-10-22 21:44:49'),(86,1,'en','validation','password.mixed','The :attribute must contain at least one uppercase and one lowercase letter.','2023-10-22 21:44:49','2023-10-22 21:44:49'),(87,1,'en','validation','password.numbers','The :attribute must contain at least one number.','2023-10-22 21:44:49','2023-10-22 21:44:49'),(88,1,'en','validation','password.symbols','The :attribute must contain at least one symbol.','2023-10-22 21:44:49','2023-10-22 21:44:49'),(89,1,'en','validation','password.uncompromised','The given :attribute has appeared in a data leak. Please choose a different :attribute.','2023-10-22 21:44:49','2023-10-22 21:44:49'),(90,1,'en','validation','present','The :attribute field must be present.','2023-10-22 21:44:49','2023-10-22 21:44:49'),(91,1,'en','validation','prohibited','The :attribute field is prohibited.','2023-10-22 21:44:49','2023-10-22 21:44:49'),(92,1,'en','validation','prohibited_if','The :attribute field is prohibited when :other is :value.','2023-10-22 21:44:49','2023-10-22 21:44:49'),(93,1,'en','validation','prohibited_unless','The :attribute field is prohibited unless :other is in :values.','2023-10-22 21:44:49','2023-10-22 21:44:49'),(94,1,'en','validation','prohibits','The :attribute field prohibits :other from being present.','2023-10-22 21:44:49','2023-10-22 21:44:49'),(95,1,'en','validation','regex','The :attribute format is invalid.','2023-10-22 21:44:49','2023-10-22 21:44:49'),(96,1,'en','validation','required','The :attribute field is required.','2023-10-22 21:44:49','2023-10-22 21:44:49'),(97,1,'en','validation','required_array_keys','The :attribute field must contain entries for: :values.','2023-10-22 21:44:49','2023-10-22 21:44:49'),(98,1,'en','validation','required_if','The :attribute field is required when :other is :value.','2023-10-22 21:44:49','2023-10-22 21:44:49'),(99,1,'en','validation','required_unless','The :attribute field is required unless :other is in :values.','2023-10-22 21:44:49','2023-10-22 21:44:49'),(100,1,'en','validation','required_with','The :attribute field is required when :values is present.','2023-10-22 21:44:49','2023-10-22 21:44:49'),(101,1,'en','validation','required_with_all','The :attribute field is required when :values are present.','2023-10-22 21:44:49','2023-10-22 21:44:49'),(102,1,'en','validation','required_without','The :attribute field is required when :values is not present.','2023-10-22 21:44:49','2023-10-22 21:44:49'),(103,1,'en','validation','required_without_all','The :attribute field is required when none of :values are present.','2023-10-22 21:44:49','2023-10-22 21:44:49'),(104,1,'en','validation','same','The :attribute and :other must match.','2023-10-22 21:44:49','2023-10-22 21:44:49'),(105,1,'en','validation','size.array','The :attribute must contain :size items.','2023-10-22 21:44:49','2023-10-22 21:44:49'),(106,1,'en','validation','size.file','The :attribute must be :size kilobytes.','2023-10-22 21:44:49','2023-10-22 21:44:49'),(107,1,'en','validation','size.numeric','The :attribute must be :size.','2023-10-22 21:44:49','2023-10-22 21:44:49'),(108,1,'en','validation','size.string','The :attribute must be :size characters.','2023-10-22 21:44:49','2023-10-22 21:44:49'),(109,1,'en','validation','starts_with','The :attribute must start with one of the following: :values.','2023-10-22 21:44:49','2023-10-22 21:44:49'),(110,1,'en','validation','string','The :attribute must be a string.','2023-10-22 21:44:49','2023-10-22 21:44:49'),(111,1,'en','validation','timezone','The :attribute must be a valid timezone.','2023-10-22 21:44:49','2023-10-22 21:44:49'),(112,1,'en','validation','unique','The :attribute has already been taken.','2023-10-22 21:44:49','2023-10-22 21:44:49'),(113,1,'en','validation','uploaded','The :attribute failed to upload.','2023-10-22 21:44:49','2023-10-22 21:44:49'),(114,1,'en','validation','url','The :attribute must be a valid URL.','2023-10-22 21:44:49','2023-10-22 21:44:49'),(115,1,'en','validation','uuid','The :attribute must be a valid UUID.','2023-10-22 21:44:49','2023-10-22 21:44:49'),(116,1,'en','validation','custom.attribute-name.rule-name','custom-message','2023-10-22 21:44:49','2023-10-22 21:44:49'),(117,1,'en','core/acl/auth','login.username','Email/Username','2023-10-22 21:44:49','2023-10-22 21:44:49'),(118,1,'en','core/acl/auth','login.email','Email','2023-10-22 21:44:49','2023-10-22 21:44:49'),(119,1,'en','core/acl/auth','login.password','Password','2023-10-22 21:44:49','2023-10-22 21:44:49'),(120,1,'en','core/acl/auth','login.title','User Login','2023-10-22 21:44:49','2023-10-22 21:44:49'),(121,1,'en','core/acl/auth','login.remember','Remember me?','2023-10-22 21:44:49','2023-10-22 21:44:49'),(122,1,'en','core/acl/auth','login.login','Sign in','2023-10-22 21:44:49','2023-10-22 21:44:49'),(123,1,'en','core/acl/auth','login.placeholder.username','Please enter your username','2023-10-22 21:44:49','2023-10-22 21:44:49'),(124,1,'en','core/acl/auth','login.placeholder.email','Please enter your email','2023-10-22 21:44:49','2023-10-22 21:44:49'),(125,1,'en','core/acl/auth','login.success','Login successfully!','2023-10-22 21:44:49','2023-10-22 21:44:49'),(126,1,'en','core/acl/auth','login.fail','Wrong username or password.','2023-10-22 21:44:49','2023-10-22 21:44:49'),(127,1,'en','core/acl/auth','login.not_active','Your account has not been activated yet!','2023-10-22 21:44:49','2023-10-22 21:44:49'),(128,1,'en','core/acl/auth','login.banned','This account is banned.','2023-10-22 21:44:49','2023-10-22 21:44:49'),(129,1,'en','core/acl/auth','login.logout_success','Logout successfully!','2023-10-22 21:44:49','2023-10-22 21:44:49'),(130,1,'en','core/acl/auth','login.dont_have_account','You don\'t have account on this system, please contact administrator for more information!','2023-10-22 21:44:49','2023-10-22 21:44:49'),(131,1,'en','core/acl/auth','forgot_password.title','Forgot Password','2023-10-22 21:44:49','2023-10-22 21:44:49'),(132,1,'en','core/acl/auth','forgot_password.message','<p>Have you forgotten your password?</p><p>Please enter your email account. System will send a email with active link to reset your password.</p>','2023-10-22 21:44:49','2023-10-22 21:44:49'),(133,1,'en','core/acl/auth','forgot_password.submit','Submit','2023-10-22 21:44:49','2023-10-22 21:44:49'),(134,1,'en','core/acl/auth','reset.new_password','New password','2023-10-22 21:44:49','2023-10-22 21:44:49'),(135,1,'en','core/acl/auth','reset.password_confirmation','Confirm new password','2023-10-22 21:44:49','2023-10-22 21:44:49'),(136,1,'en','core/acl/auth','reset.email','Email','2023-10-22 21:44:49','2023-10-22 21:44:49'),(137,1,'en','core/acl/auth','reset.title','Reset your password','2023-10-22 21:44:49','2023-10-22 21:44:49'),(138,1,'en','core/acl/auth','reset.update','Update','2023-10-22 21:44:49','2023-10-22 21:44:49'),(139,1,'en','core/acl/auth','reset.wrong_token','This link is invalid or expired. Please try using reset form again.','2023-10-22 21:44:49','2023-10-22 21:44:49'),(140,1,'en','core/acl/auth','reset.user_not_found','This username is not exist.','2023-10-22 21:44:49','2023-10-22 21:44:49'),(141,1,'en','core/acl/auth','reset.success','Reset password successfully!','2023-10-22 21:44:49','2023-10-22 21:44:49'),(142,1,'en','core/acl/auth','reset.fail','Token is invalid, the reset password link has been expired!','2023-10-22 21:44:49','2023-10-22 21:44:49'),(143,1,'en','core/acl/auth','reset.reset.title','Email reset password','2023-10-22 21:44:49','2023-10-22 21:44:49'),(144,1,'en','core/acl/auth','reset.send.success','A email was sent to your email account. Please check and complete this action.','2023-10-22 21:44:49','2023-10-22 21:44:49'),(145,1,'en','core/acl/auth','reset.send.fail','Can not send email in this time. Please try again later.','2023-10-22 21:44:49','2023-10-22 21:44:49'),(146,1,'en','core/acl/auth','reset.new-password','New password','2023-10-22 21:44:49','2023-10-22 21:44:49'),(147,1,'en','core/acl/auth','email.reminder.title','Email reset password','2023-10-22 21:44:50','2023-10-22 21:44:50'),(148,1,'en','core/acl/auth','password_confirmation','Password confirm','2023-10-22 21:44:50','2023-10-22 21:44:50'),(149,1,'en','core/acl/auth','failed','Failed','2023-10-22 21:44:50','2023-10-22 21:44:50'),(150,1,'en','core/acl/auth','throttle','Throttle','2023-10-22 21:44:50','2023-10-22 21:44:50'),(151,1,'en','core/acl/auth','not_member','Not a member yet?','2023-10-22 21:44:50','2023-10-22 21:44:50'),(152,1,'en','core/acl/auth','register_now','Register now','2023-10-22 21:44:50','2023-10-22 21:44:50'),(153,1,'en','core/acl/auth','lost_your_password','Lost your password?','2023-10-22 21:44:50','2023-10-22 21:44:50'),(154,1,'en','core/acl/auth','login_title','Admin','2023-10-22 21:44:50','2023-10-22 21:44:50'),(155,1,'en','core/acl/auth','login_via_social','Login with social networks','2023-10-22 21:44:50','2023-10-22 21:44:50'),(156,1,'en','core/acl/auth','back_to_login','Back to login page','2023-10-22 21:44:50','2023-10-22 21:44:50'),(157,1,'en','core/acl/auth','sign_in_below','Sign In Below','2023-10-22 21:44:50','2023-10-22 21:44:50'),(158,1,'en','core/acl/auth','languages','Languages','2023-10-22 21:44:50','2023-10-22 21:44:50'),(159,1,'en','core/acl/auth','reset_password','Reset Password','2023-10-22 21:44:50','2023-10-22 21:44:50'),(160,1,'en','core/acl/auth','settings.email.title','ACL','2023-10-22 21:44:50','2023-10-22 21:44:50'),(161,1,'en','core/acl/auth','settings.email.description','ACL email configuration','2023-10-22 21:44:50','2023-10-22 21:44:50'),(162,1,'en','core/acl/permissions','notices.role_in_use','Cannot delete this role, it is still in use!','2023-10-22 21:44:50','2023-10-22 21:44:50'),(163,1,'en','core/acl/permissions','notices.role_delete_belong_user','You are not able to delete this role; it belongs to someone else!','2023-10-22 21:44:50','2023-10-22 21:44:50'),(164,1,'en','core/acl/permissions','notices.role_edit_belong_user','You are not able to edit this role; it belongs to someone else!','2023-10-22 21:44:50','2023-10-22 21:44:50'),(165,1,'en','core/acl/permissions','notices.delete_global_role','You are not allowed to delete global roles!','2023-10-22 21:44:50','2023-10-22 21:44:50'),(166,1,'en','core/acl/permissions','notices.delete_success','The selected role was deleted successfully!','2023-10-22 21:44:50','2023-10-22 21:44:50'),(167,1,'en','core/acl/permissions','notices.modified_success','The selected role was modified successfully!','2023-10-22 21:44:50','2023-10-22 21:44:50'),(168,1,'en','core/acl/permissions','notices.create_success','The new role was successfully created','2023-10-22 21:44:50','2023-10-22 21:44:50'),(169,1,'en','core/acl/permissions','notices.duplicated_success','The selected role was duplicated successfully','2023-10-22 21:44:50','2023-10-22 21:44:50'),(170,1,'en','core/acl/permissions','notices.no_select','Please select at least one record to take this action!','2023-10-22 21:44:50','2023-10-22 21:44:50'),(171,1,'en','core/acl/permissions','notices.not_found','Role not found','2023-10-22 21:44:50','2023-10-22 21:44:50'),(172,1,'en','core/acl/permissions','name','Name','2023-10-22 21:44:50','2023-10-22 21:44:50'),(173,1,'en','core/acl/permissions','current_role','Current Role','2023-10-22 21:44:50','2023-10-22 21:44:50'),(174,1,'en','core/acl/permissions','no_role_assigned','No role assigned','2023-10-22 21:44:50','2023-10-22 21:44:50'),(175,1,'en','core/acl/permissions','role_assigned','Assigned Role','2023-10-22 21:44:50','2023-10-22 21:44:50'),(176,1,'en','core/acl/permissions','create_role','Create New Role','2023-10-22 21:44:50','2023-10-22 21:44:50'),(177,1,'en','core/acl/permissions','role_name','Name','2023-10-22 21:44:50','2023-10-22 21:44:50'),(178,1,'en','core/acl/permissions','role_description','Description','2023-10-22 21:44:50','2023-10-22 21:44:50'),(179,1,'en','core/acl/permissions','permission_flags','Permission Flags','2023-10-22 21:44:50','2023-10-22 21:44:50'),(180,1,'en','core/acl/permissions','cancel','Cancel','2023-10-22 21:44:50','2023-10-22 21:44:50'),(181,1,'en','core/acl/permissions','reset','Reset','2023-10-22 21:44:50','2023-10-22 21:44:50'),(182,1,'en','core/acl/permissions','save','Save','2023-10-22 21:44:50','2023-10-22 21:44:50'),(183,1,'en','core/acl/permissions','global_role_msg','This is a global role and cannot be modified.  You can use the Duplicate button to make a copy of this role that you can then modify.','2023-10-22 21:44:50','2023-10-22 21:44:50'),(184,1,'en','core/acl/permissions','details','Details \":name\"','2023-10-22 21:44:50','2023-10-22 21:44:50'),(185,1,'en','core/acl/permissions','duplicate','Duplicate','2023-10-22 21:44:50','2023-10-22 21:44:50'),(186,1,'en','core/acl/permissions','all','All Permissions','2023-10-22 21:44:50','2023-10-22 21:44:50'),(187,1,'en','core/acl/permissions','list_role','List Roles','2023-10-22 21:44:50','2023-10-22 21:44:50'),(188,1,'en','core/acl/permissions','created_on','Created On','2023-10-22 21:44:50','2023-10-22 21:44:50'),(189,1,'en','core/acl/permissions','created_by','Created By','2023-10-22 21:44:50','2023-10-22 21:44:50'),(190,1,'en','core/acl/permissions','actions','Actions','2023-10-22 21:44:50','2023-10-22 21:44:50'),(191,1,'en','core/acl/permissions','role_in_use','Cannot delete this role, it is still in use!','2023-10-22 21:44:50','2023-10-22 21:44:50'),(192,1,'en','core/acl/permissions','role_delete_belong_user','You are not able to delete this role; it belongs to someone else!','2023-10-22 21:44:50','2023-10-22 21:44:50'),(193,1,'en','core/acl/permissions','delete_global_role','Can not delete global role','2023-10-22 21:44:50','2023-10-22 21:44:50'),(194,1,'en','core/acl/permissions','delete_success','Delete role successfully','2023-10-22 21:44:50','2023-10-22 21:44:50'),(195,1,'en','core/acl/permissions','no_select','Please select at least one role to take this action!','2023-10-22 21:44:50','2023-10-22 21:44:50'),(196,1,'en','core/acl/permissions','not_found','No role found!','2023-10-22 21:44:50','2023-10-22 21:44:50'),(197,1,'en','core/acl/permissions','role_edit_belong_user','You are not able to edit this role; it belongs to someone else!','2023-10-22 21:44:50','2023-10-22 21:44:50'),(198,1,'en','core/acl/permissions','modified_success','Modified successfully','2023-10-22 21:44:50','2023-10-22 21:44:50'),(199,1,'en','core/acl/permissions','create_success','Create successfully','2023-10-22 21:44:50','2023-10-22 21:44:50'),(200,1,'en','core/acl/permissions','duplicated_success','Duplicated successfully','2023-10-22 21:44:50','2023-10-22 21:44:50'),(201,1,'en','core/acl/permissions','options','Options','2023-10-22 21:44:50','2023-10-22 21:44:50'),(202,1,'en','core/acl/permissions','access_denied_message','You are not allowed to do this action','2023-10-22 21:44:50','2023-10-22 21:44:50'),(203,1,'en','core/acl/permissions','roles','Roles','2023-10-22 21:44:50','2023-10-22 21:44:50'),(204,1,'en','core/acl/permissions','role_permission','Roles and Permissions','2023-10-22 21:44:50','2023-10-22 21:44:50'),(205,1,'en','core/acl/permissions','user_management','User Management','2023-10-22 21:44:50','2023-10-22 21:44:50'),(206,1,'en','core/acl/permissions','super_user_management','Super User Management','2023-10-22 21:44:50','2023-10-22 21:44:50'),(207,1,'en','core/acl/permissions','action_unauthorized','This action is unauthorized.','2023-10-22 21:44:50','2023-10-22 21:44:50'),(208,1,'en','core/acl/users','delete_user_logged_in','Can\'t delete this user. This user is logged on!','2023-10-22 21:44:50','2023-10-22 21:44:50'),(209,1,'en','core/acl/users','no_select','Please select at least one record to take this action!','2023-10-22 21:44:50','2023-10-22 21:44:50'),(210,1,'en','core/acl/users','lock_user_logged_in','Can\'t lock this user. This user is logged on!','2023-10-22 21:44:50','2023-10-22 21:44:50'),(211,1,'en','core/acl/users','update_success','Update status successfully!','2023-10-22 21:44:50','2023-10-22 21:44:50'),(212,1,'en','core/acl/users','save_setting_failed','Something went wrong when save your setting','2023-10-22 21:44:50','2023-10-22 21:44:50'),(213,1,'en','core/acl/users','not_found','User not found','2023-10-22 21:44:50','2023-10-22 21:44:50'),(214,1,'en','core/acl/users','email_exist','That email address already belongs to an existing account','2023-10-22 21:44:50','2023-10-22 21:44:50'),(215,1,'en','core/acl/users','username_exist','That username address already belongs to an existing account','2023-10-22 21:44:50','2023-10-22 21:44:50'),(216,1,'en','core/acl/users','update_profile_success','Your profile changes were successfully saved','2023-10-22 21:44:50','2023-10-22 21:44:50'),(217,1,'en','core/acl/users','password_update_success','Password successfully changed','2023-10-22 21:44:50','2023-10-22 21:44:50'),(218,1,'en','core/acl/users','current_password_not_valid','Current password is not valid','2023-10-22 21:44:50','2023-10-22 21:44:50'),(219,1,'en','core/acl/users','user_exist_in','User is already a member','2023-10-22 21:44:50','2023-10-22 21:44:50'),(220,1,'en','core/acl/users','email','Email','2023-10-22 21:44:50','2023-10-22 21:44:50'),(221,1,'en','core/acl/users','role','Role','2023-10-22 21:44:50','2023-10-22 21:44:50'),(222,1,'en','core/acl/users','username','Username','2023-10-22 21:44:50','2023-10-22 21:44:50'),(223,1,'en','core/acl/users','last_name','Last Name','2023-10-22 21:44:50','2023-10-22 21:44:50'),(224,1,'en','core/acl/users','first_name','First Name','2023-10-22 21:44:50','2023-10-22 21:44:50'),(225,1,'en','core/acl/users','message','Message','2023-10-22 21:44:50','2023-10-22 21:44:50'),(226,1,'en','core/acl/users','cancel_btn','Cancel','2023-10-22 21:44:50','2023-10-22 21:44:50'),(227,1,'en','core/acl/users','change_password','Change password','2023-10-22 21:44:50','2023-10-22 21:44:50'),(228,1,'en','core/acl/users','current_password','Current password','2023-10-22 21:44:50','2023-10-22 21:44:50'),(229,1,'en','core/acl/users','new_password','New Password','2023-10-22 21:44:50','2023-10-22 21:44:50'),(230,1,'en','core/acl/users','confirm_new_password','Confirm New Password','2023-10-22 21:44:50','2023-10-22 21:44:50'),(231,1,'en','core/acl/users','password','Password','2023-10-22 21:44:50','2023-10-22 21:44:50'),(232,1,'en','core/acl/users','save','Save','2023-10-22 21:44:50','2023-10-22 21:44:50'),(233,1,'en','core/acl/users','cannot_delete','User could not be deleted','2023-10-22 21:44:50','2023-10-22 21:44:50'),(234,1,'en','core/acl/users','deleted','User deleted','2023-10-22 21:44:50','2023-10-22 21:44:50'),(235,1,'en','core/acl/users','last_login','Last Login','2023-10-22 21:44:50','2023-10-22 21:44:50'),(236,1,'en','core/acl/users','error_update_profile_image','Error when update profile image','2023-10-22 21:44:50','2023-10-22 21:44:50'),(237,1,'en','core/acl/users','email_reminder_template','<h3>Hello :name</h3><p>The system has received a request to restore the password for your account, to complete this task please click the link below.</p><p><a href=\":link\">Reset password now</a></p><p>If not you ask recover password, please ignore this email.</p><p>This email is valid for 60 minutes after receiving the email.</p>','2023-10-22 21:44:50','2023-10-22 21:44:50'),(238,1,'en','core/acl/users','change_profile_image','Change Profile Image','2023-10-22 21:44:50','2023-10-22 21:44:50'),(239,1,'en','core/acl/users','new_image','New Image','2023-10-22 21:44:50','2023-10-22 21:44:50'),(240,1,'en','core/acl/users','loading','Loading','2023-10-22 21:44:50','2023-10-22 21:44:50'),(241,1,'en','core/acl/users','close','Close','2023-10-22 21:44:50','2023-10-22 21:44:50'),(242,1,'en','core/acl/users','update','Update','2023-10-22 21:44:50','2023-10-22 21:44:50'),(243,1,'en','core/acl/users','read_image_failed','Failed to read the image file','2023-10-22 21:44:50','2023-10-22 21:44:50'),(244,1,'en','core/acl/users','users','Users','2023-10-22 21:44:50','2023-10-22 21:44:50'),(245,1,'en','core/acl/users','update_avatar_success','Update profile image successfully!','2023-10-22 21:44:50','2023-10-22 21:44:50'),(246,1,'en','core/acl/users','info.title','User profile','2023-10-22 21:44:50','2023-10-22 21:44:50'),(247,1,'en','core/acl/users','info.first_name','First Name','2023-10-22 21:44:50','2023-10-22 21:44:50'),(248,1,'en','core/acl/users','info.last_name','Last Name','2023-10-22 21:44:50','2023-10-22 21:44:50'),(249,1,'en','core/acl/users','total_users','Total users','2023-10-22 21:44:50','2023-10-22 21:44:50'),(250,1,'en','core/acl/users','statuses.activated','Activated','2023-10-22 21:44:50','2023-10-22 21:44:50'),(251,1,'en','core/acl/users','statuses.deactivated','Deactivated','2023-10-22 21:44:50','2023-10-22 21:44:50'),(252,1,'en','core/acl/users','make_super','Make super','2023-10-22 21:44:50','2023-10-22 21:44:50'),(253,1,'en','core/acl/users','remove_super','Remove super','2023-10-22 21:44:50','2023-10-22 21:44:50'),(254,1,'en','core/acl/users','is_super','Is super?','2023-10-22 21:44:50','2023-10-22 21:44:50'),(255,1,'en','core/acl/users','email_placeholder','Ex: example@gmail.com','2023-10-22 21:44:50','2023-10-22 21:44:50'),(256,1,'en','core/acl/users','password_confirmation','Re-type password','2023-10-22 21:44:50','2023-10-22 21:44:50'),(257,1,'en','core/acl/users','select_role','Select role','2023-10-22 21:44:50','2023-10-22 21:44:50'),(258,1,'en','core/acl/users','create_new_user','Create a new user','2023-10-22 21:44:50','2023-10-22 21:44:50'),(259,1,'en','core/acl/users','cannot_delete_super_user','Permission denied. Cannot delete a super user!','2023-10-22 21:44:50','2023-10-22 21:44:50'),(260,1,'en','core/acl/users','assigned_role','Assigned Role','2023-10-22 21:44:50','2023-10-22 21:44:50'),(261,1,'en','core/acl/users','no_role_assigned','No role assigned','2023-10-22 21:44:50','2023-10-22 21:44:50'),(262,1,'en','core/acl/users','view_user_profile','View user\'s profile','2023-10-22 21:44:50','2023-10-22 21:44:50'),(263,1,'en','core/base/base','yes','Yes','2023-10-22 21:44:50','2023-10-22 21:44:50'),(264,1,'en','core/base/base','no','No','2023-10-22 21:44:50','2023-10-22 21:44:50'),(265,1,'en','core/base/base','is_default','Is default?','2023-10-22 21:44:50','2023-10-22 21:44:50'),(266,1,'en','core/base/base','proc_close_disabled_error','Function proc_close() is disabled. Please contact your hosting provider to enable\n    it. Or you can add to .env: CAN_EXECUTE_COMMAND=false to disable this feature.','2023-10-22 21:44:50','2023-10-22 21:44:50'),(267,1,'en','core/base/base','email_template.header','Email template header','2023-10-22 21:44:50','2023-10-22 21:44:50'),(268,1,'en','core/base/base','email_template.footer','Email template footer','2023-10-22 21:44:50','2023-10-22 21:44:50'),(269,1,'en','core/base/base','email_template.site_title','Site title','2023-10-22 21:44:50','2023-10-22 21:44:50'),(270,1,'en','core/base/base','email_template.site_url','Site URL','2023-10-22 21:44:50','2023-10-22 21:44:50'),(271,1,'en','core/base/base','email_template.site_logo','Site Logo','2023-10-22 21:44:50','2023-10-22 21:44:50'),(272,1,'en','core/base/base','email_template.date_time','Current date time','2023-10-22 21:44:50','2023-10-22 21:44:50'),(273,1,'en','core/base/base','email_template.date_year','Current year','2023-10-22 21:44:50','2023-10-22 21:44:50'),(274,1,'en','core/base/base','email_template.site_admin_email','Site admin email','2023-10-22 21:44:50','2023-10-22 21:44:50'),(275,1,'en','core/base/base','email_template.twig.tag.apply','The apply tag allows you to apply Twig filters','2023-10-22 21:44:50','2023-10-22 21:44:50'),(276,1,'en','core/base/base','email_template.twig.tag.for','Loop over each item in a sequence','2023-10-22 21:44:50','2023-10-22 21:44:50'),(277,1,'en','core/base/base','email_template.twig.tag.if','The if statement in Twig is comparable with the if statements of PHP','2023-10-22 21:44:50','2023-10-22 21:44:50'),(278,1,'en','core/base/base','change_image','Change image','2023-10-22 21:44:50','2023-10-22 21:44:50'),(279,1,'en','core/base/base','delete_image','Delete image','2023-10-22 21:44:50','2023-10-22 21:44:50'),(280,1,'en','core/base/base','preview_image','Preview image','2023-10-22 21:44:50','2023-10-22 21:44:50'),(281,1,'en','core/base/base','image','Image','2023-10-22 21:44:50','2023-10-22 21:44:50'),(282,1,'en','core/base/base','using_button','Using button','2023-10-22 21:44:50','2023-10-22 21:44:50'),(283,1,'en','core/base/base','select_image','Select image','2023-10-22 21:44:50','2023-10-22 21:44:50'),(284,1,'en','core/base/base','to_add_more_image','to add more images','2023-10-22 21:44:50','2023-10-22 21:44:50'),(285,1,'en','core/base/base','add_image','Add image','2023-10-22 21:44:50','2023-10-22 21:44:50'),(286,1,'en','core/base/base','tools','Tools','2023-10-22 21:44:50','2023-10-22 21:44:50'),(287,1,'en','core/base/cache','cache_management','Cache management','2023-10-22 21:44:50','2023-10-22 21:44:50'),(288,1,'en','core/base/cache','cache_commands','Clear cache commands','2023-10-22 21:44:50','2023-10-22 21:44:50'),(289,1,'en','core/base/cache','commands.clear_cms_cache.title','Clear all CMS cache','2023-10-22 21:44:50','2023-10-22 21:44:50'),(290,1,'en','core/base/cache','commands.clear_cms_cache.description','Clear CMS caching: database caching, static blocks... Run this command when you don\'t see the changes after updating data.','2023-10-22 21:44:50','2023-10-22 21:44:50'),(291,1,'en','core/base/cache','commands.clear_cms_cache.success_msg','Cache cleaned','2023-10-22 21:44:50','2023-10-22 21:44:50'),(292,1,'en','core/base/cache','commands.refresh_compiled_views.title','Refresh compiled views','2023-10-22 21:44:50','2023-10-22 21:44:50'),(293,1,'en','core/base/cache','commands.refresh_compiled_views.description','Clear compiled views to make views up to date.','2023-10-22 21:44:50','2023-10-22 21:44:50'),(294,1,'en','core/base/cache','commands.refresh_compiled_views.success_msg','Cache view refreshed','2023-10-22 21:44:50','2023-10-22 21:44:50'),(295,1,'en','core/base/cache','commands.clear_config_cache.title','Clear config cache','2023-10-22 21:44:50','2023-10-22 21:44:50'),(296,1,'en','core/base/cache','commands.clear_config_cache.description','You might need to refresh the config caching when you change something on production environment.','2023-10-22 21:44:50','2023-10-22 21:44:50'),(297,1,'en','core/base/cache','commands.clear_config_cache.success_msg','Config cache cleaned','2023-10-22 21:44:50','2023-10-22 21:44:50'),(298,1,'en','core/base/cache','commands.clear_route_cache.title','Clear route cache','2023-10-22 21:44:50','2023-10-22 21:44:50'),(299,1,'en','core/base/cache','commands.clear_route_cache.description','Clear cache routing.','2023-10-22 21:44:50','2023-10-22 21:44:50'),(300,1,'en','core/base/cache','commands.clear_route_cache.success_msg','The route cache has been cleaned','2023-10-22 21:44:50','2023-10-22 21:44:50'),(301,1,'en','core/base/cache','commands.clear_log.title','Clear log','2023-10-22 21:44:50','2023-10-22 21:44:50'),(302,1,'en','core/base/cache','commands.clear_log.description','Clear system log files','2023-10-22 21:44:50','2023-10-22 21:44:50'),(303,1,'en','core/base/cache','commands.clear_log.success_msg','The system log has been cleaned','2023-10-22 21:44:50','2023-10-22 21:44:50'),(304,1,'en','core/base/enums','statuses.draft','Draft','2023-10-22 21:44:50','2023-10-22 21:44:50'),(305,1,'en','core/base/enums','statuses.pending','Pending','2023-10-22 21:44:50','2023-10-22 21:44:50'),(306,1,'en','core/base/enums','statuses.published','Published','2023-10-22 21:44:50','2023-10-22 21:44:50'),(307,1,'en','core/base/enums','system_updater_steps.download','Download update files','2023-10-22 21:44:50','2023-10-22 21:44:50'),(308,1,'en','core/base/enums','system_updater_steps.update_files','Update system files','2023-10-22 21:44:50','2023-10-22 21:44:50'),(309,1,'en','core/base/enums','system_updater_steps.update_database','Update databases','2023-10-22 21:44:50','2023-10-22 21:44:50'),(310,1,'en','core/base/enums','system_updater_steps.publish_core_assets','Publish core assets','2023-10-22 21:44:50','2023-10-22 21:44:50'),(311,1,'en','core/base/enums','system_updater_steps.publish_packages_assets','Publish packages assets','2023-10-22 21:44:50','2023-10-22 21:44:50'),(312,1,'en','core/base/enums','system_updater_steps.publish_plugins_assets','Publish plugins assets','2023-10-22 21:44:50','2023-10-22 21:44:50'),(313,1,'en','core/base/enums','system_updater_steps.publish_themes_assets','Publish themes assets','2023-10-22 21:44:50','2023-10-22 21:44:50'),(314,1,'en','core/base/enums','system_updater_steps.clean_up','Clean up system update files','2023-10-22 21:44:50','2023-10-22 21:44:50'),(315,1,'en','core/base/enums','system_updater_steps.done','System updated successfully','2023-10-22 21:44:50','2023-10-22 21:44:50'),(316,1,'en','core/base/enums','system_updater_steps.messages.download','Downloading update files...','2023-10-22 21:44:50','2023-10-22 21:44:50'),(317,1,'en','core/base/enums','system_updater_steps.messages.update_files','Updating system files...','2023-10-22 21:44:50','2023-10-22 21:44:50'),(318,1,'en','core/base/enums','system_updater_steps.messages.update_database','Updating databases...','2023-10-22 21:44:50','2023-10-22 21:44:50'),(319,1,'en','core/base/enums','system_updater_steps.messages.publish_core_assets','Publishing core assets...','2023-10-22 21:44:50','2023-10-22 21:44:50'),(320,1,'en','core/base/enums','system_updater_steps.messages.publish_packages_assets','Publishing packages assets...','2023-10-22 21:44:50','2023-10-22 21:44:50'),(321,1,'en','core/base/enums','system_updater_steps.messages.publish_plugins_assets','Publishing plugins assets...','2023-10-22 21:44:50','2023-10-22 21:44:50'),(322,1,'en','core/base/enums','system_updater_steps.messages.publish_themes_assets','Publishing themes assets...','2023-10-22 21:44:50','2023-10-22 21:44:50'),(323,1,'en','core/base/enums','system_updater_steps.messages.clean_up','Cleaning up system update files...','2023-10-22 21:44:50','2023-10-22 21:44:50'),(324,1,'en','core/base/enums','system_updater_steps.messages.done','Done! Your browser will be refreshed in 30 seconds.','2023-10-22 21:44:50','2023-10-22 21:44:50'),(325,1,'en','core/base/enums','system_updater_steps.failed_messages.download','Could not download update files','2023-10-22 21:44:50','2023-10-22 21:44:50'),(326,1,'en','core/base/enums','system_updater_steps.failed_messages.update_files','Could not update system files','2023-10-22 21:44:50','2023-10-22 21:44:50'),(327,1,'en','core/base/enums','system_updater_steps.failed_messages.update_database','Could not update databases','2023-10-22 21:44:50','2023-10-22 21:44:50'),(328,1,'en','core/base/enums','system_updater_steps.failed_messages.publish_core_assets','Could not publish core assets','2023-10-22 21:44:50','2023-10-22 21:44:50'),(329,1,'en','core/base/enums','system_updater_steps.failed_messages.publish_packages_assets','Could not publish packages assets','2023-10-22 21:44:50','2023-10-22 21:44:50'),(330,1,'en','core/base/enums','system_updater_steps.failed_messages.publish_plugins_assets','Could not publish plugins assets','2023-10-22 21:44:50','2023-10-22 21:44:50'),(331,1,'en','core/base/enums','system_updater_steps.failed_messages.publish_themes_assets','Could not publish themes assets','2023-10-22 21:44:50','2023-10-22 21:44:50'),(332,1,'en','core/base/enums','system_updater_steps.failed_messages.clean_up','Could not clean up system update files','2023-10-22 21:44:50','2023-10-22 21:44:50'),(333,1,'en','core/base/enums','system_updater_steps.success_messages.download','Downloaded update files successfully.','2023-10-22 21:44:50','2023-10-22 21:44:50'),(334,1,'en','core/base/enums','system_updater_steps.success_messages.update_files','Updated system files successfully.','2023-10-22 21:44:50','2023-10-22 21:44:50'),(335,1,'en','core/base/enums','system_updater_steps.success_messages.update_database','Updated databases successfully.','2023-10-22 21:44:50','2023-10-22 21:44:50'),(336,1,'en','core/base/enums','system_updater_steps.success_messages.publish_core_assets','Published core assets successfully.','2023-10-22 21:44:50','2023-10-22 21:44:50'),(337,1,'en','core/base/enums','system_updater_steps.success_messages.publish_packages_assets','Published packages assets successfully.','2023-10-22 21:44:50','2023-10-22 21:44:50'),(338,1,'en','core/base/enums','system_updater_steps.success_messages.publish_plugins_assets','Published plugins assets successfully.','2023-10-22 21:44:50','2023-10-22 21:44:50'),(339,1,'en','core/base/enums','system_updater_steps.success_messages.publish_themes_assets','Published themes assets successfully.','2023-10-22 21:44:50','2023-10-22 21:44:50'),(340,1,'en','core/base/enums','system_updater_steps.success_messages.clean_up','Cleaned up system update files successfully.','2023-10-22 21:44:50','2023-10-22 21:44:50'),(341,1,'en','core/base/errors','401_title','Permission Denied','2023-10-22 21:44:50','2023-10-22 21:44:50'),(342,1,'en','core/base/errors','401_msg','<li>You have not been granted access to the section by the administrator.</li>\n	                <li>You may have the wrong account type.</li>\n	                <li>You are not authorized to view the requested resource.</li>\n	                <li>Your subscription may have expired.</li>','2023-10-22 21:44:50','2023-10-22 21:44:50'),(343,1,'en','core/base/errors','404_title','Page could not be found','2023-10-22 21:44:50','2023-10-22 21:44:50'),(344,1,'en','core/base/errors','404_msg','<li>The page you requested does not exist.</li>\n	                <li>The link you clicked is no longer.</li>\n	                <li>The page may have moved to a new location.</li>\n	                <li>An error may have occurred.</li>\n	                <li>You are not authorized to view the requested resource.</li>','2023-10-22 21:44:50','2023-10-22 21:44:50'),(345,1,'en','core/base/errors','500_title','Page could not be loaded','2023-10-22 21:44:50','2023-10-22 21:44:50'),(346,1,'en','core/base/errors','500_msg','<li>The page you requested does not exist.</li>\n	                <li>The link you clicked is no longer.</li>\n	                <li>The page may have moved to a new location.</li>\n	                <li>An error may have occurred.</li>\n	                <li>You are not authorized to view the requested resource.</li>','2023-10-22 21:44:50','2023-10-22 21:44:50'),(347,1,'en','core/base/errors','reasons','This may have occurred because of several reasons','2023-10-22 21:44:50','2023-10-22 21:44:50'),(348,1,'en','core/base/errors','try_again','Please try again in a few minutes, or alternatively return to the homepage by <a href=\":link\">clicking here</a>.','2023-10-22 21:44:50','2023-10-22 21:44:50'),(349,1,'en','core/base/errors','not_found','Not Found','2023-10-22 21:44:50','2023-10-22 21:44:50'),(350,1,'en','core/base/errors','results_not_found','Results not found!','2023-10-22 21:44:50','2023-10-22 21:44:50'),(351,1,'en','core/base/forms','choose_image','Choose image','2023-10-22 21:44:50','2023-10-22 21:44:50'),(352,1,'en','core/base/forms','actions','Actions','2023-10-22 21:44:50','2023-10-22 21:44:50'),(353,1,'en','core/base/forms','save','Save & Exit','2023-10-22 21:44:50','2023-10-22 21:44:50'),(354,1,'en','core/base/forms','save_and_continue','Save','2023-10-22 21:44:50','2023-10-22 21:44:50'),(355,1,'en','core/base/forms','image','Image','2023-10-22 21:44:50','2023-10-22 21:44:50'),(356,1,'en','core/base/forms','image_placeholder','Insert path of image or click upload button','2023-10-22 21:44:50','2023-10-22 21:44:50'),(357,1,'en','core/base/forms','create','Create','2023-10-22 21:44:50','2023-10-22 21:44:50'),(358,1,'en','core/base/forms','edit','Edit','2023-10-22 21:44:50','2023-10-22 21:44:50'),(359,1,'en','core/base/forms','permalink','Permalink','2023-10-22 21:44:50','2023-10-22 21:44:50'),(360,1,'en','core/base/forms','ok','OK','2023-10-22 21:44:50','2023-10-22 21:44:50'),(361,1,'en','core/base/forms','cancel','Cancel','2023-10-22 21:44:51','2023-10-22 21:44:51'),(362,1,'en','core/base/forms','character_remain','character(s) remain','2023-10-22 21:44:51','2023-10-22 21:44:51'),(363,1,'en','core/base/forms','template','Template','2023-10-22 21:44:51','2023-10-22 21:44:51'),(364,1,'en','core/base/forms','choose_file','Choose file','2023-10-22 21:44:51','2023-10-22 21:44:51'),(365,1,'en','core/base/forms','file','File','2023-10-22 21:44:51','2023-10-22 21:44:51'),(366,1,'en','core/base/forms','content','Content','2023-10-22 21:44:51','2023-10-22 21:44:51'),(367,1,'en','core/base/forms','description','Description','2023-10-22 21:44:51','2023-10-22 21:44:51'),(368,1,'en','core/base/forms','name','Name','2023-10-22 21:44:51','2023-10-22 21:44:51'),(369,1,'en','core/base/forms','slug','Slug','2023-10-22 21:44:51','2023-10-22 21:44:51'),(370,1,'en','core/base/forms','title','Title','2023-10-22 21:44:51','2023-10-22 21:44:51'),(371,1,'en','core/base/forms','value','Value','2023-10-22 21:44:51','2023-10-22 21:44:51'),(372,1,'en','core/base/forms','name_placeholder','Name','2023-10-22 21:44:51','2023-10-22 21:44:51'),(373,1,'en','core/base/forms','alias_placeholder','Alias','2023-10-22 21:44:51','2023-10-22 21:44:51'),(374,1,'en','core/base/forms','description_placeholder','Short description','2023-10-22 21:44:51','2023-10-22 21:44:51'),(375,1,'en','core/base/forms','parent','Parent','2023-10-22 21:44:51','2023-10-22 21:44:51'),(376,1,'en','core/base/forms','icon','Icon','2023-10-22 21:44:51','2023-10-22 21:44:51'),(377,1,'en','core/base/forms','icon_placeholder','Ex: fa fa-home','2023-10-22 21:44:51','2023-10-22 21:44:51'),(378,1,'en','core/base/forms','order_by','Order by','2023-10-22 21:44:51','2023-10-22 21:44:51'),(379,1,'en','core/base/forms','order_by_placeholder','Order by','2023-10-22 21:44:51','2023-10-22 21:44:51'),(380,1,'en','core/base/forms','is_featured','Is featured?','2023-10-22 21:44:51','2023-10-22 21:44:51'),(381,1,'en','core/base/forms','is_default','Is default?','2023-10-22 21:44:51','2023-10-22 21:44:51'),(382,1,'en','core/base/forms','update','Update','2023-10-22 21:44:51','2023-10-22 21:44:51'),(383,1,'en','core/base/forms','publish','Publish','2023-10-22 21:44:51','2023-10-22 21:44:51'),(384,1,'en','core/base/forms','remove_image','Remove image','2023-10-22 21:44:51','2023-10-22 21:44:51'),(385,1,'en','core/base/forms','remove_file','Remove file','2023-10-22 21:44:51','2023-10-22 21:44:51'),(386,1,'en','core/base/forms','order','Order','2023-10-22 21:44:51','2023-10-22 21:44:51'),(387,1,'en','core/base/forms','alias','Alias','2023-10-22 21:44:51','2023-10-22 21:44:51'),(388,1,'en','core/base/forms','basic_information','Basic information','2023-10-22 21:44:51','2023-10-22 21:44:51'),(389,1,'en','core/base/forms','short_code','Shortcode','2023-10-22 21:44:51','2023-10-22 21:44:51'),(390,1,'en','core/base/forms','add_short_code','Add a shortcode','2023-10-22 21:44:51','2023-10-22 21:44:51'),(391,1,'en','core/base/forms','add','Add','2023-10-22 21:44:51','2023-10-22 21:44:51'),(392,1,'en','core/base/forms','link','Link','2023-10-22 21:44:51','2023-10-22 21:44:51'),(393,1,'en','core/base/forms','show_hide_editor','Show/Hide Editor','2023-10-22 21:44:51','2023-10-22 21:44:51'),(394,1,'en','core/base/forms','basic_info_title','Basic information','2023-10-22 21:44:51','2023-10-22 21:44:51'),(395,1,'en','core/base/forms','expand_all','Expand all','2023-10-22 21:44:51','2023-10-22 21:44:51'),(396,1,'en','core/base/forms','collapse_all','Collapse all','2023-10-22 21:44:51','2023-10-22 21:44:51'),(397,1,'en','core/base/forms','view_new_tab','Open in new tab','2023-10-22 21:44:51','2023-10-22 21:44:51'),(398,1,'en','core/base/forms','view_preview_image','View preview image','2023-10-22 21:44:51','2023-10-22 21:44:51'),(399,1,'en','core/base/forms','edit_item','Edit \":name\"','2023-10-22 21:44:51','2023-10-22 21:44:51'),(400,1,'en','core/base/layouts','platform_admin','Platform Administration','2023-10-22 21:44:51','2023-10-22 21:44:51'),(401,1,'en','core/base/layouts','dashboard','Dashboard','2023-10-22 21:44:51','2023-10-22 21:44:51'),(402,1,'en','core/base/layouts','widgets','Widgets','2023-10-22 21:44:51','2023-10-22 21:44:51'),(403,1,'en','core/base/layouts','plugins','Plugins','2023-10-22 21:44:51','2023-10-22 21:44:51'),(404,1,'en','core/base/layouts','settings','Settings','2023-10-22 21:44:51','2023-10-22 21:44:51'),(405,1,'en','core/base/layouts','setting_general','General','2023-10-22 21:44:51','2023-10-22 21:44:51'),(406,1,'en','core/base/layouts','setting_email','Email','2023-10-22 21:44:51','2023-10-22 21:44:51'),(407,1,'en','core/base/layouts','system_information','System information','2023-10-22 21:44:51','2023-10-22 21:44:51'),(408,1,'en','core/base/layouts','theme','Theme','2023-10-22 21:44:51','2023-10-22 21:44:51'),(409,1,'en','core/base/layouts','copyright','Copyright :year &copy; :company. Version: <span>:version</span>','2023-10-22 21:44:51','2023-10-22 21:44:51'),(410,1,'en','core/base/layouts','profile','Profile','2023-10-22 21:44:51','2023-10-22 21:44:51'),(411,1,'en','core/base/layouts','logout','Logout','2023-10-22 21:44:51','2023-10-22 21:44:51'),(412,1,'en','core/base/layouts','no_search_result','No results found, please try with different keywords.','2023-10-22 21:44:51','2023-10-22 21:44:51'),(413,1,'en','core/base/layouts','home','Home','2023-10-22 21:44:51','2023-10-22 21:44:51'),(414,1,'en','core/base/layouts','search','Search','2023-10-22 21:44:51','2023-10-22 21:44:51'),(415,1,'en','core/base/layouts','add_new','Add new','2023-10-22 21:44:51','2023-10-22 21:44:51'),(416,1,'en','core/base/layouts','n_a','N/A','2023-10-22 21:44:51','2023-10-22 21:44:51'),(417,1,'en','core/base/layouts','page_loaded_time','Page loaded in','2023-10-22 21:44:51','2023-10-22 21:44:51'),(418,1,'en','core/base/layouts','view_website','View website','2023-10-22 21:44:51','2023-10-22 21:44:51'),(419,1,'en','core/base/notices','create_success_message','Created successfully','2023-10-22 21:44:51','2023-10-22 21:44:51'),(420,1,'en','core/base/notices','update_success_message','Updated successfully','2023-10-22 21:44:51','2023-10-22 21:44:51'),(421,1,'en','core/base/notices','delete_success_message','Deleted successfully','2023-10-22 21:44:51','2023-10-22 21:44:51'),(422,1,'en','core/base/notices','success_header','Success!','2023-10-22 21:44:51','2023-10-22 21:44:51'),(423,1,'en','core/base/notices','error_header','Error!','2023-10-22 21:44:51','2023-10-22 21:44:51'),(424,1,'en','core/base/notices','no_select','Please select at least one record to perform this action!','2023-10-22 21:44:51','2023-10-22 21:44:51'),(425,1,'en','core/base/notices','processing_request','We are processing your request.','2023-10-22 21:44:51','2023-10-22 21:44:51'),(426,1,'en','core/base/notices','error','Error!','2023-10-22 21:44:51','2023-10-22 21:44:51'),(427,1,'en','core/base/notices','success','Success!','2023-10-22 21:44:51','2023-10-22 21:44:51'),(428,1,'en','core/base/notices','info','Info!','2023-10-22 21:44:51','2023-10-22 21:44:51'),(429,1,'en','core/base/notices','enum.validate_message','The :attribute value you have entered is invalid.','2023-10-22 21:44:51','2023-10-22 21:44:51'),(430,1,'en','core/base/notifications','notifications','Notifications','2023-10-22 21:44:51','2023-10-22 21:44:51'),(431,1,'en','core/base/notifications','mark_as_read','Mark as read','2023-10-22 21:44:51','2023-10-22 21:44:51'),(432,1,'en','core/base/notifications','clear','Clear','2023-10-22 21:44:51','2023-10-22 21:44:51'),(433,1,'en','core/base/notifications','no_notification_here','No notifications here','2023-10-22 21:44:51','2023-10-22 21:44:51'),(434,1,'en','core/base/notifications','please_check_again_later','Please check again later','2023-10-22 21:44:51','2023-10-22 21:44:51'),(435,1,'en','core/base/notifications','view_more','View more...','2023-10-22 21:44:51','2023-10-22 21:44:51'),(436,1,'en','core/base/notifications','view','View','2023-10-22 21:44:51','2023-10-22 21:44:51'),(437,1,'en','core/base/notifications','show_more','Show more','2023-10-22 21:44:51','2023-10-22 21:44:51'),(438,1,'en','core/base/notifications','show_less','Show less','2023-10-22 21:44:51','2023-10-22 21:44:51'),(439,1,'en','core/base/system','no_select','Please select at least one record to take this action!','2023-10-22 21:44:51','2023-10-22 21:44:51'),(440,1,'en','core/base/system','cannot_find_user','Unable to find specified user','2023-10-22 21:44:51','2023-10-22 21:44:51'),(441,1,'en','core/base/system','supper_revoked','Super user access revoked','2023-10-22 21:44:51','2023-10-22 21:44:51'),(442,1,'en','core/base/system','cannot_revoke_yourself','Can not revoke supper user access permission yourself!','2023-10-22 21:44:51','2023-10-22 21:44:51'),(443,1,'en','core/base/system','cant_remove_supper','You don\'t has permission to remove this super user','2023-10-22 21:44:51','2023-10-22 21:44:51'),(444,1,'en','core/base/system','cant_find_user_with_email','Unable to find user with specified email address','2023-10-22 21:44:51','2023-10-22 21:44:51'),(445,1,'en','core/base/system','supper_granted','Super user access granted','2023-10-22 21:44:51','2023-10-22 21:44:51'),(446,1,'en','core/base/system','delete_log_success','Delete log file successfully!','2023-10-22 21:44:51','2023-10-22 21:44:51'),(447,1,'en','core/base/system','get_member_success','Member list retrieved successfully','2023-10-22 21:44:51','2023-10-22 21:44:51'),(448,1,'en','core/base/system','error_occur','The following errors occurred','2023-10-22 21:44:51','2023-10-22 21:44:51'),(449,1,'en','core/base/system','user_management','User Management','2023-10-22 21:44:51','2023-10-22 21:44:51'),(450,1,'en','core/base/system','user_management_description','Manage users.','2023-10-22 21:44:51','2023-10-22 21:44:51'),(451,1,'en','core/base/system','role_and_permission','Roles and Permissions','2023-10-22 21:44:51','2023-10-22 21:44:51'),(452,1,'en','core/base/system','role_and_permission_description','Manage the available roles.','2023-10-22 21:44:51','2023-10-22 21:44:51'),(453,1,'en','core/base/system','user.list_super','List Super Users','2023-10-22 21:44:51','2023-10-22 21:44:51'),(454,1,'en','core/base/system','user.email','Email','2023-10-22 21:44:51','2023-10-22 21:44:51'),(455,1,'en','core/base/system','user.last_login','Last Login','2023-10-22 21:44:51','2023-10-22 21:44:51'),(456,1,'en','core/base/system','user.username','Username','2023-10-22 21:44:51','2023-10-22 21:44:51'),(457,1,'en','core/base/system','user.add_user','Add Super User','2023-10-22 21:44:51','2023-10-22 21:44:51'),(458,1,'en','core/base/system','user.cancel','Cancel','2023-10-22 21:44:51','2023-10-22 21:44:51'),(459,1,'en','core/base/system','user.create','Create','2023-10-22 21:44:51','2023-10-22 21:44:51'),(460,1,'en','core/base/system','options.features','Feature Access Control','2023-10-22 21:44:51','2023-10-22 21:44:51'),(461,1,'en','core/base/system','options.feature_description','Manage the available.','2023-10-22 21:44:51','2023-10-22 21:44:51'),(462,1,'en','core/base/system','options.manage_super','Super User Management','2023-10-22 21:44:51','2023-10-22 21:44:51'),(463,1,'en','core/base/system','options.manage_super_description','Add/remove super users.','2023-10-22 21:44:51','2023-10-22 21:44:51'),(464,1,'en','core/base/system','options.info','System information','2023-10-22 21:44:51','2023-10-22 21:44:51'),(465,1,'en','core/base/system','options.info_description','All information about current system configuration.','2023-10-22 21:44:51','2023-10-22 21:44:51'),(466,1,'en','core/base/system','info.title','System information','2023-10-22 21:44:51','2023-10-22 21:44:51'),(467,1,'en','core/base/system','info.cache','Cache','2023-10-22 21:44:51','2023-10-22 21:44:51'),(468,1,'en','core/base/system','info.locale','Active locale','2023-10-22 21:44:51','2023-10-22 21:44:51'),(469,1,'en','core/base/system','info.environment','Environment','2023-10-22 21:44:51','2023-10-22 21:44:51'),(470,1,'en','core/base/system','disabled_in_demo_mode','You cannot do it in demo mode!','2023-10-22 21:44:51','2023-10-22 21:44:51'),(471,1,'en','core/base/system','report_description','Please share this information for troubleshooting','2023-10-22 21:44:51','2023-10-22 21:44:51'),(472,1,'en','core/base/system','get_system_report','Get System Report','2023-10-22 21:44:51','2023-10-22 21:44:51'),(473,1,'en','core/base/system','system_environment','System Environment','2023-10-22 21:44:51','2023-10-22 21:44:51'),(474,1,'en','core/base/system','framework_version','Framework Version','2023-10-22 21:44:51','2023-10-22 21:44:51'),(475,1,'en','core/base/system','timezone','Timezone','2023-10-22 21:44:51','2023-10-22 21:44:51'),(476,1,'en','core/base/system','debug_mode','Debug Mode','2023-10-22 21:44:51','2023-10-22 21:44:51'),(477,1,'en','core/base/system','debug_mode_off','Debug Mode Off','2023-10-22 21:44:52','2023-10-22 21:44:52'),(478,1,'en','core/base/system','storage_dir_writable','Storage Dir Writable','2023-10-22 21:44:52','2023-10-22 21:44:52'),(479,1,'en','core/base/system','cache_dir_writable','Cache Dir Writable','2023-10-22 21:44:52','2023-10-22 21:44:52'),(480,1,'en','core/base/system','app_size','App Size','2023-10-22 21:44:52','2023-10-22 21:44:52'),(481,1,'en','core/base/system','server_environment','Server Environment','2023-10-22 21:44:52','2023-10-22 21:44:52'),(482,1,'en','core/base/system','php_version','PHP Version','2023-10-22 21:44:52','2023-10-22 21:44:52'),(483,1,'en','core/base/system','php_version_error','PHP must be >= :version','2023-10-22 21:44:52','2023-10-22 21:44:52'),(484,1,'en','core/base/system','server_software','Server Software','2023-10-22 21:44:52','2023-10-22 21:44:52'),(485,1,'en','core/base/system','server_os','Server OS','2023-10-22 21:44:52','2023-10-22 21:44:52'),(486,1,'en','core/base/system','database','Database','2023-10-22 21:44:52','2023-10-22 21:44:52'),(487,1,'en','core/base/system','ssl_installed','SSL Installed','2023-10-22 21:44:52','2023-10-22 21:44:52'),(488,1,'en','core/base/system','cache_driver','Cache Driver','2023-10-22 21:44:52','2023-10-22 21:44:52'),(489,1,'en','core/base/system','session_driver','Session Driver','2023-10-22 21:44:52','2023-10-22 21:44:52'),(490,1,'en','core/base/system','queue_connection','Queue Connection','2023-10-22 21:44:52','2023-10-22 21:44:52'),(491,1,'en','core/base/system','mbstring_ext','Mbstring Ext','2023-10-22 21:44:52','2023-10-22 21:44:52'),(492,1,'en','core/base/system','openssl_ext','OpenSSL Ext','2023-10-22 21:44:52','2023-10-22 21:44:52'),(493,1,'en','core/base/system','pdo_ext','PDO Ext','2023-10-22 21:44:52','2023-10-22 21:44:52'),(494,1,'en','core/base/system','curl_ext','CURL Ext','2023-10-22 21:44:52','2023-10-22 21:44:52'),(495,1,'en','core/base/system','exif_ext','Exif Ext','2023-10-22 21:44:52','2023-10-22 21:44:52'),(496,1,'en','core/base/system','file_info_ext','File info Ext','2023-10-22 21:44:52','2023-10-22 21:44:52'),(497,1,'en','core/base/system','tokenizer_ext','Tokenizer Ext','2023-10-22 21:44:52','2023-10-22 21:44:52'),(498,1,'en','core/base/system','extra_stats','Extra Stats','2023-10-22 21:44:52','2023-10-22 21:44:52'),(499,1,'en','core/base/system','installed_packages','Installed packages and their version numbers','2023-10-22 21:44:52','2023-10-22 21:44:52'),(500,1,'en','core/base/system','extra_information','Extra Information','2023-10-22 21:44:52','2023-10-22 21:44:52'),(501,1,'en','core/base/system','copy_report','Copy Report','2023-10-22 21:44:52','2023-10-22 21:44:52'),(502,1,'en','core/base/system','package_name','Package Name','2023-10-22 21:44:52','2023-10-22 21:44:52'),(503,1,'en','core/base/system','dependency_name','Dependency Name','2023-10-22 21:44:52','2023-10-22 21:44:52'),(504,1,'en','core/base/system','version','Version','2023-10-22 21:44:52','2023-10-22 21:44:52'),(505,1,'en','core/base/system','cms_version','CMS Version','2023-10-22 21:44:52','2023-10-22 21:44:52'),(506,1,'en','core/base/system','imagick_or_gd_ext','Imagick/GD Ext','2023-10-22 21:44:52','2023-10-22 21:44:52'),(507,1,'en','core/base/system','updater','System Updater','2023-10-22 21:44:52','2023-10-22 21:44:52'),(508,1,'en','core/base/system','zip','Zip Ext','2023-10-22 21:44:52','2023-10-22 21:44:52'),(509,1,'en','core/base/system','iconv','Iconv Ext','2023-10-22 21:44:52','2023-10-22 21:44:52'),(510,1,'en','core/base/system','memory_limit','Memory limit','2023-10-22 21:44:52','2023-10-22 21:44:52'),(511,1,'en','core/base/system','max_execution_time','Max execution time (s)','2023-10-22 21:44:52','2023-10-22 21:44:52'),(512,1,'en','core/base/system','allow_url_fopen_enabled','allow_url_fopen enabled','2023-10-22 21:44:52','2023-10-22 21:44:52'),(513,1,'en','core/base/system','cleanup.title','Cleanup System','2023-10-22 21:44:52','2023-10-22 21:44:52'),(514,1,'en','core/base/system','cleanup.table.name','Table Name','2023-10-22 21:44:52','2023-10-22 21:44:52'),(515,1,'en','core/base/system','cleanup.table.count','Records','2023-10-22 21:44:52','2023-10-22 21:44:52'),(516,1,'en','core/base/system','cleanup.backup_alert','Please backup your database and script files before cleanup, it will clear your data in database.','2023-10-22 21:44:52','2023-10-22 21:44:52'),(517,1,'en','core/base/system','cleanup.messenger_choose_without_table','Please choose to ignore tables that do not want to be cleaned','2023-10-22 21:44:52','2023-10-22 21:44:52'),(518,1,'en','core/base/system','cleanup.messenger_confirm_cleanup','Are you sure you want to database cleanup action, it will clear your data in database?','2023-10-22 21:44:52','2023-10-22 21:44:52'),(519,1,'en','core/base/system','cleanup.submit_button','Cleanup','2023-10-22 21:44:52','2023-10-22 21:44:52'),(520,1,'en','core/base/system','cleanup.success_message','Cleaned data successfully','2023-10-22 21:44:52','2023-10-22 21:44:52'),(521,1,'en','core/base/system','cleanup.not_enabled_yet','This featured is not enabled yet. <br />Please add into .env: <code>CMS_ENABLED_CLEANUP_DATABASE=true</code> to enable this feature!','2023-10-22 21:44:52','2023-10-22 21:44:52'),(522,1,'en','core/base/tables','id','ID','2023-10-22 21:44:52','2023-10-22 21:44:52'),(523,1,'en','core/base/tables','name','Name','2023-10-22 21:44:52','2023-10-22 21:44:52'),(524,1,'en','core/base/tables','slug','Slug','2023-10-22 21:44:52','2023-10-22 21:44:52'),(525,1,'en','core/base/tables','title','Title','2023-10-22 21:44:52','2023-10-22 21:44:52'),(526,1,'en','core/base/tables','order_by','Order By','2023-10-22 21:44:52','2023-10-22 21:44:52'),(527,1,'en','core/base/tables','order','Order','2023-10-22 21:44:52','2023-10-22 21:44:52'),(528,1,'en','core/base/tables','status','Status','2023-10-22 21:44:52','2023-10-22 21:44:52'),(529,1,'en','core/base/tables','created_at','Created At','2023-10-22 21:44:52','2023-10-22 21:44:52'),(530,1,'en','core/base/tables','updated_at','Updated At','2023-10-22 21:44:52','2023-10-22 21:44:52'),(531,1,'en','core/base/tables','description','Description','2023-10-22 21:44:52','2023-10-22 21:44:52'),(532,1,'en','core/base/tables','operations','Operations','2023-10-22 21:44:52','2023-10-22 21:44:52'),(533,1,'en','core/base/tables','url','URL','2023-10-22 21:44:52','2023-10-22 21:44:52'),(534,1,'en','core/base/tables','author','Author','2023-10-22 21:44:52','2023-10-22 21:44:52'),(535,1,'en','core/base/tables','notes','Notes','2023-10-22 21:44:52','2023-10-22 21:44:52'),(536,1,'en','core/base/tables','column','Column','2023-10-22 21:44:52','2023-10-22 21:44:52'),(537,1,'en','core/base/tables','origin','Origin','2023-10-22 21:44:52','2023-10-22 21:44:52'),(538,1,'en','core/base/tables','after_change','After changes','2023-10-22 21:44:52','2023-10-22 21:44:52'),(539,1,'en','core/base/tables','views','Views','2023-10-22 21:44:53','2023-10-22 21:44:53'),(540,1,'en','core/base/tables','browser','Browser','2023-10-22 21:44:53','2023-10-22 21:44:53'),(541,1,'en','core/base/tables','session','Session','2023-10-22 21:44:53','2023-10-22 21:44:53'),(542,1,'en','core/base/tables','activated','activated','2023-10-22 21:44:53','2023-10-22 21:44:53'),(543,1,'en','core/base/tables','deactivated','deactivated','2023-10-22 21:44:53','2023-10-22 21:44:53'),(544,1,'en','core/base/tables','is_featured','Is featured','2023-10-22 21:44:53','2023-10-22 21:44:53'),(545,1,'en','core/base/tables','edit','Edit','2023-10-22 21:44:53','2023-10-22 21:44:53'),(546,1,'en','core/base/tables','delete','Delete','2023-10-22 21:44:53','2023-10-22 21:44:53'),(547,1,'en','core/base/tables','restore','Restore','2023-10-22 21:44:53','2023-10-22 21:44:53'),(548,1,'en','core/base/tables','activate','Activate','2023-10-22 21:44:53','2023-10-22 21:44:53'),(549,1,'en','core/base/tables','deactivate','Deactivate','2023-10-22 21:44:53','2023-10-22 21:44:53'),(550,1,'en','core/base/tables','excel','Excel','2023-10-22 21:44:53','2023-10-22 21:44:53'),(551,1,'en','core/base/tables','export','Export','2023-10-22 21:44:53','2023-10-22 21:44:53'),(552,1,'en','core/base/tables','csv','CSV','2023-10-22 21:44:53','2023-10-22 21:44:53'),(553,1,'en','core/base/tables','pdf','PDF','2023-10-22 21:44:53','2023-10-22 21:44:53'),(554,1,'en','core/base/tables','print','Print','2023-10-22 21:44:53','2023-10-22 21:44:53'),(555,1,'en','core/base/tables','reset','Reset','2023-10-22 21:44:53','2023-10-22 21:44:53'),(556,1,'en','core/base/tables','reload','Reload','2023-10-22 21:44:53','2023-10-22 21:44:53'),(557,1,'en','core/base/tables','display','Display','2023-10-22 21:44:53','2023-10-22 21:44:53'),(558,1,'en','core/base/tables','all','All','2023-10-22 21:44:53','2023-10-22 21:44:53'),(559,1,'en','core/base/tables','add_new','Add New','2023-10-22 21:44:53','2023-10-22 21:44:53'),(560,1,'en','core/base/tables','action','Actions','2023-10-22 21:44:53','2023-10-22 21:44:53'),(561,1,'en','core/base/tables','delete_entry','Delete','2023-10-22 21:44:53','2023-10-22 21:44:53'),(562,1,'en','core/base/tables','view','View Detail','2023-10-22 21:44:53','2023-10-22 21:44:53'),(563,1,'en','core/base/tables','save','Save','2023-10-22 21:44:53','2023-10-22 21:44:53'),(564,1,'en','core/base/tables','show_from','Show from','2023-10-22 21:44:53','2023-10-22 21:44:53'),(565,1,'en','core/base/tables','to','to','2023-10-22 21:44:53','2023-10-22 21:44:53'),(566,1,'en','core/base/tables','in','in','2023-10-22 21:44:53','2023-10-22 21:44:53'),(567,1,'en','core/base/tables','records','records','2023-10-22 21:44:53','2023-10-22 21:44:53'),(568,1,'en','core/base/tables','no_data','No data to display','2023-10-22 21:44:53','2023-10-22 21:44:53'),(569,1,'en','core/base/tables','no_record','No record','2023-10-22 21:44:53','2023-10-22 21:44:53'),(570,1,'en','core/base/tables','confirm_delete','Confirm delete','2023-10-22 21:44:53','2023-10-22 21:44:53'),(571,1,'en','core/base/tables','confirm_delete_msg','Do you really want to delete this record?','2023-10-22 21:44:53','2023-10-22 21:44:53'),(572,1,'en','core/base/tables','confirm_delete_many_msg','Do you really want to delete selected record(s)?','2023-10-22 21:44:53','2023-10-22 21:44:53'),(573,1,'en','core/base/tables','cancel','Cancel','2023-10-22 21:44:53','2023-10-22 21:44:53'),(574,1,'en','core/base/tables','template','Template','2023-10-22 21:44:53','2023-10-22 21:44:53'),(575,1,'en','core/base/tables','email','Email','2023-10-22 21:44:53','2023-10-22 21:44:53'),(576,1,'en','core/base/tables','last_login','Last login','2023-10-22 21:44:53','2023-10-22 21:44:53'),(577,1,'en','core/base/tables','shortcode','Shortcode','2023-10-22 21:44:53','2023-10-22 21:44:53'),(578,1,'en','core/base/tables','image','Image','2023-10-22 21:44:53','2023-10-22 21:44:53'),(579,1,'en','core/base/tables','bulk_changes','Bulk changes','2023-10-22 21:44:53','2023-10-22 21:44:53'),(580,1,'en','core/base/tables','submit','Submit','2023-10-22 21:44:54','2023-10-22 21:44:54'),(581,1,'en','core/base/tables','please_select_record','Please select at least one record to perform this action!','2023-10-22 21:44:54','2023-10-22 21:44:54'),(582,1,'en','core/base/tables','checkbox','Checkbox','2023-10-22 21:44:54','2023-10-22 21:44:54'),(583,1,'en','core/base/tabs','detail','Detail','2023-10-22 21:44:54','2023-10-22 21:44:54'),(584,1,'en','core/base/tabs','file','Files','2023-10-22 21:44:54','2023-10-22 21:44:54'),(585,1,'en','core/base/tabs','record_note','Record Note','2023-10-22 21:44:54','2023-10-22 21:44:54'),(586,1,'en','core/base/tabs','revision','Revision History','2023-10-22 21:44:54','2023-10-22 21:44:54'),(587,1,'en','core/dashboard/dashboard','update_position_success','Update widget position successfully!','2023-10-22 21:44:54','2023-10-22 21:44:54'),(588,1,'en','core/dashboard/dashboard','hide_success','Update widget successfully!','2023-10-22 21:44:54','2023-10-22 21:44:54'),(589,1,'en','core/dashboard/dashboard','confirm_hide','Are you sure?','2023-10-22 21:44:54','2023-10-22 21:44:54'),(590,1,'en','core/dashboard/dashboard','hide_message','Do you really want to hide this widget? It will be disappear on Dashboard!','2023-10-22 21:44:54','2023-10-22 21:44:54'),(591,1,'en','core/dashboard/dashboard','confirm_hide_btn','Yes, hide this widget','2023-10-22 21:44:54','2023-10-22 21:44:54'),(592,1,'en','core/dashboard/dashboard','cancel_hide_btn','Cancel','2023-10-22 21:44:54','2023-10-22 21:44:54'),(593,1,'en','core/dashboard/dashboard','collapse_expand','Collapse/Expand','2023-10-22 21:44:54','2023-10-22 21:44:54'),(594,1,'en','core/dashboard/dashboard','hide','Hide','2023-10-22 21:44:54','2023-10-22 21:44:54'),(595,1,'en','core/dashboard/dashboard','reload','Reload','2023-10-22 21:44:54','2023-10-22 21:44:54'),(596,1,'en','core/dashboard/dashboard','save_setting_success','Save widget settings successfully!','2023-10-22 21:44:54','2023-10-22 21:44:54'),(597,1,'en','core/dashboard/dashboard','widget_not_exists','Widget is not exits!','2023-10-22 21:44:54','2023-10-22 21:44:54'),(598,1,'en','core/dashboard/dashboard','manage_widgets','Manage Widgets','2023-10-22 21:44:54','2023-10-22 21:44:54'),(599,1,'en','core/dashboard/dashboard','fullscreen','Full screen','2023-10-22 21:44:54','2023-10-22 21:44:54'),(600,1,'en','core/dashboard/dashboard','title','Dashboard','2023-10-22 21:44:54','2023-10-22 21:44:54'),(601,1,'en','core/dashboard/dashboard','predefined_ranges.today','Today','2023-10-22 21:44:54','2023-10-22 21:44:54'),(602,1,'en','core/dashboard/dashboard','predefined_ranges.yesterday','Yesterday','2023-10-22 21:44:54','2023-10-22 21:44:54'),(603,1,'en','core/dashboard/dashboard','predefined_ranges.this_week','This Week','2023-10-22 21:44:54','2023-10-22 21:44:54'),(604,1,'en','core/dashboard/dashboard','predefined_ranges.last_7_days','Last 7 Days','2023-10-22 21:44:54','2023-10-22 21:44:54'),(605,1,'en','core/dashboard/dashboard','predefined_ranges.this_month','This Month','2023-10-22 21:44:54','2023-10-22 21:44:54'),(606,1,'en','core/dashboard/dashboard','predefined_ranges.last_30_days','Last 30 Days','2023-10-22 21:44:54','2023-10-22 21:44:54'),(607,1,'en','core/dashboard/dashboard','predefined_ranges.this_year','This Year','2023-10-22 21:44:54','2023-10-22 21:44:54'),(608,1,'en','core/media/media','filter','Filter','2023-10-22 21:44:54','2023-10-22 21:44:54'),(609,1,'en','core/media/media','everything','Everything','2023-10-22 21:44:54','2023-10-22 21:44:54'),(610,1,'en','core/media/media','image','Image','2023-10-22 21:44:54','2023-10-22 21:44:54'),(611,1,'en','core/media/media','video','Video','2023-10-22 21:44:54','2023-10-22 21:44:54'),(612,1,'en','core/media/media','document','Document','2023-10-22 21:44:54','2023-10-22 21:44:54'),(613,1,'en','core/media/media','view_in','View in','2023-10-22 21:44:54','2023-10-22 21:44:54'),(614,1,'en','core/media/media','all_media','All media','2023-10-22 21:44:54','2023-10-22 21:44:54'),(615,1,'en','core/media/media','trash','Trash','2023-10-22 21:44:54','2023-10-22 21:44:54'),(616,1,'en','core/media/media','recent','Recent','2023-10-22 21:44:54','2023-10-22 21:44:54'),(617,1,'en','core/media/media','favorites','Favorites','2023-10-22 21:44:54','2023-10-22 21:44:54'),(618,1,'en','core/media/media','upload','Upload','2023-10-22 21:44:54','2023-10-22 21:44:54'),(619,1,'en','core/media/media','create_folder','Create folder','2023-10-22 21:44:54','2023-10-22 21:44:54'),(620,1,'en','core/media/media','refresh','Refresh','2023-10-22 21:44:54','2023-10-22 21:44:54'),(621,1,'en','core/media/media','empty_trash','Empty trash','2023-10-22 21:44:54','2023-10-22 21:44:54'),(622,1,'en','core/media/media','search_file_and_folder','Search in current folder','2023-10-22 21:44:54','2023-10-22 21:44:54'),(623,1,'en','core/media/media','sort','Sort','2023-10-22 21:44:54','2023-10-22 21:44:54'),(624,1,'en','core/media/media','file_name_asc','File name - ASC','2023-10-22 21:44:54','2023-10-22 21:44:54'),(625,1,'en','core/media/media','file_name_desc','File name - DESC','2023-10-22 21:44:54','2023-10-22 21:44:54'),(626,1,'en','core/media/media','uploaded_date_asc','Uploaded date - ASC','2023-10-22 21:44:54','2023-10-22 21:44:54'),(627,1,'en','core/media/media','uploaded_date_desc','Uploaded date - DESC','2023-10-22 21:44:54','2023-10-22 21:44:54'),(628,1,'en','core/media/media','size_asc','Size - ASC','2023-10-22 21:44:54','2023-10-22 21:44:54'),(629,1,'en','core/media/media','size_desc','Size - DESC','2023-10-22 21:44:54','2023-10-22 21:44:54'),(630,1,'en','core/media/media','actions','Actions','2023-10-22 21:44:54','2023-10-22 21:44:54'),(631,1,'en','core/media/media','nothing_is_selected','Nothing is selected','2023-10-22 21:44:54','2023-10-22 21:44:54'),(632,1,'en','core/media/media','insert','Insert','2023-10-22 21:44:54','2023-10-22 21:44:54'),(633,1,'en','core/media/media','folder_name','Folder name','2023-10-22 21:44:54','2023-10-22 21:44:54'),(634,1,'en','core/media/media','create','Create','2023-10-22 21:44:54','2023-10-22 21:44:54'),(635,1,'en','core/media/media','rename','Rename','2023-10-22 21:44:54','2023-10-22 21:44:54'),(636,1,'en','core/media/media','crop','Crop','2023-10-22 21:44:54','2023-10-22 21:44:54'),(637,1,'en','core/media/media','close','Close','2023-10-22 21:44:54','2023-10-22 21:44:54'),(638,1,'en','core/media/media','save_changes','Save changes','2023-10-22 21:44:54','2023-10-22 21:44:54'),(639,1,'en','core/media/media','move_to_trash','Move items to trash','2023-10-22 21:44:54','2023-10-22 21:44:54'),(640,1,'en','core/media/media','confirm_trash','Are you sure you want to move these items to trash?','2023-10-22 21:44:54','2023-10-22 21:44:54'),(641,1,'en','core/media/media','confirm','Confirm','2023-10-22 21:44:54','2023-10-22 21:44:54'),(642,1,'en','core/media/media','confirm_delete','Delete item(s)','2023-10-22 21:44:54','2023-10-22 21:44:54'),(643,1,'en','core/media/media','confirm_delete_description','Your request cannot rollback. Are you sure you wanna delete these items?','2023-10-22 21:44:54','2023-10-22 21:44:54'),(644,1,'en','core/media/media','empty_trash_title','Empty trash','2023-10-22 21:44:54','2023-10-22 21:44:54'),(645,1,'en','core/media/media','empty_trash_description','Your request cannot rollback. Are you sure you wanna remove all items in trash?','2023-10-22 21:44:54','2023-10-22 21:44:54'),(646,1,'en','core/media/media','up_level','Up one level','2023-10-22 21:44:54','2023-10-22 21:44:54'),(647,1,'en','core/media/media','upload_progress','Upload progress','2023-10-22 21:44:54','2023-10-22 21:44:54'),(648,1,'en','core/media/media','alt_text','Alt text','2023-10-22 21:44:54','2023-10-22 21:44:54'),(649,1,'en','core/media/media','folder_created','Folder is created successfully!','2023-10-22 21:44:54','2023-10-22 21:44:54'),(650,1,'en','core/media/media','gallery','Media gallery','2023-10-22 21:44:54','2023-10-22 21:44:54'),(651,1,'en','core/media/media','trash_error','Error when delete selected item(s)','2023-10-22 21:44:54','2023-10-22 21:44:54'),(652,1,'en','core/media/media','trash_success','Moved selected item(s) to trash successfully!','2023-10-22 21:44:54','2023-10-22 21:44:54'),(653,1,'en','core/media/media','restore_error','Error when restore selected item(s)','2023-10-22 21:44:54','2023-10-22 21:44:54'),(654,1,'en','core/media/media','restore_success','Restore selected item(s) successfully!','2023-10-22 21:44:54','2023-10-22 21:44:54'),(655,1,'en','core/media/media','copy_success','Copied selected item(s) successfully!','2023-10-22 21:44:54','2023-10-22 21:44:54'),(656,1,'en','core/media/media','delete_success','Deleted selected item(s) successfully!','2023-10-22 21:44:54','2023-10-22 21:44:54'),(657,1,'en','core/media/media','favorite_success','Favorite selected item(s) successfully!','2023-10-22 21:44:54','2023-10-22 21:44:54'),(658,1,'en','core/media/media','remove_favorite_success','Remove selected item(s) from favorites successfully!','2023-10-22 21:44:54','2023-10-22 21:44:54'),(659,1,'en','core/media/media','rename_error','Error when rename item(s)','2023-10-22 21:44:54','2023-10-22 21:44:54'),(660,1,'en','core/media/media','rename_success','Rename selected item(s) successfully!','2023-10-22 21:44:54','2023-10-22 21:44:54'),(661,1,'en','core/media/media','crop_success','Crop image successfully!','2023-10-22 21:44:54','2023-10-22 21:44:54'),(662,1,'en','core/media/media','empty_trash_success','Empty trash successfully!','2023-10-22 21:44:54','2023-10-22 21:44:54'),(663,1,'en','core/media/media','invalid_action','Invalid action!','2023-10-22 21:44:54','2023-10-22 21:44:54'),(664,1,'en','core/media/media','file_not_exists','File is not exists!','2023-10-22 21:44:54','2023-10-22 21:44:54'),(665,1,'en','core/media/media','download_file_error','Error when downloading files!','2023-10-22 21:44:54','2023-10-22 21:44:54'),(666,1,'en','core/media/media','missing_zip_archive_extension','Please enable ZipArchive extension to download file!','2023-10-22 21:44:54','2023-10-22 21:44:54'),(667,1,'en','core/media/media','can_not_download_file','Can not download this file!','2023-10-22 21:44:54','2023-10-22 21:44:54'),(668,1,'en','core/media/media','invalid_request','Invalid request!','2023-10-22 21:44:54','2023-10-22 21:44:54'),(669,1,'en','core/media/media','add_success','Add item successfully!','2023-10-22 21:44:54','2023-10-22 21:44:54'),(670,1,'en','core/media/media','file_too_big','File too big. Max file upload is :size bytes','2023-10-22 21:44:54','2023-10-22 21:44:54'),(671,1,'en','core/media/media','file_too_big_readable_size','File too big. Max file upload is :size.','2023-10-22 21:44:54','2023-10-22 21:44:54'),(672,1,'en','core/media/media','can_not_detect_file_type','File type is not allowed or can not detect file type!','2023-10-22 21:44:54','2023-10-22 21:44:54'),(673,1,'en','core/media/media','upload_failed','The file is NOT uploaded completely. The server allows max upload file size is :size . Please check your file size OR try to upload again in case of having network errors','2023-10-22 21:44:54','2023-10-22 21:44:54'),(674,1,'en','core/media/media','failed_to_crop_image','The file cropping must be image type','2023-10-22 21:44:54','2023-10-22 21:44:54'),(675,1,'en','core/media/media','menu_name','Media','2023-10-22 21:44:54','2023-10-22 21:44:54'),(676,1,'en','core/media/media','add','Add media','2023-10-22 21:44:54','2023-10-22 21:44:54'),(677,1,'en','core/media/media','javascript.name','Name','2023-10-22 21:44:54','2023-10-22 21:44:54'),(678,1,'en','core/media/media','javascript.url','URL','2023-10-22 21:44:54','2023-10-22 21:44:54'),(679,1,'en','core/media/media','javascript.full_url','Full URL','2023-10-22 21:44:54','2023-10-22 21:44:54'),(680,1,'en','core/media/media','javascript.alt','Alt text','2023-10-22 21:44:54','2023-10-22 21:44:54'),(681,1,'en','core/media/media','javascript.size','Size','2023-10-22 21:44:54','2023-10-22 21:44:54'),(682,1,'en','core/media/media','javascript.mime_type','Type','2023-10-22 21:44:54','2023-10-22 21:44:54'),(683,1,'en','core/media/media','javascript.created_at','Uploaded at','2023-10-22 21:44:54','2023-10-22 21:44:54'),(684,1,'en','core/media/media','javascript.updated_at','Modified at','2023-10-22 21:44:54','2023-10-22 21:44:54'),(685,1,'en','core/media/media','javascript.nothing_selected','Nothing is selected','2023-10-22 21:44:54','2023-10-22 21:44:54'),(686,1,'en','core/media/media','javascript.visit_link','Open link','2023-10-22 21:44:54','2023-10-22 21:44:54'),(687,1,'en','core/media/media','javascript.no_item.all_media.icon','fas fa-cloud-upload-alt','2023-10-22 21:44:54','2023-10-22 21:44:54'),(688,1,'en','core/media/media','javascript.no_item.all_media.title','Drop files and folders here','2023-10-22 21:44:54','2023-10-22 21:44:54'),(689,1,'en','core/media/media','javascript.no_item.all_media.message','Or use the upload button above','2023-10-22 21:44:54','2023-10-22 21:44:54'),(690,1,'en','core/media/media','javascript.no_item.trash.icon','fas fa-trash-alt','2023-10-22 21:44:54','2023-10-22 21:44:54'),(691,1,'en','core/media/media','javascript.no_item.trash.title','There is nothing in your trash currently','2023-10-22 21:44:54','2023-10-22 21:44:54'),(692,1,'en','core/media/media','javascript.no_item.trash.message','Delete files to move them to trash automatically. Delete files from trash to remove them permanently','2023-10-22 21:44:54','2023-10-22 21:44:54'),(693,1,'en','core/media/media','javascript.no_item.favorites.icon','fas fa-star','2023-10-22 21:44:54','2023-10-22 21:44:54'),(694,1,'en','core/media/media','javascript.no_item.favorites.title','You have not added anything to your favorites yet','2023-10-22 21:44:54','2023-10-22 21:44:54'),(695,1,'en','core/media/media','javascript.no_item.favorites.message','Add files to favorites to easily find them later','2023-10-22 21:44:54','2023-10-22 21:44:54'),(696,1,'en','core/media/media','javascript.no_item.recent.icon','far fa-clock','2023-10-22 21:44:54','2023-10-22 21:44:54'),(697,1,'en','core/media/media','javascript.no_item.recent.title','You did not opened anything yet','2023-10-22 21:44:54','2023-10-22 21:44:54'),(698,1,'en','core/media/media','javascript.no_item.recent.message','All recent files that you opened will be appeared here','2023-10-22 21:44:54','2023-10-22 21:44:54'),(699,1,'en','core/media/media','javascript.no_item.default.icon','fas fa-sync','2023-10-22 21:44:54','2023-10-22 21:44:54'),(700,1,'en','core/media/media','javascript.no_item.default.title','No items','2023-10-22 21:44:54','2023-10-22 21:44:54'),(701,1,'en','core/media/media','javascript.no_item.default.message','This directory has no item','2023-10-22 21:44:54','2023-10-22 21:44:54'),(702,1,'en','core/media/media','javascript.clipboard.success','These file links have been copied to clipboard','2023-10-22 21:44:54','2023-10-22 21:44:54'),(703,1,'en','core/media/media','javascript.message.error_header','Error','2023-10-22 21:44:54','2023-10-22 21:44:54'),(704,1,'en','core/media/media','javascript.message.success_header','Success','2023-10-22 21:44:54','2023-10-22 21:44:54'),(705,1,'en','core/media/media','javascript.download.error','No files selected or cannot download these files','2023-10-22 21:44:54','2023-10-22 21:44:54'),(706,1,'en','core/media/media','javascript.actions_list.basic.preview','Preview','2023-10-22 21:44:54','2023-10-22 21:44:54'),(707,1,'en','core/media/media','javascript.actions_list.basic.crop','Crop','2023-10-22 21:44:54','2023-10-22 21:44:54'),(708,1,'en','core/media/media','javascript.actions_list.file.copy_link','Copy link','2023-10-22 21:44:54','2023-10-22 21:44:54'),(709,1,'en','core/media/media','javascript.actions_list.file.rename','Rename','2023-10-22 21:44:55','2023-10-22 21:44:55'),(710,1,'en','core/media/media','javascript.actions_list.file.make_copy','Make a copy','2023-10-22 21:44:55','2023-10-22 21:44:55'),(711,1,'en','core/media/media','javascript.actions_list.file.alt_text','ALT text','2023-10-22 21:44:55','2023-10-22 21:44:55'),(712,1,'en','core/media/media','javascript.actions_list.user.favorite','Add to favorite','2023-10-22 21:44:55','2023-10-22 21:44:55'),(713,1,'en','core/media/media','javascript.actions_list.user.remove_favorite','Remove favorite','2023-10-22 21:44:55','2023-10-22 21:44:55'),(714,1,'en','core/media/media','javascript.actions_list.other.download','Download','2023-10-22 21:44:55','2023-10-22 21:44:55'),(715,1,'en','core/media/media','javascript.actions_list.other.trash','Move to trash','2023-10-22 21:44:55','2023-10-22 21:44:55'),(716,1,'en','core/media/media','javascript.actions_list.other.delete','Delete permanently','2023-10-22 21:44:55','2023-10-22 21:44:55'),(717,1,'en','core/media/media','javascript.actions_list.other.restore','Restore','2023-10-22 21:44:55','2023-10-22 21:44:55'),(718,1,'en','core/media/media','javascript.change_image','Change image','2023-10-22 21:44:55','2023-10-22 21:44:55'),(719,1,'en','core/media/media','javascript.delete_image','Delete image','2023-10-22 21:44:55','2023-10-22 21:44:55'),(720,1,'en','core/media/media','javascript.choose_image','Choose image','2023-10-22 21:44:55','2023-10-22 21:44:55'),(721,1,'en','core/media/media','javascript.preview_image','Preview image','2023-10-22 21:44:55','2023-10-22 21:44:55'),(722,1,'en','core/media/media','name_invalid','The folder name has invalid character(s).','2023-10-22 21:44:55','2023-10-22 21:44:55'),(723,1,'en','core/media/media','url_invalid','Please provide a valid URL','2023-10-22 21:44:55','2023-10-22 21:44:55'),(724,1,'en','core/media/media','path_invalid','Please provide a valid path','2023-10-22 21:44:55','2023-10-22 21:44:55'),(725,1,'en','core/media/media','download_link','Download','2023-10-22 21:44:55','2023-10-22 21:44:55'),(726,1,'en','core/media/media','url','URL','2023-10-22 21:44:55','2023-10-22 21:44:55'),(727,1,'en','core/media/media','download_explain','Enter one URL per line.','2023-10-22 21:44:55','2023-10-22 21:44:55'),(728,1,'en','core/media/media','downloading','Downloading...','2023-10-22 21:44:55','2023-10-22 21:44:55'),(729,1,'en','core/media/media','prepare_file_to_download','Preparing file to download...','2023-10-22 21:44:55','2023-10-22 21:44:55'),(730,1,'en','core/media/media','update_alt_text_success','Update alt text successfully!','2023-10-22 21:44:55','2023-10-22 21:44:55'),(731,1,'en','core/media/media','cropper.height','Height','2023-10-22 21:44:55','2023-10-22 21:44:55'),(732,1,'en','core/media/media','cropper.width','Width','2023-10-22 21:44:55','2023-10-22 21:44:55'),(733,1,'en','core/media/media','cropper.aspect_ratio','Aspect ratio?','2023-10-22 21:44:55','2023-10-22 21:44:55'),(734,1,'en','core/media/media','unable_to_write','Unable to write file. Please chmod folder \":folder\" to make it writeable!','2023-10-22 21:44:55','2023-10-22 21:44:55'),(735,1,'en','core/setting/setting','title','Settings','2023-10-22 21:44:55','2023-10-22 21:44:55'),(736,1,'en','core/setting/setting','email_setting_title','Email settings','2023-10-22 21:44:55','2023-10-22 21:44:55'),(737,1,'en','core/setting/setting','general.theme','Theme','2023-10-22 21:44:55','2023-10-22 21:44:55'),(738,1,'en','core/setting/setting','general.description','Setting site information','2023-10-22 21:44:55','2023-10-22 21:44:55'),(739,1,'en','core/setting/setting','general.title','General','2023-10-22 21:44:55','2023-10-22 21:44:55'),(740,1,'en','core/setting/setting','general.general_block','General Information','2023-10-22 21:44:55','2023-10-22 21:44:55'),(741,1,'en','core/setting/setting','general.rich_editor','Rich Editor','2023-10-22 21:44:55','2023-10-22 21:44:55'),(742,1,'en','core/setting/setting','general.site_title','Site title','2023-10-22 21:44:55','2023-10-22 21:44:55'),(743,1,'en','core/setting/setting','general.admin_email','Admin Email','2023-10-22 21:44:55','2023-10-22 21:44:55'),(744,1,'en','core/setting/setting','general.seo_block','SEO Configuration','2023-10-22 21:44:55','2023-10-22 21:44:55'),(745,1,'en','core/setting/setting','general.seo_title','SEO Title','2023-10-22 21:44:55','2023-10-22 21:44:55'),(746,1,'en','core/setting/setting','general.seo_description','SEO Description','2023-10-22 21:44:55','2023-10-22 21:44:55'),(747,1,'en','core/setting/setting','general.webmaster_tools_block','Google Webmaster Tools','2023-10-22 21:44:55','2023-10-22 21:44:55'),(748,1,'en','core/setting/setting','general.placeholder.site_title','Site Title (maximum 120 characters)','2023-10-22 21:44:55','2023-10-22 21:44:55'),(749,1,'en','core/setting/setting','general.placeholder.admin_email','Admin Email','2023-10-22 21:44:55','2023-10-22 21:44:55'),(750,1,'en','core/setting/setting','general.placeholder.seo_title','SEO Title (maximum 120 characters)','2023-10-22 21:44:55','2023-10-22 21:44:55'),(751,1,'en','core/setting/setting','general.placeholder.seo_description','SEO Description (maximum 120 characters)','2023-10-22 21:44:55','2023-10-22 21:44:55'),(752,1,'en','core/setting/setting','general.placeholder.google_analytics','Google Analytics','2023-10-22 21:44:55','2023-10-22 21:44:55'),(753,1,'en','core/setting/setting','general.cache_admin_menu','Cache admin menu?','2023-10-22 21:44:55','2023-10-22 21:44:55'),(754,1,'en','core/setting/setting','general.enable_send_error_reporting_via_email','Enable to send error reporting via email?','2023-10-22 21:44:55','2023-10-22 21:44:55'),(755,1,'en','core/setting/setting','general.time_zone','Timezone','2023-10-22 21:44:55','2023-10-22 21:44:55'),(756,1,'en','core/setting/setting','general.default_admin_theme','Default admin theme','2023-10-22 21:44:55','2023-10-22 21:44:55'),(757,1,'en','core/setting/setting','general.enable_change_admin_theme','Enable change admin theme?','2023-10-22 21:44:55','2023-10-22 21:44:55'),(758,1,'en','core/setting/setting','general.enable','Enable','2023-10-22 21:44:55','2023-10-22 21:44:55'),(759,1,'en','core/setting/setting','general.disable','Disable','2023-10-22 21:44:55','2023-10-22 21:44:55'),(760,1,'en','core/setting/setting','general.enable_cache','Enable cache?','2023-10-22 21:44:55','2023-10-22 21:44:55'),(761,1,'en','core/setting/setting','general.disable_cache_in_the_admin_panel','Disable cache in the admin panel?','2023-10-22 21:44:55','2023-10-22 21:44:55'),(762,1,'en','core/setting/setting','general.cache_time','Cache time (minutes)','2023-10-22 21:44:55','2023-10-22 21:44:55'),(763,1,'en','core/setting/setting','general.enable_cache_site_map','Enable cache site map?','2023-10-22 21:44:55','2023-10-22 21:44:55'),(764,1,'en','core/setting/setting','general.cache_time_site_map','Cache Time Site map (minutes)','2023-10-22 21:44:55','2023-10-22 21:44:55'),(765,1,'en','core/setting/setting','general.admin_logo','Admin logo','2023-10-22 21:44:55','2023-10-22 21:44:55'),(766,1,'en','core/setting/setting','general.admin_favicon','Admin favicon','2023-10-22 21:44:55','2023-10-22 21:44:55'),(767,1,'en','core/setting/setting','general.admin_title','Admin title','2023-10-22 21:44:55','2023-10-22 21:44:55'),(768,1,'en','core/setting/setting','general.admin_title_placeholder','Title show to tab of browser','2023-10-22 21:44:55','2023-10-22 21:44:55'),(769,1,'en','core/setting/setting','general.cache_block','Cache','2023-10-22 21:44:55','2023-10-22 21:44:55'),(770,1,'en','core/setting/setting','general.admin_appearance_title','Admin appearance','2023-10-22 21:44:55','2023-10-22 21:44:55'),(771,1,'en','core/setting/setting','general.admin_appearance_description','Setting admin appearance such as editor, language...','2023-10-22 21:44:55','2023-10-22 21:44:55'),(772,1,'en','core/setting/setting','general.seo_block_description','Setting site title, site meta description, site keyword for optimize SEO','2023-10-22 21:44:55','2023-10-22 21:44:55'),(773,1,'en','core/setting/setting','general.webmaster_tools_description','Google Webmaster Tools (GWT) is free software that helps you manage the technical side of your website','2023-10-22 21:44:55','2023-10-22 21:44:55'),(774,1,'en','core/setting/setting','general.cache_description','Config cache for system for optimize speed','2023-10-22 21:44:55','2023-10-22 21:44:55'),(775,1,'en','core/setting/setting','general.yes','Yes','2023-10-22 21:44:55','2023-10-22 21:44:55'),(776,1,'en','core/setting/setting','general.no','No','2023-10-22 21:44:55','2023-10-22 21:44:55'),(777,1,'en','core/setting/setting','general.show_on_front','Your homepage displays','2023-10-22 21:44:55','2023-10-22 21:44:55'),(778,1,'en','core/setting/setting','general.select',' Select ','2023-10-22 21:44:55','2023-10-22 21:44:55'),(779,1,'en','core/setting/setting','general.show_site_name','Show site name after page title, separate with \"-\"?','2023-10-22 21:44:55','2023-10-22 21:44:55'),(780,1,'en','core/setting/setting','general.locale','Site language','2023-10-22 21:44:55','2023-10-22 21:44:55'),(781,1,'en','core/setting/setting','general.locale_direction','Front site language direction','2023-10-22 21:44:55','2023-10-22 21:44:55'),(782,1,'en','core/setting/setting','general.admin_locale_direction','Admin language direction','2023-10-22 21:44:55','2023-10-22 21:44:55'),(783,1,'en','core/setting/setting','general.admin_login_screen_backgrounds','Login screen backgrounds (~1366x768)','2023-10-22 21:44:55','2023-10-22 21:44:55'),(784,1,'en','core/setting/setting','general.minutes','minutes','2023-10-22 21:44:55','2023-10-22 21:44:55'),(785,1,'en','core/setting/setting','general.datatables.title','Datatables','2023-10-22 21:44:55','2023-10-22 21:44:55'),(786,1,'en','core/setting/setting','general.datatables.description','Settings for datatables','2023-10-22 21:44:55','2023-10-22 21:44:55'),(787,1,'en','core/setting/setting','general.datatables.show_column_visibility','Default show column visibility?','2023-10-22 21:44:55','2023-10-22 21:44:55'),(788,1,'en','core/setting/setting','general.datatables.show_export_button','Default show export button?','2023-10-22 21:44:55','2023-10-22 21:44:55'),(789,1,'en','core/setting/setting','email.subject','Subject','2023-10-22 21:44:55','2023-10-22 21:44:55'),(790,1,'en','core/setting/setting','email.content','Content','2023-10-22 21:44:55','2023-10-22 21:44:55'),(791,1,'en','core/setting/setting','email.title','Setting for email template','2023-10-22 21:44:55','2023-10-22 21:44:55'),(792,1,'en','core/setting/setting','email.description','Email template using HTML & system variables.','2023-10-22 21:44:55','2023-10-22 21:44:55'),(793,1,'en','core/setting/setting','email.reset_to_default','Reset to default','2023-10-22 21:44:55','2023-10-22 21:44:55'),(794,1,'en','core/setting/setting','email.back','Back to settings','2023-10-22 21:44:55','2023-10-22 21:44:55'),(795,1,'en','core/setting/setting','email.reset_success','Reset back to default successfully','2023-10-22 21:44:55','2023-10-22 21:44:55'),(796,1,'en','core/setting/setting','email.confirm_reset','Confirm reset email template?','2023-10-22 21:44:55','2023-10-22 21:44:55'),(797,1,'en','core/setting/setting','email.confirm_message','Do you really want to reset this email template to default?','2023-10-22 21:44:55','2023-10-22 21:44:55'),(798,1,'en','core/setting/setting','email.continue','Continue','2023-10-22 21:44:55','2023-10-22 21:44:55'),(799,1,'en','core/setting/setting','email.sender_name','Sender name','2023-10-22 21:44:55','2023-10-22 21:44:55'),(800,1,'en','core/setting/setting','email.sender_name_placeholder','Name','2023-10-22 21:44:56','2023-10-22 21:44:56'),(801,1,'en','core/setting/setting','email.sender_email','Sender email','2023-10-22 21:44:56','2023-10-22 21:44:56'),(802,1,'en','core/setting/setting','email.mailer','Mailer','2023-10-22 21:44:56','2023-10-22 21:44:56'),(803,1,'en','core/setting/setting','email.port','Port','2023-10-22 21:44:56','2023-10-22 21:44:56'),(804,1,'en','core/setting/setting','email.port_placeholder','Ex: 587','2023-10-22 21:44:56','2023-10-22 21:44:56'),(805,1,'en','core/setting/setting','email.host','Host','2023-10-22 21:44:56','2023-10-22 21:44:56'),(806,1,'en','core/setting/setting','email.host_placeholder','Ex: smtp.gmail.com','2023-10-22 21:44:56','2023-10-22 21:44:56'),(807,1,'en','core/setting/setting','email.username','Username','2023-10-22 21:44:56','2023-10-22 21:44:56'),(808,1,'en','core/setting/setting','email.username_placeholder','Username to login to mail server','2023-10-22 21:44:56','2023-10-22 21:44:56'),(809,1,'en','core/setting/setting','email.password','Password','2023-10-22 21:44:56','2023-10-22 21:44:56'),(810,1,'en','core/setting/setting','email.password_placeholder','Password to login to mail server','2023-10-22 21:44:56','2023-10-22 21:44:56'),(811,1,'en','core/setting/setting','email.encryption','Encryption','2023-10-22 21:44:56','2023-10-22 21:44:56'),(812,1,'en','core/setting/setting','email.mail_gun_domain','Domain','2023-10-22 21:44:56','2023-10-22 21:44:56'),(813,1,'en','core/setting/setting','email.mail_gun_domain_placeholder','Domain','2023-10-22 21:44:56','2023-10-22 21:44:56'),(814,1,'en','core/setting/setting','email.mail_gun_secret','Secret','2023-10-22 21:44:56','2023-10-22 21:44:56'),(815,1,'en','core/setting/setting','email.mail_gun_secret_placeholder','Secret','2023-10-22 21:44:56','2023-10-22 21:44:56'),(816,1,'en','core/setting/setting','email.mail_gun_endpoint','Endpoint','2023-10-22 21:44:56','2023-10-22 21:44:56'),(817,1,'en','core/setting/setting','email.mail_gun_endpoint_placeholder','Endpoint','2023-10-22 21:44:56','2023-10-22 21:44:56'),(818,1,'en','core/setting/setting','email.log_channel','Log channel','2023-10-22 21:44:56','2023-10-22 21:44:56'),(819,1,'en','core/setting/setting','email.sendmail_path','Sendmail Path','2023-10-22 21:44:56','2023-10-22 21:44:56'),(820,1,'en','core/setting/setting','email.encryption_placeholder','Encryption: ssl or tls','2023-10-22 21:44:56','2023-10-22 21:44:56'),(821,1,'en','core/setting/setting','email.ses_key','Key','2023-10-22 21:44:56','2023-10-22 21:44:56'),(822,1,'en','core/setting/setting','email.ses_key_placeholder','Key','2023-10-22 21:44:56','2023-10-22 21:44:56'),(823,1,'en','core/setting/setting','email.ses_secret','Secret','2023-10-22 21:44:56','2023-10-22 21:44:56'),(824,1,'en','core/setting/setting','email.ses_secret_placeholder','Secret','2023-10-22 21:44:56','2023-10-22 21:44:56'),(825,1,'en','core/setting/setting','email.ses_region','Region','2023-10-22 21:44:56','2023-10-22 21:44:56'),(826,1,'en','core/setting/setting','email.ses_region_placeholder','Region','2023-10-22 21:44:56','2023-10-22 21:44:56'),(827,1,'en','core/setting/setting','email.postmark_token','Token','2023-10-22 21:44:56','2023-10-22 21:44:56'),(828,1,'en','core/setting/setting','email.postmark_token_placeholder','Token','2023-10-22 21:44:56','2023-10-22 21:44:56'),(829,1,'en','core/setting/setting','email.template_title','Email templates','2023-10-22 21:44:56','2023-10-22 21:44:56'),(830,1,'en','core/setting/setting','email.template_description','Base templates for all emails','2023-10-22 21:44:56','2023-10-22 21:44:56'),(831,1,'en','core/setting/setting','email.template_header','Email template header','2023-10-22 21:44:56','2023-10-22 21:44:56'),(832,1,'en','core/setting/setting','email.template_header_description','Template for header of emails','2023-10-22 21:44:56','2023-10-22 21:44:56'),(833,1,'en','core/setting/setting','email.template_footer','Email template footer','2023-10-22 21:44:56','2023-10-22 21:44:56'),(834,1,'en','core/setting/setting','email.template_footer_description','Template for footer of emails','2023-10-22 21:44:56','2023-10-22 21:44:56'),(835,1,'en','core/setting/setting','email.default','Default','2023-10-22 21:44:56','2023-10-22 21:44:56'),(836,1,'en','core/setting/setting','media.title','Media','2023-10-22 21:44:56','2023-10-22 21:44:56'),(837,1,'en','core/setting/setting','media.driver','Driver','2023-10-22 21:44:56','2023-10-22 21:44:56'),(838,1,'en','core/setting/setting','media.description','Settings for media','2023-10-22 21:44:56','2023-10-22 21:44:56'),(839,1,'en','core/setting/setting','media.aws_access_key_id','AWS Access Key ID','2023-10-22 21:44:56','2023-10-22 21:44:56'),(840,1,'en','core/setting/setting','media.aws_secret_key','AWS Secret Key','2023-10-22 21:44:56','2023-10-22 21:44:56'),(841,1,'en','core/setting/setting','media.aws_default_region','AWS Default Region','2023-10-22 21:44:56','2023-10-22 21:44:56'),(842,1,'en','core/setting/setting','media.aws_bucket','AWS Bucket','2023-10-22 21:44:56','2023-10-22 21:44:56'),(843,1,'en','core/setting/setting','media.aws_url','AWS URL','2023-10-22 21:44:56','2023-10-22 21:44:56'),(844,1,'en','core/setting/setting','media.aws_endpoint','AWS Endpoint (Optional)','2023-10-22 21:44:56','2023-10-22 21:44:56'),(845,1,'en','core/setting/setting','media.r2_access_key_id','R2 Access Key ID','2023-10-22 21:44:56','2023-10-22 21:44:56'),(846,1,'en','core/setting/setting','media.r2_secret_key','R2 Secret Key','2023-10-22 21:44:56','2023-10-22 21:44:56'),(847,1,'en','core/setting/setting','media.r2_bucket','R2 Bucket','2023-10-22 21:44:56','2023-10-22 21:44:56'),(848,1,'en','core/setting/setting','media.r2_url','R2 URL','2023-10-22 21:44:56','2023-10-22 21:44:56'),(849,1,'en','core/setting/setting','media.r2_endpoint','R2 Endpoint','2023-10-22 21:44:56','2023-10-22 21:44:56'),(850,1,'en','core/setting/setting','media.do_spaces_access_key_id','DO Spaces Access Key ID','2023-10-22 21:44:56','2023-10-22 21:44:56'),(851,1,'en','core/setting/setting','media.do_spaces_secret_key','DO Spaces Secret Key','2023-10-22 21:44:56','2023-10-22 21:44:56'),(852,1,'en','core/setting/setting','media.do_spaces_default_region','DO Spaces Default Region','2023-10-22 21:44:56','2023-10-22 21:44:56'),(853,1,'en','core/setting/setting','media.do_spaces_bucket','DO Spaces Bucket','2023-10-22 21:44:56','2023-10-22 21:44:56'),(854,1,'en','core/setting/setting','media.do_spaces_endpoint','DO Spaces Endpoint','2023-10-22 21:44:56','2023-10-22 21:44:56'),(855,1,'en','core/setting/setting','media.do_spaces_cdn_enabled','Is DO Spaces CDN enabled?','2023-10-22 21:44:56','2023-10-22 21:44:56'),(856,1,'en','core/setting/setting','media.media_do_spaces_cdn_custom_domain','Do Spaces CDN custom domain','2023-10-22 21:44:56','2023-10-22 21:44:56'),(857,1,'en','core/setting/setting','media.media_do_spaces_cdn_custom_domain_placeholder','https://your-custom-domain.com','2023-10-22 21:44:56','2023-10-22 21:44:56'),(858,1,'en','core/setting/setting','media.wasabi_access_key_id','Wasabi Access Key ID','2023-10-22 21:44:56','2023-10-22 21:44:56'),(859,1,'en','core/setting/setting','media.wasabi_secret_key','Wasabi Secret Key','2023-10-22 21:44:56','2023-10-22 21:44:56'),(860,1,'en','core/setting/setting','media.wasabi_default_region','Wasabi Default Region','2023-10-22 21:44:56','2023-10-22 21:44:56'),(861,1,'en','core/setting/setting','media.wasabi_bucket','Wasabi Bucket','2023-10-22 21:44:56','2023-10-22 21:44:56'),(862,1,'en','core/setting/setting','media.wasabi_root','Wasabi Root','2023-10-22 21:44:56','2023-10-22 21:44:56'),(863,1,'en','core/setting/setting','media.default_placeholder_image','Default placeholder image','2023-10-22 21:44:56','2023-10-22 21:44:56'),(864,1,'en','core/setting/setting','media.enable_chunk','Enable chunk size upload?','2023-10-22 21:44:56','2023-10-22 21:44:56'),(865,1,'en','core/setting/setting','media.chunk_size','Chunk size (Bytes)','2023-10-22 21:44:56','2023-10-22 21:44:56'),(866,1,'en','core/setting/setting','media.chunk_size_placeholder','Default: 1048576 ~ 1MB','2023-10-22 21:44:56','2023-10-22 21:44:56'),(867,1,'en','core/setting/setting','media.max_file_size','Chunk max file size (MB)','2023-10-22 21:44:56','2023-10-22 21:44:56'),(868,1,'en','core/setting/setting','media.max_file_size_placeholder','Default: 1048576 ~ 1GB','2023-10-22 21:44:56','2023-10-22 21:44:56'),(869,1,'en','core/setting/setting','media.enable_watermark','Enable watermark?','2023-10-22 21:44:56','2023-10-22 21:44:56'),(870,1,'en','core/setting/setting','media.watermark_source','Watermark image','2023-10-22 21:44:56','2023-10-22 21:44:56'),(871,1,'en','core/setting/setting','media.watermark_size','Size of watermark (%)','2023-10-22 21:44:56','2023-10-22 21:44:56'),(872,1,'en','core/setting/setting','media.watermark_size_placeholder','Default: 10 (%)','2023-10-22 21:44:56','2023-10-22 21:44:56'),(873,1,'en','core/setting/setting','media.watermark_opacity','Watermark Opacity (%)','2023-10-22 21:44:56','2023-10-22 21:44:56'),(874,1,'en','core/setting/setting','media.watermark_opacity_placeholder','Default: 70 (%)','2023-10-22 21:44:56','2023-10-22 21:44:56'),(875,1,'en','core/setting/setting','media.watermark_position','Watermark position','2023-10-22 21:44:56','2023-10-22 21:44:56'),(876,1,'en','core/setting/setting','media.watermark_position_x','Watermark position X','2023-10-22 21:44:56','2023-10-22 21:44:56'),(877,1,'en','core/setting/setting','media.watermark_position_y','Watermark position Y','2023-10-22 21:44:56','2023-10-22 21:44:56'),(878,1,'en','core/setting/setting','media.watermark_position_top_left','Top left','2023-10-22 21:44:56','2023-10-22 21:44:56'),(879,1,'en','core/setting/setting','media.watermark_position_top_right','Top right','2023-10-22 21:44:56','2023-10-22 21:44:56'),(880,1,'en','core/setting/setting','media.watermark_position_bottom_left','Bottom left','2023-10-22 21:44:56','2023-10-22 21:44:56'),(881,1,'en','core/setting/setting','media.watermark_position_bottom_right','Bottom right','2023-10-22 21:44:56','2023-10-22 21:44:56'),(882,1,'en','core/setting/setting','media.watermark_position_center','Center','2023-10-22 21:44:56','2023-10-22 21:44:56'),(883,1,'en','core/setting/setting','media.turn_off_automatic_url_translation_into_latin','Turn off automatic URL translation into Latin?','2023-10-22 21:44:56','2023-10-22 21:44:56'),(884,1,'en','core/setting/setting','media.bunnycdn_hostname','Hostname','2023-10-22 21:44:56','2023-10-22 21:44:56'),(885,1,'en','core/setting/setting','media.bunnycdn_zone','Zone Name (The name of your storage zone)','2023-10-22 21:44:56','2023-10-22 21:44:56'),(886,1,'en','core/setting/setting','media.bunnycdn_key','FTP & API Access Password (The storage zone API Access Password)','2023-10-22 21:44:56','2023-10-22 21:44:56'),(887,1,'en','core/setting/setting','media.bunnycdn_region','Region (The storage zone region)','2023-10-22 21:44:56','2023-10-22 21:44:56'),(888,1,'en','core/setting/setting','media.optional','Optional','2023-10-22 21:44:56','2023-10-22 21:44:56'),(889,1,'en','core/setting/setting','media.sizes','Media thumbnails sizes','2023-10-22 21:44:56','2023-10-22 21:44:56'),(890,1,'en','core/setting/setting','media.media_sizes_helper','Set width or height to 0 if you just want to crop by width or height. Need to click on \"Generate thumbnails\" to apply changes.','2023-10-22 21:44:56','2023-10-22 21:44:56'),(891,1,'en','core/setting/setting','media.width','Width','2023-10-22 21:44:56','2023-10-22 21:44:56'),(892,1,'en','core/setting/setting','media.height','Height','2023-10-22 21:44:56','2023-10-22 21:44:56'),(893,1,'en','core/setting/setting','media.default_size_value','Default: :size','2023-10-22 21:44:56','2023-10-22 21:44:56'),(894,1,'en','core/setting/setting','media.all','All','2023-10-22 21:44:56','2023-10-22 21:44:56'),(895,1,'en','core/setting/setting','media.media_folders_can_add_watermark','Add watermark for images in folders:','2023-10-22 21:44:56','2023-10-22 21:44:56'),(896,1,'en','core/setting/setting','media.max_upload_filesize','Max upload filesize (MB)','2023-10-22 21:44:56','2023-10-22 21:44:56'),(897,1,'en','core/setting/setting','media.max_upload_filesize_placeholder','Default: :size, must less than :size.','2023-10-22 21:44:56','2023-10-22 21:44:56'),(898,1,'en','core/setting/setting','media.max_upload_filesize_helper','Your server allows to upload files maximum :size, you can change this value to limit upload filesize.','2023-10-22 21:44:56','2023-10-22 21:44:56'),(899,1,'en','core/setting/setting','media.image_processing_library','Image processing library','2023-10-22 21:44:56','2023-10-22 21:44:56'),(900,1,'en','core/setting/setting','license.purchase_code','Purchase code','2023-10-22 21:44:56','2023-10-22 21:44:56'),(901,1,'en','core/setting/setting','license.buyer','Buyer','2023-10-22 21:44:56','2023-10-22 21:44:56'),(902,1,'en','core/setting/setting','field_type_not_exists','This field type does not exist','2023-10-22 21:44:56','2023-10-22 21:44:56'),(903,1,'en','core/setting/setting','save_settings','Save settings','2023-10-22 21:44:56','2023-10-22 21:44:56'),(904,1,'en','core/setting/setting','template','Template','2023-10-22 21:44:56','2023-10-22 21:44:56'),(905,1,'en','core/setting/setting','description','Description','2023-10-22 21:44:56','2023-10-22 21:44:56'),(906,1,'en','core/setting/setting','enable','Enable','2023-10-22 21:44:56','2023-10-22 21:44:56'),(907,1,'en','core/setting/setting','send','Send','2023-10-22 21:44:56','2023-10-22 21:44:56'),(908,1,'en','core/setting/setting','test_email_description','To send test email, please make sure you are updated configuration to send mail!','2023-10-22 21:44:56','2023-10-22 21:44:56'),(909,1,'en','core/setting/setting','test_email_input_placeholder','Enter the email which you want to send test email.','2023-10-22 21:44:56','2023-10-22 21:44:56'),(910,1,'en','core/setting/setting','test_email_modal_title','Send a test email','2023-10-22 21:44:56','2023-10-22 21:44:56'),(911,1,'en','core/setting/setting','test_send_mail','Send test mail','2023-10-22 21:44:56','2023-10-22 21:44:56'),(912,1,'en','core/setting/setting','test_email_send_success','Send email successfully!','2023-10-22 21:44:56','2023-10-22 21:44:56'),(913,1,'en','core/setting/setting','locale_direction_ltr','Left to Right','2023-10-22 21:44:56','2023-10-22 21:44:56'),(914,1,'en','core/setting/setting','locale_direction_rtl','Right to Left','2023-10-22 21:44:56','2023-10-22 21:44:56'),(915,1,'en','core/setting/setting','saving','Saving...','2023-10-22 21:44:56','2023-10-22 21:44:56'),(916,1,'en','core/setting/setting','emails_warning','You can add up to :count emails','2023-10-22 21:44:56','2023-10-22 21:44:56'),(917,1,'en','core/setting/setting','email_add_more','Add more','2023-10-22 21:44:56','2023-10-22 21:44:56'),(918,1,'en','core/setting/setting','generate','Generate','2023-10-22 21:44:57','2023-10-22 21:44:57'),(919,1,'en','core/setting/setting','generate_thumbnails','Generate thumbnails','2023-10-22 21:44:57','2023-10-22 21:44:57'),(920,1,'en','core/setting/setting','generate_thumbnails_success','Generate thumbnails successfully. :count files are generated!','2023-10-22 21:44:57','2023-10-22 21:44:57'),(921,1,'en','core/setting/setting','generate_thumbnails_error','We are unable to regenerate thumbnail for these files :count files!','2023-10-22 21:44:57','2023-10-22 21:44:57'),(922,1,'en','core/setting/setting','generate_thumbnails_description','Are you sure you want to re-generate thumbnails for all images? It will take time so please DO NOT leave this page, wait until it is finished.','2023-10-22 21:44:57','2023-10-22 21:44:57'),(923,1,'en','core/setting/setting','enable_chunk_description','Chunk size upload is used to upload large file size.','2023-10-22 21:44:57','2023-10-22 21:44:57'),(924,1,'en','core/setting/setting','watermark_description','WARNING: Watermark is just added to new uploaded images, it won\'t be added to existing images. Disable watermark won\'t remove watermark from existing images.','2023-10-22 21:44:57','2023-10-22 21:44:57'),(925,1,'en','core/setting/setting','submit','Submit','2023-10-22 21:44:57','2023-10-22 21:44:57'),(926,1,'en','core/setting/setting','back','Back','2023-10-22 21:44:57','2023-10-22 21:44:57'),(927,1,'en','core/setting/setting','enter_sample_value','Enter sample values for testing','2023-10-22 21:44:57','2023-10-22 21:44:57'),(928,1,'en','core/setting/setting','preview','Preview','2023-10-22 21:44:57','2023-10-22 21:44:57'),(929,1,'en','core/setting/setting','media_size_width',':size size width must be greater than 0','2023-10-22 21:44:57','2023-10-22 21:44:57'),(930,1,'en','core/setting/setting','media_size_height',':size size height must be greater than 0','2023-10-22 21:44:57','2023-10-22 21:44:57'),(931,1,'en','core/setting/setting','cronjob.name','Cronjob','2023-10-22 21:44:57','2023-10-22 21:44:57'),(932,1,'en','core/setting/setting','cronjob.description','Cronjob allow you to automate certain commands or scripts on your site.','2023-10-22 21:44:57','2023-10-22 21:44:57'),(933,1,'en','core/setting/setting','cronjob.is_not_ready','To run the cronjob, follow the instructions below.','2023-10-22 21:44:57','2023-10-22 21:44:57'),(934,1,'en','core/setting/setting','cronjob.is_working','Congratulations! Your cronjob is running.','2023-10-22 21:44:57','2023-10-22 21:44:57'),(935,1,'en','core/setting/setting','cronjob.is_not_working','Your cronjob is not running. Please check your server\'s cronjob.','2023-10-22 21:44:57','2023-10-22 21:44:57'),(936,1,'en','core/setting/setting','cronjob.last_checked','Last checked at :time.','2023-10-22 21:44:57','2023-10-22 21:44:57'),(937,1,'en','core/setting/setting','cronjob.copy_button','Copy','2023-10-22 21:44:57','2023-10-22 21:44:57'),(938,1,'en','core/setting/setting','cronjob.setup.name','Setting up the Cronjob','2023-10-22 21:44:57','2023-10-22 21:44:57'),(939,1,'en','core/setting/setting','cronjob.setup.connect_to_server','Connect to your server via SSH or any preferred method.','2023-10-22 21:44:57','2023-10-22 21:44:57'),(940,1,'en','core/setting/setting','cronjob.setup.open_crontab','Open the crontab file using a text editor (e.g., `crontab -e`).','2023-10-22 21:44:57','2023-10-22 21:44:57'),(941,1,'en','core/setting/setting','cronjob.setup.add_cronjob','Add the above command to the crontab file and save it.','2023-10-22 21:44:57','2023-10-22 21:44:57'),(942,1,'en','core/setting/setting','cronjob.setup.done','The cronjob will now run at every minute and execute the specified command.','2023-10-22 21:44:57','2023-10-22 21:44:57'),(943,1,'en','core/setting/setting','cronjob.setup.learn_more','You can learn more about cronjob from the Laravel :documentation','2023-10-22 21:44:57','2023-10-22 21:44:57'),(944,1,'en','core/setting/setting','cronjob.setup.documentation','documentation','2023-10-22 21:44:57','2023-10-22 21:44:57'),(945,1,'en','core/setting/setting','cronjob.setup.copied','Copied','2023-10-22 21:44:57','2023-10-22 21:44:57'),(946,1,'en','core/table/table','operations','Operations','2023-10-22 21:44:57','2023-10-22 21:44:57'),(947,1,'en','core/table/table','loading_data','Loading data from server','2023-10-22 21:44:57','2023-10-22 21:44:57'),(948,1,'en','core/table/table','display','Display','2023-10-22 21:44:57','2023-10-22 21:44:57'),(949,1,'en','core/table/table','all','All','2023-10-22 21:44:57','2023-10-22 21:44:57'),(950,1,'en','core/table/table','edit_entry','Edit','2023-10-22 21:44:57','2023-10-22 21:44:57'),(951,1,'en','core/table/table','delete_entry','Delete','2023-10-22 21:44:57','2023-10-22 21:44:57'),(952,1,'en','core/table/table','show_from','Showing from','2023-10-22 21:44:57','2023-10-22 21:44:57'),(953,1,'en','core/table/table','to','to','2023-10-22 21:44:57','2023-10-22 21:44:57'),(954,1,'en','core/table/table','in','in','2023-10-22 21:44:57','2023-10-22 21:44:57'),(955,1,'en','core/table/table','records','records','2023-10-22 21:44:57','2023-10-22 21:44:57'),(956,1,'en','core/table/table','no_data','No data to display','2023-10-22 21:44:57','2023-10-22 21:44:57'),(957,1,'en','core/table/table','no_record','No record','2023-10-22 21:44:57','2023-10-22 21:44:57'),(958,1,'en','core/table/table','loading','Loading data from server','2023-10-22 21:44:57','2023-10-22 21:44:57'),(959,1,'en','core/table/table','confirm_delete','Confirm delete','2023-10-22 21:44:57','2023-10-22 21:44:57'),(960,1,'en','core/table/table','confirm_delete_msg','Do you really want to delete this record?','2023-10-22 21:44:57','2023-10-22 21:44:57'),(961,1,'en','core/table/table','cancel','Cancel','2023-10-22 21:44:57','2023-10-22 21:44:57'),(962,1,'en','core/table/table','delete','Delete','2023-10-22 21:44:57','2023-10-22 21:44:57'),(963,1,'en','core/table/table','close','Close','2023-10-22 21:44:57','2023-10-22 21:44:57'),(964,1,'en','core/table/table','contains','Contains','2023-10-22 21:44:57','2023-10-22 21:44:57'),(965,1,'en','core/table/table','is_equal_to','Is equal to','2023-10-22 21:44:57','2023-10-22 21:44:57'),(966,1,'en','core/table/table','greater_than','Greater than','2023-10-22 21:44:57','2023-10-22 21:44:57'),(967,1,'en','core/table/table','less_than','Less than','2023-10-22 21:44:57','2023-10-22 21:44:57'),(968,1,'en','core/table/table','value','Value','2023-10-22 21:44:57','2023-10-22 21:44:57'),(969,1,'en','core/table/table','select_field','Select field','2023-10-22 21:44:57','2023-10-22 21:44:57'),(970,1,'en','core/table/table','reset','Reset','2023-10-22 21:44:57','2023-10-22 21:44:57'),(971,1,'en','core/table/table','add_additional_filter','Add additional filter','2023-10-22 21:44:57','2023-10-22 21:44:57'),(972,1,'en','core/table/table','apply','Apply','2023-10-22 21:44:57','2023-10-22 21:44:57'),(973,1,'en','core/table/table','filters','Filters','2023-10-22 21:44:57','2023-10-22 21:44:57'),(974,1,'en','core/table/table','bulk_change','Bulk changes','2023-10-22 21:44:57','2023-10-22 21:44:57'),(975,1,'en','core/table/table','select_option','Select option','2023-10-22 21:44:57','2023-10-22 21:44:57'),(976,1,'en','core/table/table','bulk_actions','Bulk Actions','2023-10-22 21:44:57','2023-10-22 21:44:57'),(977,1,'en','core/table/table','invalid_bulk_action','Invalid bulk action','2023-10-22 21:44:57','2023-10-22 21:44:57'),(978,1,'en','core/table/table','confirm_bulk_action','Confirm to perform this action','2023-10-22 21:44:57','2023-10-22 21:44:57'),(979,1,'en','core/table/table','confirm_bulk_message','Are you sure you want to do this action? This cannot be undone.','2023-10-22 21:44:57','2023-10-22 21:44:57'),(980,1,'en','core/table/table','yes','Yes','2023-10-22 21:44:57','2023-10-22 21:44:57'),(981,1,'en','core/table/table','save_bulk_change_success','Update data for selected record(s) successfully!','2023-10-22 21:44:57','2023-10-22 21:44:57'),(982,1,'en','core/table/table','please_select_record','Please select at least one record to perform this action!','2023-10-22 21:44:57','2023-10-22 21:44:57'),(983,1,'en','core/table/table','filtered','(filtered from _MAX_ total records)','2023-10-22 21:44:57','2023-10-22 21:44:57'),(984,1,'en','core/table/table','search','Search...','2023-10-22 21:44:57','2023-10-22 21:44:57'),(985,1,'en','packages/api/api','settings','API Settings','2023-10-22 21:44:57','2023-10-22 21:44:57'),(986,1,'en','packages/api/api','save_settings','Save settings','2023-10-22 21:44:57','2023-10-22 21:44:57'),(987,1,'en','packages/api/api','setting_title','API settings','2023-10-22 21:44:57','2023-10-22 21:44:57'),(988,1,'en','packages/api/api','setting_description','Settings for API','2023-10-22 21:44:57','2023-10-22 21:44:57'),(989,1,'en','packages/api/api','api_enabled','API enabled?','2023-10-22 21:44:57','2023-10-22 21:44:57'),(990,1,'en','packages/get-started/get-started','welcome_title','Welcome to your admin dashboard!','2023-10-22 21:44:57','2023-10-22 21:44:57'),(991,1,'en','packages/get-started/get-started','welcome_description','In a few short steps, you can have your new dashboard up and running!','2023-10-22 21:44:57','2023-10-22 21:44:57'),(992,1,'en','packages/get-started/get-started','get_started','Get Started!','2023-10-22 21:44:57','2023-10-22 21:44:57'),(993,1,'en','packages/get-started/get-started','customize_branding_title','Customize branding','2023-10-22 21:44:57','2023-10-22 21:44:57'),(994,1,'en','packages/get-started/get-started','customize_branding_description','Customize your site with colors, logo and subdomain to match your business unique branding and identity.','2023-10-22 21:44:57','2023-10-22 21:44:57'),(995,1,'en','packages/get-started/get-started','colors','Colors','2023-10-22 21:44:57','2023-10-22 21:44:57'),(996,1,'en','packages/get-started/get-started','fonts','Fonts','2023-10-22 21:44:57','2023-10-22 21:44:57'),(997,1,'en','packages/get-started/get-started','primary_color','Primary color','2023-10-22 21:44:57','2023-10-22 21:44:57'),(998,1,'en','packages/get-started/get-started','primary_font','Primary font','2023-10-22 21:44:57','2023-10-22 21:44:57'),(999,1,'en','packages/get-started/get-started','setup_wizard_button',':link to finish Quick setup Wizard!','2023-10-22 21:44:57','2023-10-22 21:44:57'),(1000,1,'en','packages/get-started/get-started','click_here','Click here','2023-10-22 21:44:57','2023-10-22 21:44:57'),(1001,1,'en','packages/get-started/get-started','site_title','Site title','2023-10-22 21:44:58','2023-10-22 21:44:58'),(1002,1,'en','packages/get-started/get-started','identify','Identify','2023-10-22 21:44:58','2023-10-22 21:44:58'),(1003,1,'en','packages/get-started/get-started','logo','Logo','2023-10-22 21:44:58','2023-10-22 21:44:58'),(1004,1,'en','packages/get-started/get-started','admin_logo','Admin logo','2023-10-22 21:44:58','2023-10-22 21:44:58'),(1005,1,'en','packages/get-started/get-started','favicon','Favicon','2023-10-22 21:44:58','2023-10-22 21:44:58'),(1006,1,'en','packages/get-started/get-started','admin_favicon','Admin favicon','2023-10-22 21:44:58','2023-10-22 21:44:58'),(1007,1,'en','packages/get-started/get-started','next_step','Next step','2023-10-22 21:44:58','2023-10-22 21:44:58'),(1008,1,'en','packages/get-started/get-started','site_ready_title','Your site is ready!','2023-10-22 21:44:58','2023-10-22 21:44:58'),(1009,1,'en','packages/get-started/get-started','site_ready_description','Welcome to your new site! Your website has been created and populated with sample data. You are in the admin area of your site where you can set up everything else needed to complete your site.','2023-10-22 21:44:58','2023-10-22 21:44:58'),(1010,1,'en','packages/get-started/get-started','finish','Finish','2023-10-22 21:44:58','2023-10-22 21:44:58'),(1011,1,'en','packages/get-started/get-started','exit_wizard_title','Are you sure you want to exit the Quick Setup Wizard?','2023-10-22 21:44:58','2023-10-22 21:44:58'),(1012,1,'en','packages/get-started/get-started','exit_wizard_confirm','Yes, I\'ll finish it later','2023-10-22 21:44:58','2023-10-22 21:44:58'),(1013,1,'en','packages/get-started/get-started','exit_wizard_cancel','No, take me back to the wizard','2023-10-22 21:44:58','2023-10-22 21:44:58'),(1014,1,'en','packages/get-started/get-started','change_default_account_info_title','Change default account info','2023-10-22 21:44:58','2023-10-22 21:44:58'),(1015,1,'en','packages/get-started/get-started','change_default_account_info_description','The default account is using a weak password. You need to change it to a complex password for better security.','2023-10-22 21:44:58','2023-10-22 21:44:58'),(1016,1,'en','packages/get-started/get-started','username','Username','2023-10-22 21:44:58','2023-10-22 21:44:58'),(1017,1,'en','packages/get-started/get-started','email','Email','2023-10-22 21:44:58','2023-10-22 21:44:58'),(1018,1,'en','packages/get-started/get-started','password','Password','2023-10-22 21:44:58','2023-10-22 21:44:58'),(1019,1,'en','packages/get-started/get-started','password_confirmation','Password confirmation','2023-10-22 21:44:58','2023-10-22 21:44:58'),(1020,1,'en','packages/installer/installer','title','Installer','2023-10-22 21:44:58','2023-10-22 21:44:58'),(1021,1,'en','packages/installer/installer','next','Next Step','2023-10-22 21:44:58','2023-10-22 21:44:58'),(1022,1,'en','packages/installer/installer','back','Previous','2023-10-22 21:44:58','2023-10-22 21:44:58'),(1023,1,'en','packages/installer/installer','finish','Install','2023-10-22 21:44:58','2023-10-22 21:44:58'),(1024,1,'en','packages/installer/installer','installation','Installation','2023-10-22 21:44:58','2023-10-22 21:44:58'),(1025,1,'en','packages/installer/installer','forms.errorTitle','The following errors occurred:','2023-10-22 21:44:58','2023-10-22 21:44:58'),(1026,1,'en','packages/installer/installer','welcome.templateTitle','Welcome','2023-10-22 21:44:58','2023-10-22 21:44:58'),(1027,1,'en','packages/installer/installer','welcome.title','Welcome','2023-10-22 21:44:58','2023-10-22 21:44:58'),(1028,1,'en','packages/installer/installer','welcome.message','Before getting started, we need some information on the database. You will need to know the following items before proceeding.','2023-10-22 21:44:58','2023-10-22 21:44:58'),(1029,1,'en','packages/installer/installer','welcome.next','Let\'s go','2023-10-22 21:44:58','2023-10-22 21:44:58'),(1030,1,'en','packages/installer/installer','requirements.templateTitle','Step 1 | Server Requirements','2023-10-22 21:44:58','2023-10-22 21:44:58'),(1031,1,'en','packages/installer/installer','requirements.title','Server Requirements','2023-10-22 21:44:58','2023-10-22 21:44:58'),(1032,1,'en','packages/installer/installer','requirements.next','Check Permissions','2023-10-22 21:44:58','2023-10-22 21:44:58'),(1033,1,'en','packages/installer/installer','permissions.templateTitle','Step 2 | Permissions','2023-10-22 21:44:58','2023-10-22 21:44:58'),(1034,1,'en','packages/installer/installer','permissions.title','Permissions','2023-10-22 21:44:58','2023-10-22 21:44:58'),(1035,1,'en','packages/installer/installer','permissions.next','Configure Environment','2023-10-22 21:44:58','2023-10-22 21:44:58'),(1036,1,'en','packages/installer/installer','environment.wizard.templateTitle','Environment Settings','2023-10-22 21:44:58','2023-10-22 21:44:58'),(1037,1,'en','packages/installer/installer','environment.wizard.title','Environment Settings','2023-10-22 21:44:58','2023-10-22 21:44:58'),(1038,1,'en','packages/installer/installer','environment.wizard.form.name_required','An environment name is required.','2023-10-22 21:44:58','2023-10-22 21:44:58'),(1039,1,'en','packages/installer/installer','environment.wizard.form.app_name_label','Site title','2023-10-22 21:44:58','2023-10-22 21:44:58'),(1040,1,'en','packages/installer/installer','environment.wizard.form.app_name_placeholder','Site title','2023-10-22 21:44:58','2023-10-22 21:44:58'),(1041,1,'en','packages/installer/installer','environment.wizard.form.app_url_label','URL','2023-10-22 21:44:58','2023-10-22 21:44:58'),(1042,1,'en','packages/installer/installer','environment.wizard.form.app_url_placeholder','URL','2023-10-22 21:44:58','2023-10-22 21:44:58'),(1043,1,'en','packages/installer/installer','environment.wizard.form.db_connection_label','Database Connection','2023-10-22 21:44:58','2023-10-22 21:44:58'),(1044,1,'en','packages/installer/installer','environment.wizard.form.db_connection_label_mysql','MySQL','2023-10-22 21:44:58','2023-10-22 21:44:58'),(1045,1,'en','packages/installer/installer','environment.wizard.form.db_connection_label_sqlite','SQLite','2023-10-22 21:44:58','2023-10-22 21:44:58'),(1046,1,'en','packages/installer/installer','environment.wizard.form.db_connection_label_pgsql','PostgreSQL','2023-10-22 21:44:58','2023-10-22 21:44:58'),(1047,1,'en','packages/installer/installer','environment.wizard.form.db_host_label','Database host','2023-10-22 21:44:58','2023-10-22 21:44:58'),(1048,1,'en','packages/installer/installer','environment.wizard.form.db_host_placeholder','Database host','2023-10-22 21:44:58','2023-10-22 21:44:58'),(1049,1,'en','packages/installer/installer','environment.wizard.form.db_port_label','Database port','2023-10-22 21:44:58','2023-10-22 21:44:58'),(1050,1,'en','packages/installer/installer','environment.wizard.form.db_port_placeholder','Database port','2023-10-22 21:44:58','2023-10-22 21:44:58'),(1051,1,'en','packages/installer/installer','environment.wizard.form.db_name_label','Database name','2023-10-22 21:44:58','2023-10-22 21:44:58'),(1052,1,'en','packages/installer/installer','environment.wizard.form.db_name_placeholder','Database name','2023-10-22 21:44:58','2023-10-22 21:44:58'),(1053,1,'en','packages/installer/installer','environment.wizard.form.db_username_label','Database username','2023-10-22 21:44:58','2023-10-22 21:44:58'),(1054,1,'en','packages/installer/installer','environment.wizard.form.db_username_placeholder','Database username','2023-10-22 21:44:58','2023-10-22 21:44:58'),(1055,1,'en','packages/installer/installer','environment.wizard.form.db_password_label','Database password','2023-10-22 21:44:58','2023-10-22 21:44:58'),(1056,1,'en','packages/installer/installer','environment.wizard.form.db_password_placeholder','Database password','2023-10-22 21:44:58','2023-10-22 21:44:58'),(1057,1,'en','packages/installer/installer','environment.wizard.form.buttons.install','Install','2023-10-22 21:44:58','2023-10-22 21:44:58'),(1058,1,'en','packages/installer/installer','environment.wizard.form.db_host_helper','If you use Laravel Sail, just change DB_HOST to DB_HOST=mysql. On some hosting DB_HOST can be localhost instead of 127.0.0.1','2023-10-22 21:44:58','2023-10-22 21:44:58'),(1059,1,'en','packages/installer/installer','environment.wizard.form.db_connections.mysql','MySQL','2023-10-22 21:44:58','2023-10-22 21:44:58'),(1060,1,'en','packages/installer/installer','environment.wizard.form.db_connections.sqlite','SQLite','2023-10-22 21:44:58','2023-10-22 21:44:58'),(1061,1,'en','packages/installer/installer','environment.wizard.form.db_connections.pgsql','PostgreSQL','2023-10-22 21:44:58','2023-10-22 21:44:58'),(1062,1,'en','packages/installer/installer','environment.success','Your .env file settings have been saved.','2023-10-22 21:44:58','2023-10-22 21:44:58'),(1063,1,'en','packages/installer/installer','environment.errors','Unable to save the .env file, Please create it manually.','2023-10-22 21:44:58','2023-10-22 21:44:58'),(1064,1,'en','packages/installer/installer','install','Install','2023-10-22 21:44:58','2023-10-22 21:44:58'),(1065,1,'en','packages/installer/installer','final.title','Installation Finished','2023-10-22 21:44:58','2023-10-22 21:44:58'),(1066,1,'en','packages/installer/installer','final.templateTitle','Installation Finished','2023-10-22 21:44:58','2023-10-22 21:44:58'),(1067,1,'en','packages/installer/installer','final.finished','Application has been successfully installed.','2023-10-22 21:44:58','2023-10-22 21:44:58'),(1068,1,'en','packages/installer/installer','final.exit','Click here to exit','2023-10-22 21:44:58','2023-10-22 21:44:58'),(1069,1,'en','packages/installer/installer','create_account','Create account','2023-10-22 21:44:58','2023-10-22 21:44:58'),(1070,1,'en','packages/installer/installer','first_name','First name','2023-10-22 21:44:58','2023-10-22 21:44:58'),(1071,1,'en','packages/installer/installer','last_name','Last name','2023-10-22 21:44:58','2023-10-22 21:44:58'),(1072,1,'en','packages/installer/installer','username','Username','2023-10-22 21:44:58','2023-10-22 21:44:58'),(1073,1,'en','packages/installer/installer','email','Email','2023-10-22 21:44:58','2023-10-22 21:44:58'),(1074,1,'en','packages/installer/installer','password','Password','2023-10-22 21:44:58','2023-10-22 21:44:58'),(1075,1,'en','packages/installer/installer','password_confirmation','Password confirmation','2023-10-22 21:44:58','2023-10-22 21:44:58'),(1076,1,'en','packages/installer/installer','create','Create','2023-10-22 21:44:58','2023-10-22 21:44:58'),(1077,1,'en','packages/installer/installer','install_success','Installed successfully!','2023-10-22 21:44:58','2023-10-22 21:44:58'),(1078,1,'en','packages/menu/menu','name','Menus','2023-10-22 21:44:58','2023-10-22 21:44:58'),(1079,1,'en','packages/menu/menu','key_name','Menu name (key: :key)','2023-10-22 21:44:58','2023-10-22 21:44:58'),(1080,1,'en','packages/menu/menu','basic_info','Basic information','2023-10-22 21:44:58','2023-10-22 21:44:58'),(1081,1,'en','packages/menu/menu','add_to_menu','Add to menu','2023-10-22 21:44:58','2023-10-22 21:44:58'),(1082,1,'en','packages/menu/menu','custom_link','Custom link','2023-10-22 21:44:58','2023-10-22 21:44:58'),(1083,1,'en','packages/menu/menu','add_link','Add link','2023-10-22 21:44:58','2023-10-22 21:44:58'),(1084,1,'en','packages/menu/menu','structure','Menu structure','2023-10-22 21:44:58','2023-10-22 21:44:58'),(1085,1,'en','packages/menu/menu','remove','Remove','2023-10-22 21:44:58','2023-10-22 21:44:58'),(1086,1,'en','packages/menu/menu','cancel','Cancel','2023-10-22 21:44:58','2023-10-22 21:44:58'),(1087,1,'en','packages/menu/menu','title','Title','2023-10-22 21:44:58','2023-10-22 21:44:58'),(1088,1,'en','packages/menu/menu','icon','Icon','2023-10-22 21:44:58','2023-10-22 21:44:58'),(1089,1,'en','packages/menu/menu','url','URL','2023-10-22 21:44:58','2023-10-22 21:44:58'),(1090,1,'en','packages/menu/menu','target','Target','2023-10-22 21:44:58','2023-10-22 21:44:58'),(1091,1,'en','packages/menu/menu','css_class','CSS class','2023-10-22 21:44:58','2023-10-22 21:44:58'),(1092,1,'en','packages/menu/menu','self_open_link','Open link directly','2023-10-22 21:44:58','2023-10-22 21:44:58'),(1093,1,'en','packages/menu/menu','blank_open_link','Open link in new tab','2023-10-22 21:44:58','2023-10-22 21:44:58'),(1094,1,'en','packages/menu/menu','create','Create menu','2023-10-22 21:44:58','2023-10-22 21:44:58'),(1095,1,'en','packages/menu/menu','menu_settings','Menu settings','2023-10-22 21:44:58','2023-10-22 21:44:58'),(1096,1,'en','packages/menu/menu','display_location','Display location','2023-10-22 21:44:58','2023-10-22 21:44:58'),(1097,1,'en','packages/menu/menu','title_placeholder','Title','2023-10-22 21:44:58','2023-10-22 21:44:58'),(1098,1,'en','packages/menu/menu','icon_placeholder','Icon','2023-10-22 21:44:58','2023-10-22 21:44:58'),(1099,1,'en','packages/menu/menu','url_placeholder','URL','2023-10-22 21:44:58','2023-10-22 21:44:58'),(1100,1,'en','packages/menu/menu','css_class_placeholder','CSS class','2023-10-22 21:44:58','2023-10-22 21:44:58'),(1101,1,'en','packages/menu/menu','menu_id','Menu ID','2023-10-22 21:44:58','2023-10-22 21:44:58'),(1102,1,'en','packages/optimize/optimize','settings.title','Optimize page speed','2023-10-22 21:44:58','2023-10-22 21:44:58'),(1103,1,'en','packages/optimize/optimize','settings.description','Minify HTML output, inline CSS, remove comments...','2023-10-22 21:44:58','2023-10-22 21:44:58'),(1104,1,'en','packages/optimize/optimize','settings.enable','Enable optimize page speed?','2023-10-22 21:44:58','2023-10-22 21:44:58'),(1105,1,'en','packages/optimize/optimize','collapse_white_space','Collapse white space','2023-10-22 21:44:58','2023-10-22 21:44:58'),(1106,1,'en','packages/optimize/optimize','collapse_white_space_description','This filter reduces bytes transmitted in an HTML file by removing unnecessary whitespace.','2023-10-22 21:44:58','2023-10-22 21:44:58'),(1107,1,'en','packages/optimize/optimize','elide_attributes','Elide attributes','2023-10-22 21:44:58','2023-10-22 21:44:58'),(1108,1,'en','packages/optimize/optimize','elide_attributes_description','This filter reduces the transfer size of HTML files by removing attributes from tags when the specified value is equal to the default value for that attribute. This can save a modest number of bytes, and may make the document more compressible by canonicalizing the affected tags.','2023-10-22 21:44:58','2023-10-22 21:44:58'),(1109,1,'en','packages/optimize/optimize','inline_css','Inline CSS','2023-10-22 21:44:58','2023-10-22 21:44:58'),(1110,1,'en','packages/optimize/optimize','inline_css_description','This filter transforms the inline \"style\" attribute of tags into classes by moving the CSS to the header.','2023-10-22 21:44:58','2023-10-22 21:44:58'),(1111,1,'en','packages/optimize/optimize','insert_dns_prefetch','Insert DNS prefetch','2023-10-22 21:44:58','2023-10-22 21:44:58'),(1112,1,'en','packages/optimize/optimize','insert_dns_prefetch_description','This filter injects tags in the HEAD to enable the browser to do DNS prefetching.','2023-10-22 21:44:58','2023-10-22 21:44:58'),(1113,1,'en','packages/optimize/optimize','remove_comments','Remove comments','2023-10-22 21:44:59','2023-10-22 21:44:59'),(1114,1,'en','packages/optimize/optimize','remove_comments_description','This filter eliminates HTML, JS and CSS comments. The filter reduces the transfer size of HTML files by removing the comments. Depending on the HTML file, this filter can significantly reduce the number of bytes transmitted on the network.','2023-10-22 21:44:59','2023-10-22 21:44:59'),(1115,1,'en','packages/optimize/optimize','remove_quotes','Remove quotes','2023-10-22 21:44:59','2023-10-22 21:44:59'),(1116,1,'en','packages/optimize/optimize','remove_quotes_description','This filter eliminates unnecessary quotation marks from HTML attributes. While required by the various HTML specifications, browsers permit their omission when the value of an attribute is composed of a certain subset of characters (alphanumerics and some punctuation characters).','2023-10-22 21:44:59','2023-10-22 21:44:59'),(1117,1,'en','packages/optimize/optimize','defer_javascript','Defer javascript','2023-10-22 21:44:59','2023-10-22 21:44:59'),(1118,1,'en','packages/optimize/optimize','defer_javascript_description','Defers the execution of javascript in the HTML. If necessary cancel deferring in some script, use data-pagespeed-no-defer as script attribute to cancel deferring.','2023-10-22 21:44:59','2023-10-22 21:44:59'),(1119,1,'en','packages/page/pages','create','Create new page','2023-10-22 21:44:59','2023-10-22 21:44:59'),(1120,1,'en','packages/page/pages','form.name','Name','2023-10-22 21:44:59','2023-10-22 21:44:59'),(1121,1,'en','packages/page/pages','form.name_placeholder','Page\'s name (Maximum 120 characters)','2023-10-22 21:44:59','2023-10-22 21:44:59'),(1122,1,'en','packages/page/pages','form.content','Content','2023-10-22 21:44:59','2023-10-22 21:44:59'),(1123,1,'en','packages/page/pages','form.note','Note content','2023-10-22 21:44:59','2023-10-22 21:44:59'),(1124,1,'en','packages/page/pages','notices.no_select','Please select at least one record to take this action!','2023-10-22 21:44:59','2023-10-22 21:44:59'),(1125,1,'en','packages/page/pages','notices.update_success_message','Update successfully','2023-10-22 21:44:59','2023-10-22 21:44:59'),(1126,1,'en','packages/page/pages','cannot_delete','Page could not be deleted','2023-10-22 21:44:59','2023-10-22 21:44:59'),(1127,1,'en','packages/page/pages','deleted','Page deleted','2023-10-22 21:44:59','2023-10-22 21:44:59'),(1128,1,'en','packages/page/pages','pages','Pages','2023-10-22 21:44:59','2023-10-22 21:44:59'),(1129,1,'en','packages/page/pages','menu','Pages','2023-10-22 21:44:59','2023-10-22 21:44:59'),(1130,1,'en','packages/page/pages','menu_name','Pages','2023-10-22 21:44:59','2023-10-22 21:44:59'),(1131,1,'en','packages/page/pages','edit_this_page','Edit this page','2023-10-22 21:44:59','2023-10-22 21:44:59'),(1132,1,'en','packages/page/pages','total_pages','Total pages','2023-10-22 21:44:59','2023-10-22 21:44:59'),(1133,1,'en','packages/page/pages','settings.show_on_front','Your homepage displays','2023-10-22 21:44:59','2023-10-22 21:44:59'),(1134,1,'en','packages/page/pages','settings.select',' Select ','2023-10-22 21:44:59','2023-10-22 21:44:59'),(1135,1,'en','packages/page/pages','front_page','Front Page','2023-10-22 21:44:59','2023-10-22 21:44:59'),(1136,1,'en','packages/plugin-management/marketplace','previous','&laquo; Previous','2023-10-22 21:44:59','2023-10-22 21:44:59'),(1137,1,'en','packages/plugin-management/marketplace','next','Next &raquo;','2023-10-22 21:44:59','2023-10-22 21:44:59'),(1138,1,'en','packages/plugin-management/marketplace','showing','Showing','2023-10-22 21:44:59','2023-10-22 21:44:59'),(1139,1,'en','packages/plugin-management/marketplace','to','to','2023-10-22 21:44:59','2023-10-22 21:44:59'),(1140,1,'en','packages/plugin-management/marketplace','of','of','2023-10-22 21:44:59','2023-10-22 21:44:59'),(1141,1,'en','packages/plugin-management/marketplace','results','results','2023-10-22 21:44:59','2023-10-22 21:44:59'),(1142,1,'en','packages/plugin-management/marketplace','add_new','Add new','2023-10-22 21:44:59','2023-10-22 21:44:59'),(1143,1,'en','packages/plugin-management/marketplace','installed','Installed','2023-10-22 21:44:59','2023-10-22 21:44:59'),(1144,1,'en','packages/plugin-management/marketplace','install_now','Install now','2023-10-22 21:44:59','2023-10-22 21:44:59'),(1145,1,'en','packages/plugin-management/marketplace','installing','Installing...','2023-10-22 21:44:59','2023-10-22 21:44:59'),(1146,1,'en','packages/plugin-management/marketplace','detail','Details','2023-10-22 21:44:59','2023-10-22 21:44:59'),(1147,1,'en','packages/plugin-management/marketplace','version','Version','2023-10-22 21:44:59','2023-10-22 21:44:59'),(1148,1,'en','packages/plugin-management/marketplace','minimum_core_version','Minimum core version','2023-10-22 21:44:59','2023-10-22 21:44:59'),(1149,1,'en','packages/plugin-management/marketplace','last_update','Last update','2023-10-22 21:44:59','2023-10-22 21:44:59'),(1150,1,'en','packages/plugin-management/marketplace','compatible_version','Compatible with your version','2023-10-22 21:44:59','2023-10-22 21:44:59'),(1151,1,'en','packages/plugin-management/marketplace','incompatible_version','Incompatible with your version','2023-10-22 21:44:59','2023-10-22 21:44:59'),(1152,1,'en','packages/plugin-management/marketplace','deactivate','Deactivate','2023-10-22 21:44:59','2023-10-22 21:44:59'),(1153,1,'en','packages/plugin-management/marketplace','activate','Activate','2023-10-22 21:44:59','2023-10-22 21:44:59'),(1154,1,'en','packages/plugin-management/marketplace','activating','Activating...','2023-10-22 21:44:59','2023-10-22 21:44:59'),(1155,1,'en','packages/plugin-management/marketplace','activated','Activated','2023-10-22 21:44:59','2023-10-22 21:44:59'),(1156,1,'en','packages/plugin-management/marketplace','connection_aborted','Connection Aborted','2023-10-22 21:44:59','2023-10-22 21:44:59'),(1157,1,'en','packages/plugin-management/marketplace','connection_aborted_description','Connection Aborted Description','2023-10-22 21:44:59','2023-10-22 21:44:59'),(1158,1,'en','packages/plugin-management/marketplace','api_connect_error','Connect to Marketplace API Error, please contact support','2023-10-22 21:44:59','2023-10-22 21:44:59'),(1159,1,'en','packages/plugin-management/marketplace','keyword','Keyword','2023-10-22 21:44:59','2023-10-22 21:44:59'),(1160,1,'en','packages/plugin-management/marketplace','search','Search','2023-10-22 21:44:59','2023-10-22 21:44:59'),(1161,1,'en','packages/plugin-management/marketplace','all','All','2023-10-22 21:44:59','2023-10-22 21:44:59'),(1162,1,'en','packages/plugin-management/marketplace','featured','Featured','2023-10-22 21:44:59','2023-10-22 21:44:59'),(1163,1,'en','packages/plugin-management/marketplace','popular','Popular','2023-10-22 21:44:59','2023-10-22 21:44:59'),(1164,1,'en','packages/plugin-management/marketplace','top_rated','Top Rated','2023-10-22 21:44:59','2023-10-22 21:44:59'),(1165,1,'en','packages/plugin-management/marketplace','install_plugin','Install plugin','2023-10-22 21:44:59','2023-10-22 21:44:59'),(1166,1,'en','packages/plugin-management/marketplace','cancel','Cancel','2023-10-22 21:44:59','2023-10-22 21:44:59'),(1167,1,'en','packages/plugin-management/marketplace','yes_install',' Yes! Install','2023-10-22 21:44:59','2023-10-22 21:44:59'),(1168,1,'en','packages/plugin-management/marketplace','message_alert','Are you sure you want to install this plugin?','2023-10-22 21:44:59','2023-10-22 21:44:59'),(1169,1,'en','packages/plugin-management/marketplace','folder_permissions','Folder does not have permission to write file or the update file path could not be resolved, please contact support','2023-10-22 21:44:59','2023-10-22 21:44:59'),(1170,1,'en','packages/plugin-management/marketplace','unzip_failed','Unzip extraction failed','2023-10-22 21:44:59','2023-10-22 21:44:59'),(1171,1,'en','packages/plugin-management/marketplace','unzip_success','Download file extracted','2023-10-22 21:44:59','2023-10-22 21:44:59'),(1172,1,'en','packages/plugin-management/marketplace','install_success','Installed plugin successfully!','2023-10-22 21:44:59','2023-10-22 21:44:59'),(1173,1,'en','packages/plugin-management/marketplace','update_success','Updated plugin successfully!','2023-10-22 21:44:59','2023-10-22 21:44:59'),(1174,1,'en','packages/plugin-management/marketplace','minimum_core_version_error','Cannot install this plugin. Minimum core version is :version.','2023-10-22 21:44:59','2023-10-22 21:44:59'),(1175,1,'en','packages/plugin-management/plugin','enabled','Enabled','2023-10-22 21:44:59','2023-10-22 21:44:59'),(1176,1,'en','packages/plugin-management/plugin','deactivated','Deactivated','2023-10-22 21:44:59','2023-10-22 21:44:59'),(1177,1,'en','packages/plugin-management/plugin','activated','Activated','2023-10-22 21:44:59','2023-10-22 21:44:59'),(1178,1,'en','packages/plugin-management/plugin','activate','Activate','2023-10-22 21:44:59','2023-10-22 21:44:59'),(1179,1,'en','packages/plugin-management/plugin','deactivate','Deactivate','2023-10-22 21:44:59','2023-10-22 21:44:59'),(1180,1,'en','packages/plugin-management/plugin','author','By','2023-10-22 21:44:59','2023-10-22 21:44:59'),(1181,1,'en','packages/plugin-management/plugin','update_plugin_status_success','Update plugin successfully','2023-10-22 21:44:59','2023-10-22 21:44:59'),(1182,1,'en','packages/plugin-management/plugin','plugins','Plugins','2023-10-22 21:44:59','2023-10-22 21:44:59'),(1183,1,'en','packages/plugin-management/plugin','missing_required_plugins','Please activate plugin(s): :plugins before activate this plugin!','2023-10-22 21:44:59','2023-10-22 21:44:59'),(1184,1,'en','packages/plugin-management/plugin','remove','Remove','2023-10-22 21:44:59','2023-10-22 21:44:59'),(1185,1,'en','packages/plugin-management/plugin','remove_plugin_success','Remove plugin successfully!','2023-10-22 21:44:59','2023-10-22 21:44:59'),(1186,1,'en','packages/plugin-management/plugin','remove_plugin','Remove plugin','2023-10-22 21:44:59','2023-10-22 21:44:59'),(1187,1,'en','packages/plugin-management/plugin','remove_plugin_confirm_message','Do you really want to remove this plugin?','2023-10-22 21:44:59','2023-10-22 21:44:59'),(1188,1,'en','packages/plugin-management/plugin','remove_plugin_confirm_yes','Yes, remove it!','2023-10-22 21:44:59','2023-10-22 21:44:59'),(1189,1,'en','packages/plugin-management/plugin','total_plugins','Total plugins','2023-10-22 21:44:59','2023-10-22 21:44:59'),(1190,1,'en','packages/plugin-management/plugin','invalid_plugin','This plugin is not a valid plugin, please check it again!','2023-10-22 21:44:59','2023-10-22 21:44:59'),(1191,1,'en','packages/plugin-management/plugin','version','Version','2023-10-22 21:44:59','2023-10-22 21:44:59'),(1192,1,'en','packages/plugin-management/plugin','invalid_json','Invalid plugin.json!','2023-10-22 21:44:59','2023-10-22 21:44:59'),(1193,1,'en','packages/plugin-management/plugin','activate_success','Activate plugin successfully!','2023-10-22 21:44:59','2023-10-22 21:44:59'),(1194,1,'en','packages/plugin-management/plugin','activated_already','This plugin is activated already!','2023-10-22 21:44:59','2023-10-22 21:44:59'),(1195,1,'en','packages/plugin-management/plugin','plugin_not_exist','This plugin is not exists.','2023-10-22 21:44:59','2023-10-22 21:44:59'),(1196,1,'en','packages/plugin-management/plugin','missing_json_file','Missing file plugin.json!','2023-10-22 21:44:59','2023-10-22 21:44:59'),(1197,1,'en','packages/plugin-management/plugin','plugin_invalid','Plugin is valid!','2023-10-22 21:44:59','2023-10-22 21:44:59'),(1198,1,'en','packages/plugin-management/plugin','published_assets_success','Publish assets for plugin :name successfully!','2023-10-22 21:44:59','2023-10-22 21:44:59'),(1199,1,'en','packages/plugin-management/plugin','plugin_removed','Plugin has been removed!','2023-10-22 21:44:59','2023-10-22 21:44:59'),(1200,1,'en','packages/plugin-management/plugin','deactivated_success','Deactivate plugin successfully!','2023-10-22 21:44:59','2023-10-22 21:44:59'),(1201,1,'en','packages/plugin-management/plugin','deactivated_already','This plugin is deactivated already!','2023-10-22 21:44:59','2023-10-22 21:44:59'),(1202,1,'en','packages/plugin-management/plugin','folder_is_not_writeable','Cannot write files! Folder :name is not writable. Please chmod to make it writable!','2023-10-22 21:44:59','2023-10-22 21:44:59'),(1203,1,'en','packages/plugin-management/plugin','plugin_is_not_ready','Plugin :name is not ready to use','2023-10-22 21:44:59','2023-10-22 21:44:59'),(1204,1,'en','packages/plugin-management/plugin','plugins_installed','Installed Plugins','2023-10-22 21:44:59','2023-10-22 21:44:59'),(1205,1,'en','packages/plugin-management/plugin','plugins_add_new','Add new','2023-10-22 21:44:59','2023-10-22 21:44:59'),(1206,1,'en','packages/plugin-management/plugin','update','Update','2023-10-22 21:44:59','2023-10-22 21:44:59'),(1207,1,'en','packages/plugin-management/plugin','requirement_not_met','Plugin :plugin requires plugin(s): :required_plugins. Do you want to install them and activate :plugin now?','2023-10-22 21:44:59','2023-10-22 21:44:59'),(1208,1,'en','packages/plugin-management/plugin','install','Install now','2023-10-22 21:44:59','2023-10-22 21:44:59'),(1209,1,'en','packages/plugin-management/plugin','install_plugin','Install Plugin','2023-10-22 21:44:59','2023-10-22 21:44:59'),(1210,1,'en','packages/plugin-management/plugin','minimum_core_version_not_met','Plugin :plugin requires :minimum_core_version version of core, but your core version is :current_core_version. Please upgrade your core to use this plugin!','2023-10-22 21:44:59','2023-10-22 21:44:59'),(1211,1,'en','packages/seo-helper/seo-helper','meta_box_header','Search Engine Optimize','2023-10-22 21:44:59','2023-10-22 21:44:59'),(1212,1,'en','packages/seo-helper/seo-helper','edit_seo_meta','Edit SEO meta','2023-10-22 21:44:59','2023-10-22 21:44:59'),(1213,1,'en','packages/seo-helper/seo-helper','default_description','Setup meta title & description to make your site easy to discovered on search engines such as Google','2023-10-22 21:44:59','2023-10-22 21:44:59'),(1214,1,'en','packages/seo-helper/seo-helper','seo_title','SEO Title','2023-10-22 21:44:59','2023-10-22 21:44:59'),(1215,1,'en','packages/seo-helper/seo-helper','seo_description','SEO description','2023-10-22 21:44:59','2023-10-22 21:44:59'),(1216,1,'en','packages/slug/slug','permalink_settings','Permalink','2023-10-22 21:44:59','2023-10-22 21:44:59'),(1217,1,'en','packages/slug/slug','settings.title','Permalink settings','2023-10-22 21:44:59','2023-10-22 21:44:59'),(1218,1,'en','packages/slug/slug','settings.description','Manage permalink for all modules.','2023-10-22 21:44:59','2023-10-22 21:44:59'),(1219,1,'en','packages/slug/slug','settings.preview','Preview','2023-10-22 21:44:59','2023-10-22 21:44:59'),(1220,1,'en','packages/slug/slug','settings.turn_off_automatic_url_translation_into_latin','Turn off automatic URL translation into Latin?','2023-10-22 21:44:59','2023-10-22 21:44:59'),(1221,1,'en','packages/slug/slug','settings.available_variables','Available variables','2023-10-22 21:44:59','2023-10-22 21:44:59'),(1222,1,'en','packages/slug/slug','preview','Preview','2023-10-22 21:44:59','2023-10-22 21:44:59'),(1223,1,'en','packages/slug/slug','prefix_for','Prefix for :name','2023-10-22 21:44:59','2023-10-22 21:44:59'),(1224,1,'en','packages/slug/slug','public_single_ending_url','Postfix for single page URL','2023-10-22 21:44:59','2023-10-22 21:44:59'),(1225,1,'en','packages/slug/slug','current_year','Current year','2023-10-22 21:44:59','2023-10-22 21:44:59'),(1226,1,'en','packages/slug/slug','current_month','Current month','2023-10-22 21:44:59','2023-10-22 21:44:59'),(1227,1,'en','packages/slug/slug','current_day','Current day','2023-10-22 21:44:59','2023-10-22 21:44:59'),(1228,1,'en','packages/theme/theme','name','Themes','2023-10-22 21:44:59','2023-10-22 21:44:59'),(1229,1,'en','packages/theme/theme','theme','Theme','2023-10-22 21:44:59','2023-10-22 21:44:59'),(1230,1,'en','packages/theme/theme','author','Author','2023-10-22 21:44:59','2023-10-22 21:44:59'),(1231,1,'en','packages/theme/theme','version','Version','2023-10-22 21:44:59','2023-10-22 21:44:59'),(1232,1,'en','packages/theme/theme','description','Description','2023-10-22 21:44:59','2023-10-22 21:44:59'),(1233,1,'en','packages/theme/theme','active_success','Activate theme :name successfully!','2023-10-22 21:44:59','2023-10-22 21:44:59'),(1234,1,'en','packages/theme/theme','active','Active','2023-10-22 21:44:59','2023-10-22 21:44:59'),(1235,1,'en','packages/theme/theme','activated','Activated','2023-10-22 21:44:59','2023-10-22 21:44:59'),(1236,1,'en','packages/theme/theme','appearance','Appearance','2023-10-22 21:44:59','2023-10-22 21:44:59'),(1237,1,'en','packages/theme/theme','theme_options','Theme options','2023-10-22 21:44:59','2023-10-22 21:44:59'),(1238,1,'en','packages/theme/theme','save_changes','Save Changes','2023-10-22 21:44:59','2023-10-22 21:44:59'),(1239,1,'en','packages/theme/theme','custom_css','Custom CSS','2023-10-22 21:44:59','2023-10-22 21:44:59'),(1240,1,'en','packages/theme/theme','custom_js','Custom JS','2023-10-22 21:44:59','2023-10-22 21:44:59'),(1241,1,'en','packages/theme/theme','custom_header_js','Header JS','2023-10-22 21:44:59','2023-10-22 21:44:59'),(1242,1,'en','packages/theme/theme','custom_header_js_placeholder','JS in header of page, wrap it inside &#x3C;script&#x3E;&#x3C;/script&#x3E;','2023-10-22 21:44:59','2023-10-22 21:44:59'),(1243,1,'en','packages/theme/theme','custom_body_js','Body JS','2023-10-22 21:44:59','2023-10-22 21:44:59'),(1244,1,'en','packages/theme/theme','custom_body_js_placeholder','JS in body of page, wrap it inside &#x3C;script&#x3E;&#x3C;/script&#x3E;','2023-10-22 21:44:59','2023-10-22 21:44:59'),(1245,1,'en','packages/theme/theme','custom_footer_js','Footer JS','2023-10-22 21:44:59','2023-10-22 21:44:59'),(1246,1,'en','packages/theme/theme','custom_footer_js_placeholder','JS in footer of page, wrap it inside &#x3C;script&#x3E;&#x3C;/script&#x3E;','2023-10-22 21:44:59','2023-10-22 21:44:59'),(1247,1,'en','packages/theme/theme','custom_html','Custom HTML','2023-10-22 21:44:59','2023-10-22 21:44:59'),(1248,1,'en','packages/theme/theme','custom_header_html','Header HTML','2023-10-22 21:44:59','2023-10-22 21:44:59'),(1249,1,'en','packages/theme/theme','custom_header_html_placeholder','HTML in header of page, no special tags: script, style, iframe...','2023-10-22 21:44:59','2023-10-22 21:44:59'),(1250,1,'en','packages/theme/theme','custom_body_html','Body HTML','2023-10-22 21:44:59','2023-10-22 21:44:59'),(1251,1,'en','packages/theme/theme','custom_body_html_placeholder','HTML in body of page, no special tags: script, style, iframe...','2023-10-22 21:44:59','2023-10-22 21:44:59'),(1252,1,'en','packages/theme/theme','custom_footer_html','Footer HTML','2023-10-22 21:44:59','2023-10-22 21:44:59'),(1253,1,'en','packages/theme/theme','custom_footer_html_placeholder','HTML in footer of page, no special tags: script, style, iframe...','2023-10-22 21:44:59','2023-10-22 21:44:59'),(1254,1,'en','packages/theme/theme','remove_theme_success','Remove theme successfully!','2023-10-22 21:44:59','2023-10-22 21:44:59'),(1255,1,'en','packages/theme/theme','theme_is_not_existed','This theme is not existed!','2023-10-22 21:44:59','2023-10-22 21:44:59'),(1256,1,'en','packages/theme/theme','remove','Remove','2023-10-22 21:44:59','2023-10-22 21:44:59'),(1257,1,'en','packages/theme/theme','remove_theme','Remove theme','2023-10-22 21:44:59','2023-10-22 21:44:59'),(1258,1,'en','packages/theme/theme','remove_theme_confirm_message','Do you really want to remove this theme?','2023-10-22 21:44:59','2023-10-22 21:44:59'),(1259,1,'en','packages/theme/theme','remove_theme_confirm_yes','Yes, remove it!','2023-10-22 21:44:59','2023-10-22 21:44:59'),(1260,1,'en','packages/theme/theme','total_themes','Total themes','2023-10-22 21:44:59','2023-10-22 21:44:59'),(1261,1,'en','packages/theme/theme','show_admin_bar','Show admin bar (When admin logged in, still show admin bar in website)?','2023-10-22 21:44:59','2023-10-22 21:44:59'),(1262,1,'en','packages/theme/theme','settings.title','Theme','2023-10-22 21:44:59','2023-10-22 21:44:59'),(1263,1,'en','packages/theme/theme','settings.description','Setting for theme','2023-10-22 21:44:59','2023-10-22 21:44:59'),(1264,1,'en','packages/theme/theme','settings.redirect_404_to_homepage','Redirect all not found requests to homepage?','2023-10-22 21:44:59','2023-10-22 21:44:59'),(1265,1,'en','packages/theme/theme','settings.show_guidelines','Show guidelines?','2023-10-22 21:44:59','2023-10-22 21:44:59'),(1266,1,'en','packages/theme/theme','add_new','Add new','2023-10-22 21:44:59','2023-10-22 21:44:59'),(1267,1,'en','packages/theme/theme','theme_activated_already','Theme \":name\" is activated already!','2023-10-22 21:44:59','2023-10-22 21:44:59'),(1268,1,'en','packages/theme/theme','missing_json_file','Missing file theme.json!','2023-10-22 21:44:59','2023-10-22 21:44:59'),(1269,1,'en','packages/theme/theme','theme_invalid','Theme is valid!','2023-10-22 21:44:59','2023-10-22 21:44:59'),(1270,1,'en','packages/theme/theme','published_assets_success','Publish assets for :themes successfully!','2023-10-22 21:44:59','2023-10-22 21:44:59'),(1271,1,'en','packages/theme/theme','cannot_remove_theme','Cannot remove activated theme, please activate another theme before removing \":name\"!','2023-10-22 21:44:59','2023-10-22 21:44:59'),(1272,1,'en','packages/theme/theme','theme_deleted','Theme \":name\" has been destroyed.','2023-10-22 21:44:59','2023-10-22 21:44:59'),(1273,1,'en','packages/theme/theme','removed_assets','Remove assets of a theme :name successfully!','2023-10-22 21:44:59','2023-10-22 21:44:59'),(1274,1,'en','packages/theme/theme','update_custom_css_success','Update custom CSS successfully!','2023-10-22 21:44:59','2023-10-22 21:44:59'),(1275,1,'en','packages/theme/theme','update_custom_js_success','Update custom JS successfully!','2023-10-22 21:44:59','2023-10-22 21:44:59'),(1276,1,'en','packages/theme/theme','update_custom_html_success','Update custom HTML successfully!','2023-10-22 21:44:59','2023-10-22 21:44:59'),(1277,1,'en','packages/theme/theme','go_to_dashboard','Go to dashboard','2023-10-22 21:44:59','2023-10-22 21:44:59'),(1278,1,'en','packages/theme/theme','custom_css_placeholder','Using Ctrl + Space to autocomplete.','2023-10-22 21:44:59','2023-10-22 21:44:59'),(1279,1,'en','packages/theme/theme','theme_option_general','General','2023-10-22 21:44:59','2023-10-22 21:44:59'),(1280,1,'en','packages/theme/theme','theme_option_general_description','General settings','2023-10-22 21:44:59','2023-10-22 21:44:59'),(1281,1,'en','packages/theme/theme','theme_option_seo_open_graph_image','SEO default Open Graph image','2023-10-22 21:44:59','2023-10-22 21:44:59'),(1282,1,'en','packages/theme/theme','theme_option_logo','Logo','2023-10-22 21:44:59','2023-10-22 21:44:59'),(1283,1,'en','packages/theme/theme','theme_option_favicon','Favicon','2023-10-22 21:44:59','2023-10-22 21:44:59'),(1284,1,'en','packages/theme/theme','folder_is_not_writeable','Cannot write files! Folder :name is not writable. Please chmod to make it writable!','2023-10-22 21:44:59','2023-10-22 21:44:59'),(1285,1,'en','packages/theme/theme','breadcrumb_enabled','Enable breadcrumb?','2023-10-22 21:44:59','2023-10-22 21:44:59'),(1286,1,'en','packages/widget/widget','name','Widgets','2023-10-22 21:44:59','2023-10-22 21:44:59'),(1287,1,'en','packages/widget/widget','create','New widget','2023-10-22 21:44:59','2023-10-22 21:44:59'),(1288,1,'en','packages/widget/widget','edit','Edit widget','2023-10-22 21:44:59','2023-10-22 21:44:59'),(1289,1,'en','packages/widget/widget','delete','Delete','2023-10-22 21:44:59','2023-10-22 21:44:59'),(1290,1,'en','packages/widget/widget','available','Available Widgets','2023-10-22 21:44:59','2023-10-22 21:44:59'),(1291,1,'en','packages/widget/widget','instruction','To activate a widget drag it to a sidebar or click on it. To deactivate a widget and delete its settings, drag it back.','2023-10-22 21:44:59','2023-10-22 21:44:59'),(1292,1,'en','packages/widget/widget','number_tag_display','Number tags will be display','2023-10-22 21:44:59','2023-10-22 21:44:59'),(1293,1,'en','packages/widget/widget','number_post_display','Number posts will be display','2023-10-22 21:44:59','2023-10-22 21:44:59'),(1294,1,'en','packages/widget/widget','select_menu','Select Menu','2023-10-22 21:45:00','2023-10-22 21:45:00'),(1295,1,'en','packages/widget/widget','widget_text','Text','2023-10-22 21:45:00','2023-10-22 21:45:00'),(1296,1,'en','packages/widget/widget','widget_text_description','Arbitrary text or HTML.','2023-10-22 21:45:00','2023-10-22 21:45:00'),(1297,1,'en','packages/widget/widget','widget_recent_post','Recent Posts','2023-10-22 21:45:00','2023-10-22 21:45:00'),(1298,1,'en','packages/widget/widget','widget_recent_post_description','Recent posts widget.','2023-10-22 21:45:00','2023-10-22 21:45:00'),(1299,1,'en','packages/widget/widget','widget_custom_menu','Custom Menu','2023-10-22 21:45:00','2023-10-22 21:45:00'),(1300,1,'en','packages/widget/widget','widget_custom_menu_description','Add a custom menu to your widget area.','2023-10-22 21:45:00','2023-10-22 21:45:00'),(1301,1,'en','packages/widget/widget','widget_tag','Tags','2023-10-22 21:45:00','2023-10-22 21:45:00'),(1302,1,'en','packages/widget/widget','widget_tag_description','Popular tags','2023-10-22 21:45:00','2023-10-22 21:45:00'),(1303,1,'en','packages/widget/widget','widget_menu','Simple Menu','2023-10-22 21:45:00','2023-10-22 21:45:00'),(1304,1,'en','packages/widget/widget','widget_menu_description','Add a simple menu to your widget area.','2023-10-22 21:45:00','2023-10-22 21:45:00'),(1305,1,'en','packages/widget/widget','widget_menu_label','Label','2023-10-22 21:45:00','2023-10-22 21:45:00'),(1306,1,'en','packages/widget/widget','widget_menu_attributes','Attributes','2023-10-22 21:45:00','2023-10-22 21:45:00'),(1307,1,'en','packages/widget/widget','widget_menu_url','URL','2023-10-22 21:45:00','2023-10-22 21:45:00'),(1308,1,'en','packages/widget/widget','widget_menu_is_open_new_tab','Is open new tab?','2023-10-22 21:45:00','2023-10-22 21:45:00'),(1309,1,'en','packages/widget/widget','save_success','Save widget successfully!','2023-10-22 21:45:00','2023-10-22 21:45:00'),(1310,1,'en','packages/widget/widget','delete_success','Delete widget successfully!','2023-10-22 21:45:00','2023-10-22 21:45:00'),(1311,1,'en','packages/widget/widget','primary_sidebar_name','Primary sidebar','2023-10-22 21:45:00','2023-10-22 21:45:00'),(1312,1,'en','packages/widget/widget','primary_sidebar_description','Primary sidebar section','2023-10-22 21:45:00','2023-10-22 21:45:00'),(1313,1,'en','plugins/analytics/analytics','sessions','Sessions','2023-10-22 21:45:00','2023-10-22 21:45:00'),(1314,1,'en','plugins/analytics/analytics','visitors','Visitors','2023-10-22 21:45:00','2023-10-22 21:45:00'),(1315,1,'en','plugins/analytics/analytics','pageviews','Pageviews','2023-10-22 21:45:00','2023-10-22 21:45:00'),(1316,1,'en','plugins/analytics/analytics','bounce_rate','Bounce Rate','2023-10-22 21:45:00','2023-10-22 21:45:00'),(1317,1,'en','plugins/analytics/analytics','page_session','Pages/Session','2023-10-22 21:45:00','2023-10-22 21:45:00'),(1318,1,'en','plugins/analytics/analytics','avg_duration','Avg. Duration','2023-10-22 21:45:00','2023-10-22 21:45:00'),(1319,1,'en','plugins/analytics/analytics','percent_new_session','Percent new session','2023-10-22 21:45:00','2023-10-22 21:45:00'),(1320,1,'en','plugins/analytics/analytics','new_users','New visitors','2023-10-22 21:45:00','2023-10-22 21:45:00'),(1321,1,'en','plugins/analytics/analytics','visits','visits','2023-10-22 21:45:00','2023-10-22 21:45:00'),(1322,1,'en','plugins/analytics/analytics','views','views','2023-10-22 21:45:00','2023-10-22 21:45:00'),(1323,1,'en','plugins/analytics/analytics','property_id_not_specified','You must provide a valid view id. The document here: <a href=\"https://docs.botble.com/cms/master/plugin-analytics\" target=\"_blank\">https://docs.botble.com/cms/master/plugin-analytics</a>','2023-10-22 21:45:00','2023-10-22 21:45:00'),(1324,1,'en','plugins/analytics/analytics','credential_is_not_valid','Analytics credentials is not valid. The document here: <a href=\"https://docs.botble.com/cms/master/plugin-analytics\" target=\"_blank\">https://docs.botble.com/cms/master/plugin-analytics</a>','2023-10-22 21:45:00','2023-10-22 21:45:00'),(1325,1,'en','plugins/analytics/analytics','start_date_can_not_before_end_date','Start date :start_date cannot be after end date :end_date','2023-10-22 21:45:00','2023-10-22 21:45:00'),(1326,1,'en','plugins/analytics/analytics','wrong_configuration','To view analytics you\'ll need to get a Google Analytics client id and add it to your settings. <br /> You also need JSON credential data. <br /> The document here: <a href=\"https://docs.botble.com/cms/master/plugin-analytics\" target=\"_blank\">https://docs.botble.com/cms/master/plugin-analytics</a>','2023-10-22 21:45:00','2023-10-22 21:45:00'),(1327,1,'en','plugins/analytics/analytics','property_id_is_invalid','Property ID is invalid. Check this: https://developers.google.com/analytics/devguides/reporting/data/v1/property-id','2023-10-22 21:45:00','2023-10-22 21:45:00'),(1328,1,'en','plugins/analytics/analytics','settings.title','Google Analytics','2023-10-22 21:45:00','2023-10-22 21:45:00'),(1329,1,'en','plugins/analytics/analytics','settings.description','Config Credentials for Google Analytics','2023-10-22 21:45:00','2023-10-22 21:45:00'),(1330,1,'en','plugins/analytics/analytics','settings.google_tag_id','Google tag ID','2023-10-22 21:45:00','2023-10-22 21:45:00'),(1331,1,'en','plugins/analytics/analytics','settings.google_tag_id_placeholder','Example: G-76NX8HY29D','2023-10-22 21:45:00','2023-10-22 21:45:00'),(1332,1,'en','plugins/analytics/analytics','settings.analytics_property_id','Property ID for GA4','2023-10-22 21:45:00','2023-10-22 21:45:00'),(1333,1,'en','plugins/analytics/analytics','settings.analytics_property_id_description','Google Analytics Property ID (GA4)','2023-10-22 21:45:00','2023-10-22 21:45:00'),(1334,1,'en','plugins/analytics/analytics','settings.json_credential','Service Account Credentials','2023-10-22 21:45:00','2023-10-22 21:45:00'),(1335,1,'en','plugins/analytics/analytics','settings.json_credential_description','Service Account Credentials','2023-10-22 21:45:00','2023-10-22 21:45:00'),(1336,1,'en','plugins/analytics/analytics','widget_analytics_page','Top Most Visit Pages','2023-10-22 21:45:00','2023-10-22 21:45:00'),(1337,1,'en','plugins/analytics/analytics','widget_analytics_browser','Top Browsers','2023-10-22 21:45:01','2023-10-22 21:45:01'),(1338,1,'en','plugins/analytics/analytics','widget_analytics_referrer','Top Referrers','2023-10-22 21:45:01','2023-10-22 21:45:01'),(1339,1,'en','plugins/analytics/analytics','widget_analytics_general','Site Analytics','2023-10-22 21:45:01','2023-10-22 21:45:01'),(1340,1,'en','plugins/analytics/analytics','missing_library_warning','Analytics plugin error: Missing third-party libraries, please run \"composer update\" to install them.','2023-10-22 21:45:01','2023-10-22 21:45:01'),(1341,1,'en','plugins/audit-log/history','name','Activities Logs','2023-10-22 21:45:01','2023-10-22 21:45:01'),(1342,1,'en','plugins/audit-log/history','created','created','2023-10-22 21:45:01','2023-10-22 21:45:01'),(1343,1,'en','plugins/audit-log/history','updated','updated','2023-10-22 21:45:01','2023-10-22 21:45:01'),(1344,1,'en','plugins/audit-log/history','deleted','deleted','2023-10-22 21:45:01','2023-10-22 21:45:01'),(1345,1,'en','plugins/audit-log/history','logged in','logged in','2023-10-22 21:45:01','2023-10-22 21:45:01'),(1346,1,'en','plugins/audit-log/history','logged out','logged out','2023-10-22 21:45:01','2023-10-22 21:45:01'),(1347,1,'en','plugins/audit-log/history','changed password','changed password','2023-10-22 21:45:01','2023-10-22 21:45:01'),(1348,1,'en','plugins/audit-log/history','updated profile','updated profile','2023-10-22 21:45:01','2023-10-22 21:45:01'),(1349,1,'en','plugins/audit-log/history','attached','attached','2023-10-22 21:45:01','2023-10-22 21:45:01'),(1350,1,'en','plugins/audit-log/history','shared','shared','2023-10-22 21:45:01','2023-10-22 21:45:01'),(1351,1,'en','plugins/audit-log/history','to the system','to the system','2023-10-22 21:45:01','2023-10-22 21:45:01'),(1352,1,'en','plugins/audit-log/history','of the system','of the system','2023-10-22 21:45:01','2023-10-22 21:45:01'),(1353,1,'en','plugins/audit-log/history','menu','menu','2023-10-22 21:45:01','2023-10-22 21:45:01'),(1354,1,'en','plugins/audit-log/history','post','post','2023-10-22 21:45:01','2023-10-22 21:45:01'),(1355,1,'en','plugins/audit-log/history','page','page','2023-10-22 21:45:01','2023-10-22 21:45:01'),(1356,1,'en','plugins/audit-log/history','category','category','2023-10-22 21:45:01','2023-10-22 21:45:01'),(1357,1,'en','plugins/audit-log/history','tag','tag','2023-10-22 21:45:01','2023-10-22 21:45:01'),(1358,1,'en','plugins/audit-log/history','user','user','2023-10-22 21:45:01','2023-10-22 21:45:01'),(1359,1,'en','plugins/audit-log/history','contact','contact','2023-10-22 21:45:01','2023-10-22 21:45:01'),(1360,1,'en','plugins/audit-log/history','backup','backup','2023-10-22 21:45:01','2023-10-22 21:45:01'),(1361,1,'en','plugins/audit-log/history','custom-field','custom field','2023-10-22 21:45:01','2023-10-22 21:45:01'),(1362,1,'en','plugins/audit-log/history','widget_audit_logs','Activities Logs','2023-10-22 21:45:01','2023-10-22 21:45:01'),(1363,1,'en','plugins/audit-log/history','action','Action','2023-10-22 21:45:01','2023-10-22 21:45:01'),(1364,1,'en','plugins/audit-log/history','user_agent','User Agent','2023-10-22 21:45:01','2023-10-22 21:45:01'),(1365,1,'en','plugins/audit-log/history','system','System','2023-10-22 21:45:01','2023-10-22 21:45:01'),(1366,1,'en','plugins/audit-log/history','delete_all','Delete all records','2023-10-22 21:45:01','2023-10-22 21:45:01'),(1367,1,'en','plugins/backup/backup','name','Backup','2023-10-22 21:45:01','2023-10-22 21:45:01'),(1368,1,'en','plugins/backup/backup','backup_description','Backup database and uploads folder.','2023-10-22 21:45:01','2023-10-22 21:45:01'),(1369,1,'en','plugins/backup/backup','create_backup_success','Created backup successfully!','2023-10-22 21:45:01','2023-10-22 21:45:01'),(1370,1,'en','plugins/backup/backup','delete_backup_success','Delete backup successfully!','2023-10-22 21:45:01','2023-10-22 21:45:01'),(1371,1,'en','plugins/backup/backup','restore_backup_success','Restore backup successfully!','2023-10-22 21:45:01','2023-10-22 21:45:01'),(1372,1,'en','plugins/backup/backup','generate_btn','Generate backup','2023-10-22 21:45:01','2023-10-22 21:45:01'),(1373,1,'en','plugins/backup/backup','create','Create a backup','2023-10-22 21:45:01','2023-10-22 21:45:01'),(1374,1,'en','plugins/backup/backup','restore','Restore a backup','2023-10-22 21:45:01','2023-10-22 21:45:01'),(1375,1,'en','plugins/backup/backup','create_btn','Create','2023-10-22 21:45:01','2023-10-22 21:45:01'),(1376,1,'en','plugins/backup/backup','restore_btn','Restore','2023-10-22 21:45:01','2023-10-22 21:45:01'),(1377,1,'en','plugins/backup/backup','restore_confirm_msg','Do you really want to restore this revision?','2023-10-22 21:45:01','2023-10-22 21:45:01'),(1378,1,'en','plugins/backup/backup','download_uploads_folder','Download backup of uploads folder','2023-10-22 21:45:01','2023-10-22 21:45:01'),(1379,1,'en','plugins/backup/backup','download_database','Download backup of database','2023-10-22 21:45:01','2023-10-22 21:45:01'),(1380,1,'en','plugins/backup/backup','restore_tooltip','Restore this backup','2023-10-22 21:45:01','2023-10-22 21:45:01'),(1381,1,'en','plugins/backup/backup','demo_alert','Hi guest, if you see demo site is destroyed, please help me <a href=\":link\">go here</a> and restore demo site to the latest revision! Thank you so much!','2023-10-22 21:45:01','2023-10-22 21:45:01'),(1382,1,'en','plugins/backup/backup','menu_name','Backups','2023-10-22 21:45:01','2023-10-22 21:45:01'),(1383,1,'en','plugins/backup/backup','size','Size','2023-10-22 21:45:01','2023-10-22 21:45:01'),(1384,1,'en','plugins/backup/backup','no_backups','There is no backup now!','2023-10-22 21:45:01','2023-10-22 21:45:01'),(1385,1,'en','plugins/backup/backup','proc_open_disabled_error','Function <strong>proc_open()</strong> has been disabled so the system cannot backup the database. Please contact your hosting provider to enable it.','2023-10-22 21:45:01','2023-10-22 21:45:01'),(1386,1,'en','plugins/backup/backup','database_backup_not_existed','Backup database is not existed!','2023-10-22 21:45:01','2023-10-22 21:45:01'),(1387,1,'en','plugins/backup/backup','uploads_folder_backup_not_existed','Backup uploads folder is not existed!','2023-10-22 21:45:01','2023-10-22 21:45:01'),(1388,1,'en','plugins/backup/backup','important_message1','This is a simple backup feature, it is a solution for you if your site has < 1GB data and can be used for quickly backup your site.','2023-10-22 21:45:01','2023-10-22 21:45:01'),(1389,1,'en','plugins/backup/backup','important_message2','If you have more than 1GB images/files in local storage, you should use backup feature of your hosting or VPS.','2023-10-22 21:45:01','2023-10-22 21:45:01'),(1390,1,'en','plugins/backup/backup','important_message3','To backup your database, function <strong>proc_open()</strong> or <strong>system()</strong> must be enabled. Contact your hosting provider to enable it if it is disabled.','2023-10-22 21:45:01','2023-10-22 21:45:01'),(1391,1,'en','plugins/backup/backup','important_message4','It is not a full backup, it is just back up uploaded files and your database.','2023-10-22 21:45:01','2023-10-22 21:45:01'),(1392,1,'en','plugins/backup/backup','important_message_pgsql1','Currently, we cannot backup <strong>PostgreSQL</strong> database on the web due to PostgreSQL doesnt have option to enter database password directly when exporting database.','2023-10-22 21:45:01','2023-10-22 21:45:01'),(1393,1,'en','plugins/backup/backup','important_message_pgsql2','You can run a command <strong>php artisan cms:backup:create {name}</strong> to generate the backup or <strong>php artisan cms:backup:restore</strong> to restore the latest backup.','2023-10-22 21:45:01','2023-10-22 21:45:01'),(1394,1,'en','plugins/backup/backup','cannot_restore_database','Cannot restore database. The database backup is missing!','2023-10-22 21:45:01','2023-10-22 21:45:01'),(1395,1,'en','plugins/backup/backup','database_driver_not_supported','Database driver is not supported.','2023-10-22 21:45:01','2023-10-22 21:45:01'),(1396,1,'en','plugins/blog/base','menu_name','Blog','2023-10-22 21:45:01','2023-10-22 21:45:01'),(1397,1,'en','plugins/blog/base','blog_page','Blog Page','2023-10-22 21:45:01','2023-10-22 21:45:01'),(1398,1,'en','plugins/blog/base','select','-- Select --','2023-10-22 21:45:01','2023-10-22 21:45:01'),(1399,1,'en','plugins/blog/base','blog_page_id','Blog page','2023-10-22 21:45:01','2023-10-22 21:45:01'),(1400,1,'en','plugins/blog/base','number_posts_per_page','Number posts per page','2023-10-22 21:45:01','2023-10-22 21:45:01'),(1401,1,'en','plugins/blog/base','write_some_tags','Write some tags','2023-10-22 21:45:01','2023-10-22 21:45:01'),(1402,1,'en','plugins/blog/base','short_code_name','Blog posts','2023-10-22 21:45:01','2023-10-22 21:45:01'),(1403,1,'en','plugins/blog/base','short_code_description','Add blog posts','2023-10-22 21:45:01','2023-10-22 21:45:01'),(1404,1,'en','plugins/blog/base','number_posts_per_page_in_category','Number of posts per page in a category','2023-10-22 21:45:01','2023-10-22 21:45:01'),(1405,1,'en','plugins/blog/base','number_posts_per_page_in_tag','Number of posts per page in a tag','2023-10-22 21:45:01','2023-10-22 21:45:01'),(1406,1,'en','plugins/blog/base','settings.title','Blog','2023-10-22 21:45:01','2023-10-22 21:45:01'),(1407,1,'en','plugins/blog/base','settings.description','Settings for Blog','2023-10-22 21:45:01','2023-10-22 21:45:01'),(1408,1,'en','plugins/blog/base','settings.enable_blog_post_schema','Enable Blog Post Schema?','2023-10-22 21:45:01','2023-10-22 21:45:01'),(1409,1,'en','plugins/blog/base','settings.enable_blog_post_schema_description','Learn more: https://schema.org/Article','2023-10-22 21:45:01','2023-10-22 21:45:01'),(1410,1,'en','plugins/blog/base','settings.schema_type','Schema type','2023-10-22 21:45:01','2023-10-22 21:45:01'),(1411,1,'en','plugins/blog/categories','create','Create new category','2023-10-22 21:45:01','2023-10-22 21:45:01'),(1412,1,'en','plugins/blog/categories','menu','Categories','2023-10-22 21:45:01','2023-10-22 21:45:01'),(1413,1,'en','plugins/blog/categories','edit_this_category','Edit this category','2023-10-22 21:45:01','2023-10-22 21:45:01'),(1414,1,'en','plugins/blog/categories','menu_name','Categories','2023-10-22 21:45:01','2023-10-22 21:45:01'),(1415,1,'en','plugins/blog/categories','none','None','2023-10-22 21:45:01','2023-10-22 21:45:01'),(1416,1,'en','plugins/blog/categories','total_posts','Total posts: :total','2023-10-22 21:45:01','2023-10-22 21:45:01'),(1417,1,'en','plugins/blog/member','dob','Born :date','2023-10-22 21:45:01','2023-10-22 21:45:01'),(1418,1,'en','plugins/blog/member','draft_posts','Draft Posts','2023-10-22 21:45:01','2023-10-22 21:45:01'),(1419,1,'en','plugins/blog/member','pending_posts','Pending Posts','2023-10-22 21:45:01','2023-10-22 21:45:01'),(1420,1,'en','plugins/blog/member','published_posts','Published Posts','2023-10-22 21:45:01','2023-10-22 21:45:01'),(1421,1,'en','plugins/blog/member','posts','Posts','2023-10-22 21:45:01','2023-10-22 21:45:01'),(1422,1,'en','plugins/blog/member','write_post','Write a post','2023-10-22 21:45:01','2023-10-22 21:45:01'),(1423,1,'en','plugins/blog/posts','create','Create new post','2023-10-22 21:45:01','2023-10-22 21:45:01'),(1424,1,'en','plugins/blog/posts','form.name','Name','2023-10-22 21:45:01','2023-10-22 21:45:01'),(1425,1,'en','plugins/blog/posts','form.name_placeholder','Post\'s name (Maximum :c characters)','2023-10-22 21:45:01','2023-10-22 21:45:01'),(1426,1,'en','plugins/blog/posts','form.description','Description','2023-10-22 21:45:01','2023-10-22 21:45:01'),(1427,1,'en','plugins/blog/posts','form.description_placeholder','Short description for post (Maximum :c characters)','2023-10-22 21:45:01','2023-10-22 21:45:01'),(1428,1,'en','plugins/blog/posts','form.categories','Categories','2023-10-22 21:45:01','2023-10-22 21:45:01'),(1429,1,'en','plugins/blog/posts','form.tags','Tags','2023-10-22 21:45:01','2023-10-22 21:45:01'),(1430,1,'en','plugins/blog/posts','form.tags_placeholder','Tags','2023-10-22 21:45:01','2023-10-22 21:45:01'),(1431,1,'en','plugins/blog/posts','form.content','Content','2023-10-22 21:45:01','2023-10-22 21:45:01'),(1432,1,'en','plugins/blog/posts','form.is_featured','Is featured?','2023-10-22 21:45:01','2023-10-22 21:45:01'),(1433,1,'en','plugins/blog/posts','form.note','Note content','2023-10-22 21:45:01','2023-10-22 21:45:01'),(1434,1,'en','plugins/blog/posts','form.format_type','Format','2023-10-22 21:45:01','2023-10-22 21:45:01'),(1435,1,'en','plugins/blog/posts','cannot_delete','Post could not be deleted','2023-10-22 21:45:01','2023-10-22 21:45:01'),(1436,1,'en','plugins/blog/posts','post_deleted','Post deleted','2023-10-22 21:45:01','2023-10-22 21:45:01'),(1437,1,'en','plugins/blog/posts','posts','Posts','2023-10-22 21:45:01','2023-10-22 21:45:01'),(1438,1,'en','plugins/blog/posts','post','Post','2023-10-22 21:45:01','2023-10-22 21:45:01'),(1439,1,'en','plugins/blog/posts','edit_this_post','Edit this post','2023-10-22 21:45:01','2023-10-22 21:45:01'),(1440,1,'en','plugins/blog/posts','no_new_post_now','There is no new post now!','2023-10-22 21:45:01','2023-10-22 21:45:01'),(1441,1,'en','plugins/blog/posts','menu_name','Posts','2023-10-22 21:45:01','2023-10-22 21:45:01'),(1442,1,'en','plugins/blog/posts','widget_posts_recent','Recent Posts','2023-10-22 21:45:01','2023-10-22 21:45:01'),(1443,1,'en','plugins/blog/posts','categories','Categories','2023-10-22 21:45:01','2023-10-22 21:45:01'),(1444,1,'en','plugins/blog/posts','category','Category','2023-10-22 21:45:01','2023-10-22 21:45:01'),(1445,1,'en','plugins/blog/posts','author','Author','2023-10-22 21:45:01','2023-10-22 21:45:01'),(1446,1,'en','plugins/blog/tags','form.name','Name','2023-10-22 21:45:01','2023-10-22 21:45:01'),(1447,1,'en','plugins/blog/tags','form.name_placeholder','Tag\'s name (Maximum 120 characters)','2023-10-22 21:45:01','2023-10-22 21:45:01'),(1448,1,'en','plugins/blog/tags','form.description','Description','2023-10-22 21:45:01','2023-10-22 21:45:01'),(1449,1,'en','plugins/blog/tags','form.description_placeholder','Short description for tag (Maximum 400 characters)','2023-10-22 21:45:01','2023-10-22 21:45:01'),(1450,1,'en','plugins/blog/tags','form.categories','Categories','2023-10-22 21:45:01','2023-10-22 21:45:01'),(1451,1,'en','plugins/blog/tags','notices.no_select','Please select at least one tag to take this action!','2023-10-22 21:45:01','2023-10-22 21:45:01'),(1452,1,'en','plugins/blog/tags','create','Create new tag','2023-10-22 21:45:01','2023-10-22 21:45:01'),(1453,1,'en','plugins/blog/tags','cannot_delete','Tag could not be deleted','2023-10-22 21:45:01','2023-10-22 21:45:01'),(1454,1,'en','plugins/blog/tags','deleted','Tag deleted','2023-10-22 21:45:01','2023-10-22 21:45:01'),(1455,1,'en','plugins/blog/tags','menu','Tags','2023-10-22 21:45:02','2023-10-22 21:45:02'),(1456,1,'en','plugins/blog/tags','edit_this_tag','Edit this tag','2023-10-22 21:45:02','2023-10-22 21:45:02'),(1457,1,'en','plugins/blog/tags','menu_name','Tags','2023-10-22 21:45:02','2023-10-22 21:45:02'),(1458,1,'en','plugins/captcha/captcha','settings.title','Captcha','2023-10-22 21:45:02','2023-10-22 21:45:02'),(1459,1,'en','plugins/captcha/captcha','settings.description','Settings for Google Captcha','2023-10-22 21:45:02','2023-10-22 21:45:02'),(1460,1,'en','plugins/captcha/captcha','settings.captcha_site_key','Captcha Site Key','2023-10-22 21:45:02','2023-10-22 21:45:02'),(1461,1,'en','plugins/captcha/captcha','settings.captcha_secret','Captcha Secret','2023-10-22 21:45:02','2023-10-22 21:45:02'),(1462,1,'en','plugins/captcha/captcha','settings.enable_captcha','Enable Captcha?','2023-10-22 21:45:02','2023-10-22 21:45:02'),(1463,1,'en','plugins/captcha/captcha','settings.helper','Go here to get credentials https://www.google.com/recaptcha/admin#list.','2023-10-22 21:45:02','2023-10-22 21:45:02'),(1464,1,'en','plugins/captcha/captcha','settings.hide_badge','Hide recaptcha badge (for v3)','2023-10-22 21:45:02','2023-10-22 21:45:02'),(1465,1,'en','plugins/captcha/captcha','settings.type','Type','2023-10-22 21:45:02','2023-10-22 21:45:02'),(1466,1,'en','plugins/captcha/captcha','settings.v2_description','V2 (Verify requests with a challenge)','2023-10-22 21:45:02','2023-10-22 21:45:02'),(1467,1,'en','plugins/captcha/captcha','settings.v3_description','V3 (Verify requests with a score)','2023-10-22 21:45:02','2023-10-22 21:45:02'),(1468,1,'en','plugins/captcha/captcha','numbers.0','Zero','2023-10-22 21:45:02','2023-10-22 21:45:02'),(1469,1,'en','plugins/captcha/captcha','numbers.1','One','2023-10-22 21:45:02','2023-10-22 21:45:02'),(1470,1,'en','plugins/captcha/captcha','numbers.2','Two','2023-10-22 21:45:02','2023-10-22 21:45:02'),(1471,1,'en','plugins/captcha/captcha','numbers.3','Three','2023-10-22 21:45:02','2023-10-22 21:45:02'),(1472,1,'en','plugins/captcha/captcha','numbers.4','Four','2023-10-22 21:45:02','2023-10-22 21:45:02'),(1473,1,'en','plugins/captcha/captcha','numbers.5','Five','2023-10-22 21:45:02','2023-10-22 21:45:02'),(1474,1,'en','plugins/captcha/captcha','numbers.6','Six','2023-10-22 21:45:02','2023-10-22 21:45:02'),(1475,1,'en','plugins/captcha/captcha','numbers.7','Seven','2023-10-22 21:45:02','2023-10-22 21:45:02'),(1476,1,'en','plugins/captcha/captcha','numbers.8','Eight','2023-10-22 21:45:02','2023-10-22 21:45:02'),(1477,1,'en','plugins/captcha/captcha','numbers.9','Nine','2023-10-22 21:45:02','2023-10-22 21:45:02'),(1478,1,'en','plugins/captcha/captcha','numbers.10','Ten','2023-10-22 21:45:02','2023-10-22 21:45:02'),(1479,1,'en','plugins/captcha/captcha','numbers.11','Eleven','2023-10-22 21:45:02','2023-10-22 21:45:02'),(1480,1,'en','plugins/captcha/captcha','numbers.12','Twelve','2023-10-22 21:45:02','2023-10-22 21:45:02'),(1481,1,'en','plugins/captcha/captcha','operands.+','plus','2023-10-22 21:45:02','2023-10-22 21:45:02'),(1482,1,'en','plugins/captcha/captcha','operands.-','minus','2023-10-22 21:45:02','2023-10-22 21:45:02'),(1483,1,'en','plugins/captcha/captcha','operands.*','times','2023-10-22 21:45:02','2023-10-22 21:45:02'),(1484,1,'en','plugins/captcha/captcha','operands./','divided by','2023-10-22 21:45:02','2023-10-22 21:45:02'),(1485,1,'en','plugins/contact/contact','menu','Contact','2023-10-22 21:45:02','2023-10-22 21:45:02'),(1486,1,'en','plugins/contact/contact','edit','View contact','2023-10-22 21:45:02','2023-10-22 21:45:02'),(1487,1,'en','plugins/contact/contact','tables.phone','Phone','2023-10-22 21:45:02','2023-10-22 21:45:02'),(1488,1,'en','plugins/contact/contact','tables.email','Email','2023-10-22 21:45:02','2023-10-22 21:45:02'),(1489,1,'en','plugins/contact/contact','tables.full_name','Full Name','2023-10-22 21:45:02','2023-10-22 21:45:02'),(1490,1,'en','plugins/contact/contact','tables.time','Time','2023-10-22 21:45:02','2023-10-22 21:45:02'),(1491,1,'en','plugins/contact/contact','tables.address','Address','2023-10-22 21:45:02','2023-10-22 21:45:02'),(1492,1,'en','plugins/contact/contact','tables.subject','Subject','2023-10-22 21:45:02','2023-10-22 21:45:02'),(1493,1,'en','plugins/contact/contact','tables.content','Content','2023-10-22 21:45:02','2023-10-22 21:45:02'),(1494,1,'en','plugins/contact/contact','contact_information','Contact information','2023-10-22 21:45:02','2023-10-22 21:45:02'),(1495,1,'en','plugins/contact/contact','replies','Replies','2023-10-22 21:45:02','2023-10-22 21:45:02'),(1496,1,'en','plugins/contact/contact','email.header','Email','2023-10-22 21:45:02','2023-10-22 21:45:02'),(1497,1,'en','plugins/contact/contact','email.title','New contact from your site','2023-10-22 21:45:02','2023-10-22 21:45:02'),(1498,1,'en','plugins/contact/contact','form.name.required','Name is required','2023-10-22 21:45:02','2023-10-22 21:45:02'),(1499,1,'en','plugins/contact/contact','form.email.required','Email is required','2023-10-22 21:45:02','2023-10-22 21:45:02'),(1500,1,'en','plugins/contact/contact','form.email.email','The email address is not valid','2023-10-22 21:45:02','2023-10-22 21:45:02'),(1501,1,'en','plugins/contact/contact','form.content.required','Content is required','2023-10-22 21:45:02','2023-10-22 21:45:02'),(1502,1,'en','plugins/contact/contact','contact_sent_from','This contact information sent from','2023-10-22 21:45:02','2023-10-22 21:45:02'),(1503,1,'en','plugins/contact/contact','sender','Sender','2023-10-22 21:45:02','2023-10-22 21:45:02'),(1504,1,'en','plugins/contact/contact','sender_email','Email','2023-10-22 21:45:02','2023-10-22 21:45:02'),(1505,1,'en','plugins/contact/contact','sender_address','Address','2023-10-22 21:45:02','2023-10-22 21:45:02'),(1506,1,'en','plugins/contact/contact','sender_phone','Phone','2023-10-22 21:45:02','2023-10-22 21:45:02'),(1507,1,'en','plugins/contact/contact','message_content','Message content','2023-10-22 21:45:02','2023-10-22 21:45:02'),(1508,1,'en','plugins/contact/contact','sent_from','Email sent from','2023-10-22 21:45:02','2023-10-22 21:45:02'),(1509,1,'en','plugins/contact/contact','form_name','Name','2023-10-22 21:45:02','2023-10-22 21:45:02'),(1510,1,'en','plugins/contact/contact','form_email','Email','2023-10-22 21:45:02','2023-10-22 21:45:02'),(1511,1,'en','plugins/contact/contact','form_address','Address','2023-10-22 21:45:02','2023-10-22 21:45:02'),(1512,1,'en','plugins/contact/contact','form_subject','Subject','2023-10-22 21:45:02','2023-10-22 21:45:02'),(1513,1,'en','plugins/contact/contact','form_phone','Phone','2023-10-22 21:45:02','2023-10-22 21:45:02'),(1514,1,'en','plugins/contact/contact','form_message','Message','2023-10-22 21:45:02','2023-10-22 21:45:02'),(1515,1,'en','plugins/contact/contact','required_field','The field with (<span style=\"color: red\">*</span>) is required.','2023-10-22 21:45:02','2023-10-22 21:45:02'),(1516,1,'en','plugins/contact/contact','send_btn','Send message','2023-10-22 21:45:02','2023-10-22 21:45:02'),(1517,1,'en','plugins/contact/contact','new_msg_notice','You have <span class=\"bold\">:count</span> New Messages','2023-10-22 21:45:02','2023-10-22 21:45:02'),(1518,1,'en','plugins/contact/contact','view_all','View all','2023-10-22 21:45:02','2023-10-22 21:45:02'),(1519,1,'en','plugins/contact/contact','statuses.read','Read','2023-10-22 21:45:02','2023-10-22 21:45:02'),(1520,1,'en','plugins/contact/contact','statuses.unread','Unread','2023-10-22 21:45:02','2023-10-22 21:45:02'),(1521,1,'en','plugins/contact/contact','phone','Phone','2023-10-22 21:45:02','2023-10-22 21:45:02'),(1522,1,'en','plugins/contact/contact','address','Address','2023-10-22 21:45:02','2023-10-22 21:45:02'),(1523,1,'en','plugins/contact/contact','message','Message','2023-10-22 21:45:02','2023-10-22 21:45:02'),(1524,1,'en','plugins/contact/contact','settings.email.title','Contact','2023-10-22 21:45:02','2023-10-22 21:45:02'),(1525,1,'en','plugins/contact/contact','settings.email.description','Contact email configuration','2023-10-22 21:45:02','2023-10-22 21:45:02'),(1526,1,'en','plugins/contact/contact','settings.email.templates.notice_title','Send notice to administrator','2023-10-22 21:45:02','2023-10-22 21:45:02'),(1527,1,'en','plugins/contact/contact','settings.email.templates.notice_description','Email template to send notice to administrator when system get new contact','2023-10-22 21:45:02','2023-10-22 21:45:02'),(1528,1,'en','plugins/contact/contact','settings.title','Contact','2023-10-22 21:45:02','2023-10-22 21:45:02'),(1529,1,'en','plugins/contact/contact','settings.description','Settings for contact plugin','2023-10-22 21:45:02','2023-10-22 21:45:02'),(1530,1,'en','plugins/contact/contact','settings.blacklist_keywords','Blacklist keywords','2023-10-22 21:45:02','2023-10-22 21:45:02'),(1531,1,'en','plugins/contact/contact','settings.blacklist_keywords_placeholder','keywords...','2023-10-22 21:45:02','2023-10-22 21:45:02'),(1532,1,'en','plugins/contact/contact','settings.blacklist_keywords_helper','Blacklist contact requests if it includes those keywords in the content field (separate by comma).','2023-10-22 21:45:02','2023-10-22 21:45:02'),(1533,1,'en','plugins/contact/contact','settings.blacklist_email_domains','Blacklist email domains','2023-10-22 21:45:02','2023-10-22 21:45:02'),(1534,1,'en','plugins/contact/contact','settings.blacklist_email_domains_placeholder','domain...','2023-10-22 21:45:02','2023-10-22 21:45:02'),(1535,1,'en','plugins/contact/contact','settings.blacklist_email_domains_helper','Blacklist contact requests if the email domain is in blacklist domains (separate by comma).','2023-10-22 21:45:02','2023-10-22 21:45:02'),(1536,1,'en','plugins/contact/contact','settings.enable_math_captcha','Enable math captcha?','2023-10-22 21:45:02','2023-10-22 21:45:02'),(1537,1,'en','plugins/contact/contact','no_reply','No reply yet!','2023-10-22 21:45:02','2023-10-22 21:45:02'),(1538,1,'en','plugins/contact/contact','reply','Reply','2023-10-22 21:45:02','2023-10-22 21:45:02'),(1539,1,'en','plugins/contact/contact','send','Send','2023-10-22 21:45:02','2023-10-22 21:45:02'),(1540,1,'en','plugins/contact/contact','shortcode_name','Contact form','2023-10-22 21:45:02','2023-10-22 21:45:02'),(1541,1,'en','plugins/contact/contact','shortcode_description','Add a contact form','2023-10-22 21:45:02','2023-10-22 21:45:02'),(1542,1,'en','plugins/contact/contact','shortcode_content_description','Add shortcode [contact-form][/contact-form] to editor?','2023-10-22 21:45:02','2023-10-22 21:45:02'),(1543,1,'en','plugins/contact/contact','message_sent_success','Message sent successfully!','2023-10-22 21:45:02','2023-10-22 21:45:02'),(1544,1,'en','plugins/cookie-consent/cookie-consent','theme_options.name','Cookie Consent','2023-10-22 21:45:02','2023-10-22 21:45:02'),(1545,1,'en','plugins/cookie-consent/cookie-consent','theme_options.description','Cookie consent settings','2023-10-22 21:45:02','2023-10-22 21:45:02'),(1546,1,'en','plugins/cookie-consent/cookie-consent','theme_options.enable','Enable cookie consent?','2023-10-22 21:45:02','2023-10-22 21:45:02'),(1547,1,'en','plugins/cookie-consent/cookie-consent','theme_options.message','Message','2023-10-22 21:45:02','2023-10-22 21:45:02'),(1548,1,'en','plugins/cookie-consent/cookie-consent','theme_options.button_text','Button text','2023-10-22 21:45:02','2023-10-22 21:45:02'),(1549,1,'en','plugins/cookie-consent/cookie-consent','theme_options.max_width','Max width (px)','2023-10-22 21:45:02','2023-10-22 21:45:02'),(1550,1,'en','plugins/cookie-consent/cookie-consent','theme_options.background_color','Background color','2023-10-22 21:45:02','2023-10-22 21:45:02'),(1551,1,'en','plugins/cookie-consent/cookie-consent','theme_options.text_color','Text color','2023-10-22 21:45:02','2023-10-22 21:45:02'),(1552,1,'en','plugins/cookie-consent/cookie-consent','theme_options.learn_more_url','Learn more URL','2023-10-22 21:45:02','2023-10-22 21:45:02'),(1553,1,'en','plugins/cookie-consent/cookie-consent','theme_options.learn_more_text','Learn more text','2023-10-22 21:45:02','2023-10-22 21:45:02'),(1554,1,'en','plugins/cookie-consent/cookie-consent','theme_options.style','Style','2023-10-22 21:45:02','2023-10-22 21:45:02'),(1555,1,'en','plugins/cookie-consent/cookie-consent','theme_options.full_width','Full width','2023-10-22 21:45:02','2023-10-22 21:45:02'),(1556,1,'en','plugins/cookie-consent/cookie-consent','theme_options.minimal','Minimal','2023-10-22 21:45:02','2023-10-22 21:45:02'),(1557,1,'en','plugins/cookie-consent/cookie-consent','message','Your experience on this site will be improved by allowing cookies.','2023-10-22 21:45:02','2023-10-22 21:45:02'),(1558,1,'en','plugins/cookie-consent/cookie-consent','button_text','Allow cookies','2023-10-22 21:45:02','2023-10-22 21:45:02'),(1559,1,'en','plugins/faq/faq-category','name','Categories','2023-10-22 21:45:02','2023-10-22 21:45:02'),(1560,1,'en','plugins/faq/faq-category','create','New category','2023-10-22 21:45:02','2023-10-22 21:45:02'),(1561,1,'en','plugins/faq/faq','name','FAQ','2023-10-22 21:45:02','2023-10-22 21:45:02'),(1562,1,'en','plugins/faq/faq','create','New faq','2023-10-22 21:45:02','2023-10-22 21:45:02'),(1563,1,'en','plugins/faq/faq','question','Question','2023-10-22 21:45:02','2023-10-22 21:45:02'),(1564,1,'en','plugins/faq/faq','answer','Answer','2023-10-22 21:45:02','2023-10-22 21:45:02'),(1565,1,'en','plugins/faq/faq','category','Category','2023-10-22 21:45:02','2023-10-22 21:45:02'),(1566,1,'en','plugins/faq/faq','all','All','2023-10-22 21:45:02','2023-10-22 21:45:02'),(1567,1,'en','plugins/faq/faq','faq_schema_config','FAQ schema configuration (:link)','2023-10-22 21:45:02','2023-10-22 21:45:02'),(1568,1,'en','plugins/faq/faq','learn_more','Learn more','2023-10-22 21:45:02','2023-10-22 21:45:02'),(1569,1,'en','plugins/faq/faq','settings.title','FAQ','2023-10-22 21:45:02','2023-10-22 21:45:02'),(1570,1,'en','plugins/faq/faq','settings.description','Settings for FAQ','2023-10-22 21:45:02','2023-10-22 21:45:02'),(1571,1,'en','plugins/faq/faq','settings.enable_faq_schema','Enable FAQ Schema?','2023-10-22 21:45:02','2023-10-22 21:45:02'),(1572,1,'en','plugins/faq/faq','settings.enable_faq_schema_description','Learn more: https://developers.google.com/search/docs/data-types/faqpage','2023-10-22 21:45:02','2023-10-22 21:45:02'),(1573,1,'en','plugins/faq/faq','select_category','Select a category','2023-10-22 21:45:02','2023-10-22 21:45:02'),(1574,1,'en','plugins/faq/faq','add_item','Add item','2023-10-22 21:45:02','2023-10-22 21:45:02'),(1575,1,'en','plugins/gallery/gallery','create','Create new gallery','2023-10-22 21:45:02','2023-10-22 21:45:02'),(1576,1,'en','plugins/gallery/gallery','galleries','Galleries','2023-10-22 21:45:02','2023-10-22 21:45:02'),(1577,1,'en','plugins/gallery/gallery','item','Gallery item','2023-10-22 21:45:02','2023-10-22 21:45:02'),(1578,1,'en','plugins/gallery/gallery','select_image','Select images','2023-10-22 21:45:02','2023-10-22 21:45:02'),(1579,1,'en','plugins/gallery/gallery','reset','Reset gallery','2023-10-22 21:45:02','2023-10-22 21:45:02'),(1580,1,'en','plugins/gallery/gallery','update_photo_description','Update photo\'s description','2023-10-22 21:45:02','2023-10-22 21:45:02'),(1581,1,'en','plugins/gallery/gallery','update_photo_description_placeholder','Photo\'s description...','2023-10-22 21:45:02','2023-10-22 21:45:02'),(1582,1,'en','plugins/gallery/gallery','delete_photo','Delete this photo','2023-10-22 21:45:02','2023-10-22 21:45:02'),(1583,1,'en','plugins/gallery/gallery','gallery_box','Gallery images','2023-10-22 21:45:02','2023-10-22 21:45:02'),(1584,1,'en','plugins/gallery/gallery','by','By','2023-10-22 21:45:02','2023-10-22 21:45:02'),(1585,1,'en','plugins/gallery/gallery','menu_name','Galleries','2023-10-22 21:45:02','2023-10-22 21:45:02'),(1586,1,'en','plugins/gallery/gallery','gallery_images','Gallery images','2023-10-22 21:45:02','2023-10-22 21:45:02'),(1587,1,'en','plugins/gallery/gallery','add_gallery_short_code','Add a gallery','2023-10-22 21:45:02','2023-10-22 21:45:02'),(1588,1,'en','plugins/gallery/gallery','shortcode_name','Gallery images','2023-10-22 21:45:02','2023-10-22 21:45:02'),(1589,1,'en','plugins/gallery/gallery','limit_display','Limit number display','2023-10-22 21:45:02','2023-10-22 21:45:02'),(1590,1,'en','plugins/gallery/gallery','edit_this_gallery','Edit this gallery','2023-10-22 21:45:02','2023-10-22 21:45:02'),(1591,1,'en','plugins/gallery/gallery','galleries_page','Galleries page','2023-10-22 21:45:02','2023-10-22 21:45:02'),(1592,1,'en','plugins/job-board/account','name','Accounts','2023-10-22 21:45:02','2023-10-22 21:45:02'),(1593,1,'en','plugins/job-board/account','create','New account','2023-10-22 21:45:02','2023-10-22 21:45:02'),(1594,1,'en','plugins/job-board/account','confirmation_subject','Email verification','2023-10-22 21:45:02','2023-10-22 21:45:02'),(1595,1,'en','plugins/job-board/account','confirmation_subject_title','Verify your email','2023-10-22 21:45:03','2023-10-22 21:45:03'),(1596,1,'en','plugins/job-board/account','not_confirmed','The given email address has not been confirmed. <a href=\":resend_link\">Resend confirmation link.</a>','2023-10-22 21:45:03','2023-10-22 21:45:03'),(1597,1,'en','plugins/job-board/account','confirmation_successful','You successfully confirmed your email address.','2023-10-22 21:45:03','2023-10-22 21:45:03'),(1598,1,'en','plugins/job-board/account','confirmation_info','We have sent you an email to verify your email. Please check and confirm your email address!','2023-10-22 21:45:03','2023-10-22 21:45:03'),(1599,1,'en','plugins/job-board/account','confirmation_resent','We sent you another confirmation email. You should receive it shortly.','2023-10-22 21:45:03','2023-10-22 21:45:03'),(1600,1,'en','plugins/job-board/account','form.email','Email','2023-10-22 21:45:03','2023-10-22 21:45:03'),(1601,1,'en','plugins/job-board/account','form.password','Password','2023-10-22 21:45:03','2023-10-22 21:45:03'),(1602,1,'en','plugins/job-board/account','form.password_confirmation','Password confirmation','2023-10-22 21:45:03','2023-10-22 21:45:03'),(1603,1,'en','plugins/job-board/account','form.change_password','Change password?','2023-10-22 21:45:03','2023-10-22 21:45:03'),(1604,1,'en','plugins/job-board/account','form.is_public_profile','Public your profile?','2023-10-22 21:45:03','2023-10-22 21:45:03'),(1605,1,'en','plugins/job-board/account','form.hide_cv','Hide your CV?','2023-10-22 21:45:03','2023-10-22 21:45:03'),(1606,1,'en','plugins/job-board/account','form.avatar_image','Avatar image','2023-10-22 21:45:03','2023-10-22 21:45:03'),(1607,1,'en','plugins/job-board/account','form.gender','Gender','2023-10-22 21:45:03','2023-10-22 21:45:03'),(1608,1,'en','plugins/job-board/account','form.resume','Resume','2023-10-22 21:45:03','2023-10-22 21:45:03'),(1609,1,'en','plugins/job-board/account','form.available_for_hiring','Available for hiring?','2023-10-22 21:45:03','2023-10-22 21:45:03'),(1610,1,'en','plugins/job-board/account','form.company','Company','2023-10-22 21:45:03','2023-10-22 21:45:03'),(1611,1,'en','plugins/job-board/account','form.position','Position','2023-10-22 21:45:03','2023-10-22 21:45:03'),(1612,1,'en','plugins/job-board/account','form.school','School','2023-10-22 21:45:03','2023-10-22 21:45:03'),(1613,1,'en','plugins/job-board/account','form.specialized','Specialized','2023-10-22 21:45:03','2023-10-22 21:45:03'),(1614,1,'en','plugins/job-board/account','form.started_at','Started At','2023-10-22 21:45:03','2023-10-22 21:45:03'),(1615,1,'en','plugins/job-board/account','form.ended_at','Ended At','2023-10-22 21:45:03','2023-10-22 21:45:03'),(1616,1,'en','plugins/job-board/account','form.description','Description','2023-10-22 21:45:03','2023-10-22 21:45:03'),(1617,1,'en','plugins/job-board/account','form.company_placeholder','Enter company','2023-10-22 21:45:03','2023-10-22 21:45:03'),(1618,1,'en','plugins/job-board/account','form.position_placeholder','Enter position','2023-10-22 21:45:03','2023-10-22 21:45:03'),(1619,1,'en','plugins/job-board/account','form.school_placeholder','Enter school','2023-10-22 21:45:03','2023-10-22 21:45:03'),(1620,1,'en','plugins/job-board/account','form.specialized_placeholder','Enter specialized','2023-10-22 21:45:03','2023-10-22 21:45:03'),(1621,1,'en','plugins/job-board/account','form.number_of_credits','Number of credits','2023-10-22 21:45:03','2023-10-22 21:45:03'),(1622,1,'en','plugins/job-board/account','confirm_delete','Are you sure you want to delete this item?','2023-10-22 21:45:03','2023-10-22 21:45:03'),(1623,1,'en','plugins/job-board/account','forgot_password','Forgot password','2023-10-22 21:45:03','2023-10-22 21:45:03'),(1624,1,'en','plugins/job-board/account','login','Login','2023-10-22 21:45:03','2023-10-22 21:45:03'),(1625,1,'en','plugins/job-board/account','type','Type','2023-10-22 21:45:03','2023-10-22 21:45:03'),(1626,1,'en','plugins/job-board/account','types.job-seeker','Job seeker','2023-10-22 21:45:03','2023-10-22 21:45:03'),(1627,1,'en','plugins/job-board/account','types.employer','Employer','2023-10-22 21:45:03','2023-10-22 21:45:03'),(1628,1,'en','plugins/job-board/account','buy_credits','Buy credits','2023-10-22 21:45:03','2023-10-22 21:45:03'),(1629,1,'en','plugins/job-board/account','credits','credits','2023-10-22 21:45:03','2023-10-22 21:45:03'),(1630,1,'en','plugins/job-board/account','emails.title','Account','2023-10-22 21:45:03','2023-10-22 21:45:03'),(1631,1,'en','plugins/job-board/account','emails.description','Account email configuration','2023-10-22 21:45:03','2023-10-22 21:45:03'),(1632,1,'en','plugins/job-board/account','enums.genders.male','Male','2023-10-22 21:45:03','2023-10-22 21:45:03'),(1633,1,'en','plugins/job-board/account','enums.genders.female','Female','2023-10-22 21:45:03','2023-10-22 21:45:03'),(1634,1,'en','plugins/job-board/account','enums.genders.other','Other','2023-10-22 21:45:03','2023-10-22 21:45:03'),(1635,1,'en','plugins/job-board/account','table.educations.school','School','2023-10-22 21:45:03','2023-10-22 21:45:03'),(1636,1,'en','plugins/job-board/account','table.educations.specialized','Specialized','2023-10-22 21:45:03','2023-10-22 21:45:03'),(1637,1,'en','plugins/job-board/account','table.experiences.company','Company','2023-10-22 21:45:03','2023-10-22 21:45:03'),(1638,1,'en','plugins/job-board/account','table.experiences.position','Position','2023-10-22 21:45:03','2023-10-22 21:45:03'),(1639,1,'en','plugins/job-board/account','table.started_at','Started At','2023-10-22 21:45:03','2023-10-22 21:45:03'),(1640,1,'en','plugins/job-board/account','table.ended_at','Ended At','2023-10-22 21:45:03','2023-10-22 21:45:03'),(1641,1,'en','plugins/job-board/account','table.action','Action','2023-10-22 21:45:03','2023-10-22 21:45:03'),(1642,1,'en','plugins/job-board/account','action_table.edit','Edit','2023-10-22 21:45:03','2023-10-22 21:45:03'),(1643,1,'en','plugins/job-board/account','action_table.delete','Delete','2023-10-22 21:45:03','2023-10-22 21:45:03'),(1644,1,'en','plugins/job-board/account','action_table.add','Add','2023-10-22 21:45:03','2023-10-22 21:45:03'),(1645,1,'en','plugins/job-board/account','edit_education','Edit education','2023-10-22 21:45:03','2023-10-22 21:45:03'),(1646,1,'en','plugins/job-board/account','add_education','Add education','2023-10-22 21:45:03','2023-10-22 21:45:03'),(1647,1,'en','plugins/job-board/account','edit_experience','Edit experience','2023-10-22 21:45:03','2023-10-22 21:45:03'),(1648,1,'en','plugins/job-board/account','add_experience','Add experience','2023-10-22 21:45:03','2023-10-22 21:45:03'),(1649,1,'en','plugins/job-board/account','no_education','No educations','2023-10-22 21:45:03','2023-10-22 21:45:03'),(1650,1,'en','plugins/job-board/account','no_experience','No experiences','2023-10-22 21:45:03','2023-10-22 21:45:03'),(1651,1,'en','plugins/job-board/account','now','Now','2023-10-22 21:45:03','2023-10-22 21:45:03'),(1652,1,'en','plugins/job-board/account','add_credit_to_account','Add credit to account','2023-10-22 21:45:03','2023-10-22 21:45:03'),(1653,1,'en','plugins/job-board/account','no_transactions','No transactions','2023-10-22 21:45:03','2023-10-22 21:45:03'),(1654,1,'en','plugins/job-board/account','transactions','Transactions','2023-10-22 21:45:03','2023-10-22 21:45:03'),(1655,1,'en','plugins/job-board/account','add_credit','Add credit','2023-10-22 21:45:03','2023-10-22 21:45:03'),(1656,1,'en','plugins/job-board/account','added','Added','2023-10-22 21:45:03','2023-10-22 21:45:03'),(1657,1,'en','plugins/job-board/account','educations.store','Created education successfully!','2023-10-22 21:45:03','2023-10-22 21:45:03'),(1658,1,'en','plugins/job-board/account','educations.update','Updated education successfully!','2023-10-22 21:45:03','2023-10-22 21:45:03'),(1659,1,'en','plugins/job-board/account','educations.delete','Deleted education successfully!','2023-10-22 21:45:03','2023-10-22 21:45:03'),(1660,1,'en','plugins/job-board/account','experiences.store','Created experience successfully!','2023-10-22 21:45:03','2023-10-22 21:45:03'),(1661,1,'en','plugins/job-board/account','experiences.update','Updated experience successfully!','2023-10-22 21:45:03','2023-10-22 21:45:03'),(1662,1,'en','plugins/job-board/account','experiences.delete','Deleted experience successfully!','2023-10-22 21:45:03','2023-10-22 21:45:03'),(1663,1,'en','plugins/job-board/account','import.name','Import Accounts','2023-10-22 21:45:03','2023-10-22 21:45:03'),(1664,1,'en','plugins/job-board/account','export.name','Export Accounts','2023-10-22 21:45:03','2023-10-22 21:45:03'),(1665,1,'en','plugins/job-board/account','export.total','Total Accounts','2023-10-22 21:45:03','2023-10-22 21:45:03'),(1666,1,'en','plugins/job-board/career-level','name','Career levels','2023-10-22 21:45:03','2023-10-22 21:45:03'),(1667,1,'en','plugins/job-board/career-level','create','New career level','2023-10-22 21:45:03','2023-10-22 21:45:03'),(1668,1,'en','plugins/job-board/company','name','Companies','2023-10-22 21:45:03','2023-10-22 21:45:03'),(1669,1,'en','plugins/job-board/company','create','New company','2023-10-22 21:45:03','2023-10-22 21:45:03'),(1670,1,'en','plugins/job-board/coupon','name','Coupons','2023-10-22 21:45:03','2023-10-22 21:45:03'),(1671,1,'en','plugins/job-board/coupon','intro.button_text','Create coupon','2023-10-22 21:45:03','2023-10-22 21:45:03'),(1672,1,'en','plugins/job-board/coupon','intro.title','Manage coupons code','2023-10-22 21:45:03','2023-10-22 21:45:03'),(1673,1,'en','plugins/job-board/coupon','intro.description','Create and manage coupons code for your customers.','2023-10-22 21:45:03','2023-10-22 21:45:03'),(1674,1,'en','plugins/job-board/coupon','types.percentage','Percentage','2023-10-22 21:45:03','2023-10-22 21:45:03'),(1675,1,'en','plugins/job-board/coupon','types.fixed','Fixed','2023-10-22 21:45:03','2023-10-22 21:45:03'),(1676,1,'en','plugins/job-board/coupon','type','Type','2023-10-22 21:45:03','2023-10-22 21:45:03'),(1677,1,'en','plugins/job-board/coupon','created_message','Coupon has been created successfully.','2023-10-22 21:45:03','2023-10-22 21:45:03'),(1678,1,'en','plugins/job-board/coupon','expires_date','Expires date','2023-10-22 21:45:03','2023-10-22 21:45:03'),(1679,1,'en','plugins/job-board/coupon','expires_time','Expires time','2023-10-22 21:45:03','2023-10-22 21:45:03'),(1680,1,'en','plugins/job-board/coupon','never_expired','Never expired','2023-10-22 21:45:03','2023-10-22 21:45:03'),(1681,1,'en','plugins/job-board/coupon','save_button','Save','2023-10-22 21:45:03','2023-10-22 21:45:03'),(1682,1,'en','plugins/job-board/coupon','coupon_code','Coupon code','2023-10-22 21:45:03','2023-10-22 21:45:03'),(1683,1,'en','plugins/job-board/coupon','coupon_code_placeholder','Enter coupon code','2023-10-22 21:45:03','2023-10-22 21:45:03'),(1684,1,'en','plugins/job-board/coupon','generate_code_button','Generate code','2023-10-22 21:45:03','2023-10-22 21:45:03'),(1685,1,'en','plugins/job-board/coupon','value','Value','2023-10-22 21:45:03','2023-10-22 21:45:03'),(1686,1,'en','plugins/job-board/coupon','value_placeholder','Enter coupon value','2023-10-22 21:45:03','2023-10-22 21:45:03'),(1687,1,'en','plugins/job-board/coupon','value_off',':value off','2023-10-22 21:45:03','2023-10-22 21:45:03'),(1688,1,'en','plugins/job-board/coupon','total_used','Used','2023-10-22 21:45:03','2023-10-22 21:45:03'),(1689,1,'en','plugins/job-board/coupon','expired','Expired','2023-10-22 21:45:03','2023-10-22 21:45:03'),(1690,1,'en','plugins/job-board/coupon','active','Active','2023-10-22 21:45:03','2023-10-22 21:45:03'),(1691,1,'en','plugins/job-board/coupon','unlimited','Unlimited coupon','2023-10-22 21:45:03','2023-10-22 21:45:03'),(1692,1,'en','plugins/job-board/coupon','quantity','Quantity','2023-10-22 21:45:03','2023-10-22 21:45:03'),(1693,1,'en','plugins/job-board/coupon','quantity_placeholder','Enter number of coupon','2023-10-22 21:45:03','2023-10-22 21:45:03'),(1694,1,'en','plugins/job-board/coupon','discount_amount','Discount amount','2023-10-22 21:45:03','2023-10-22 21:45:03'),(1695,1,'en','plugins/job-board/coupon','total','Total','2023-10-22 21:45:03','2023-10-22 21:45:03'),(1696,1,'en','plugins/job-board/coupon','toggle_coupon_form_text','You have a coupon code?','2023-10-22 21:45:03','2023-10-22 21:45:03'),(1697,1,'en','plugins/job-board/coupon','apply_coupon_code','Apply','2023-10-22 21:45:03','2023-10-22 21:45:03'),(1698,1,'en','plugins/job-board/currency','currencies','Currencies','2023-10-22 21:45:03','2023-10-22 21:45:03'),(1699,1,'en','plugins/job-board/currency','setting_description','List of currencies using on website','2023-10-22 21:45:03','2023-10-22 21:45:03'),(1700,1,'en','plugins/job-board/currency','name','Name','2023-10-22 21:45:03','2023-10-22 21:45:03'),(1701,1,'en','plugins/job-board/currency','symbol','Symbol','2023-10-22 21:45:03','2023-10-22 21:45:03'),(1702,1,'en','plugins/job-board/currency','number_of_decimals','Number of decimals','2023-10-22 21:45:03','2023-10-22 21:45:03'),(1703,1,'en','plugins/job-board/currency','exchange_rate','Exchange rate','2023-10-22 21:45:03','2023-10-22 21:45:03'),(1704,1,'en','plugins/job-board/currency','is_prefix_symbol','Position of symbol','2023-10-22 21:45:03','2023-10-22 21:45:03'),(1705,1,'en','plugins/job-board/currency','is_default','Is default?','2023-10-22 21:45:03','2023-10-22 21:45:03'),(1706,1,'en','plugins/job-board/currency','remove','Remove','2023-10-22 21:45:03','2023-10-22 21:45:03'),(1707,1,'en','plugins/job-board/currency','new_currency','Add a new currency','2023-10-22 21:45:03','2023-10-22 21:45:03'),(1708,1,'en','plugins/job-board/currency','save_settings','Save settings','2023-10-22 21:45:03','2023-10-22 21:45:03'),(1709,1,'en','plugins/job-board/currency','before_number','Before number','2023-10-22 21:45:03','2023-10-22 21:45:03'),(1710,1,'en','plugins/job-board/currency','after_number','After number','2023-10-22 21:45:03','2023-10-22 21:45:03'),(1711,1,'en','plugins/job-board/currency','require_at_least_one_currency','The system requires at least one currency!','2023-10-22 21:45:03','2023-10-22 21:45:03'),(1712,1,'en','plugins/job-board/currency','enable_auto_detect_visitor_currency','Enable auto-detect visitor currency?','2023-10-22 21:45:03','2023-10-22 21:45:03'),(1713,1,'en','plugins/job-board/currency','auto_detect_visitor_currency_description','It detects visitor currency based on browser language. It will override default currency selection.','2023-10-22 21:45:03','2023-10-22 21:45:03'),(1714,1,'en','plugins/job-board/currency','add_space_between_price_and_currency','Add a space between price and currency?','2023-10-22 21:45:03','2023-10-22 21:45:03'),(1715,1,'en','plugins/job-board/currency','invalid_currency_name','Invalid currency code, it must be in :currencies.','2023-10-22 21:45:03','2023-10-22 21:45:03'),(1716,1,'en','plugins/job-board/currency','instruction','Please check list currency code here: https://en.wikipedia.org/wiki/ISO_4217','2023-10-22 21:45:03','2023-10-22 21:45:03'),(1717,1,'en','plugins/job-board/currency','code','Code','2023-10-22 21:45:04','2023-10-22 21:45:04'),(1718,1,'en','plugins/job-board/custom-fields','name','Custom Fields','2023-10-22 21:45:04','2023-10-22 21:45:04'),(1719,1,'en','plugins/job-board/custom-fields','create','Create','2023-10-22 21:45:04','2023-10-22 21:45:04'),(1720,1,'en','plugins/job-board/custom-fields','edit','Edit :name','2023-10-22 21:45:04','2023-10-22 21:45:04'),(1721,1,'en','plugins/job-board/custom-fields','type','Type','2023-10-22 21:45:04','2023-10-22 21:45:04'),(1722,1,'en','plugins/job-board/custom-fields','options','Options','2023-10-22 21:45:04','2023-10-22 21:45:04'),(1723,1,'en','plugins/job-board/custom-fields','option.label','Label','2023-10-22 21:45:04','2023-10-22 21:45:04'),(1724,1,'en','plugins/job-board/custom-fields','option.value','Value','2023-10-22 21:45:04','2023-10-22 21:45:04'),(1725,1,'en','plugins/job-board/custom-fields','option.add_row','Add new row','2023-10-22 21:45:04','2023-10-22 21:45:04'),(1726,1,'en','plugins/job-board/custom-fields','option.add_from_global','Add global custom field','2023-10-22 21:45:04','2023-10-22 21:45:04'),(1727,1,'en','plugins/job-board/custom-fields','modal.heading','Add new custom field','2023-10-22 21:45:04','2023-10-22 21:45:04'),(1728,1,'en','plugins/job-board/custom-fields','modal.select_field','Select field','2023-10-22 21:45:04','2023-10-22 21:45:04'),(1729,1,'en','plugins/job-board/custom-fields','modal.button','Add new','2023-10-22 21:45:04','2023-10-22 21:45:04'),(1730,1,'en','plugins/job-board/custom-fields','enums.fields.text','Text','2023-10-22 21:45:04','2023-10-22 21:45:04'),(1731,1,'en','plugins/job-board/custom-fields','enums.fields.dropdown','Dropdown','2023-10-22 21:45:04','2023-10-22 21:45:04'),(1732,1,'en','plugins/job-board/custom-fields','ask_for_select','Please select a custom field','2023-10-22 21:45:04','2023-10-22 21:45:04'),(1733,1,'en','plugins/job-board/custom-fields','add_a_new_custom_field','Add a new custom field','2023-10-22 21:45:04','2023-10-22 21:45:04'),(1734,1,'en','plugins/job-board/dashboard','joined_on','Joined :date','2023-10-22 21:45:04','2023-10-22 21:45:04'),(1735,1,'en','plugins/job-board/dashboard','dob','Born :date','2023-10-22 21:45:04','2023-10-22 21:45:04'),(1736,1,'en','plugins/job-board/dashboard','email','Email','2023-10-22 21:45:04','2023-10-22 21:45:04'),(1737,1,'en','plugins/job-board/dashboard','password','Password','2023-10-22 21:45:04','2023-10-22 21:45:04'),(1738,1,'en','plugins/job-board/dashboard','password-confirmation','Confirm Password','2023-10-22 21:45:04','2023-10-22 21:45:04'),(1739,1,'en','plugins/job-board/dashboard','remember-me','Remember Me','2023-10-22 21:45:04','2023-10-22 21:45:04'),(1740,1,'en','plugins/job-board/dashboard','login-title','Login','2023-10-22 21:45:04','2023-10-22 21:45:04'),(1741,1,'en','plugins/job-board/dashboard','login-cta','Login','2023-10-22 21:45:04','2023-10-22 21:45:04'),(1742,1,'en','plugins/job-board/dashboard','register-title','Register','2023-10-22 21:45:04','2023-10-22 21:45:04'),(1743,1,'en','plugins/job-board/dashboard','register-cta','Register','2023-10-22 21:45:04','2023-10-22 21:45:04'),(1744,1,'en','plugins/job-board/dashboard','forgot-password-cta','Forgot Your Password?','2023-10-22 21:45:04','2023-10-22 21:45:04'),(1745,1,'en','plugins/job-board/dashboard','name','Name','2023-10-22 21:45:04','2023-10-22 21:45:04'),(1746,1,'en','plugins/job-board/dashboard','reset-password-title','Reset Password','2023-10-22 21:45:04','2023-10-22 21:45:04'),(1747,1,'en','plugins/job-board/dashboard','reset-password-cta','Reset Password','2023-10-22 21:45:04','2023-10-22 21:45:04'),(1748,1,'en','plugins/job-board/dashboard','cancel-link','Cancel','2023-10-22 21:45:04','2023-10-22 21:45:04'),(1749,1,'en','plugins/job-board/dashboard','logout-cta','Logout','2023-10-22 21:45:04','2023-10-22 21:45:04'),(1750,1,'en','plugins/job-board/dashboard','header_profile_link','Profile','2023-10-22 21:45:04','2023-10-22 21:45:04'),(1751,1,'en','plugins/job-board/dashboard','header_settings_link','Settings','2023-10-22 21:45:04','2023-10-22 21:45:04'),(1752,1,'en','plugins/job-board/dashboard','header_logout_link','Logout','2023-10-22 21:45:04','2023-10-22 21:45:04'),(1753,1,'en','plugins/job-board/dashboard','unknown_state','Unknown','2023-10-22 21:45:04','2023-10-22 21:45:04'),(1754,1,'en','plugins/job-board/dashboard','close','Close','2023-10-22 21:45:04','2023-10-22 21:45:04'),(1755,1,'en','plugins/job-board/dashboard','save','Save','2023-10-22 21:45:04','2023-10-22 21:45:04'),(1756,1,'en','plugins/job-board/dashboard','loading','Loading...','2023-10-22 21:45:04','2023-10-22 21:45:04'),(1757,1,'en','plugins/job-board/dashboard','new_image','New image','2023-10-22 21:45:04','2023-10-22 21:45:04'),(1758,1,'en','plugins/job-board/dashboard','change_profile_image','Change avatar','2023-10-22 21:45:04','2023-10-22 21:45:04'),(1759,1,'en','plugins/job-board/dashboard','save_cropped_image_failed','Save cropped image failed!','2023-10-22 21:45:04','2023-10-22 21:45:04'),(1760,1,'en','plugins/job-board/dashboard','failed_to_crop_image','Failed to crop image','2023-10-22 21:45:04','2023-10-22 21:45:04'),(1761,1,'en','plugins/job-board/dashboard','failed_to_load_data','Failed to load data','2023-10-22 21:45:04','2023-10-22 21:45:04'),(1762,1,'en','plugins/job-board/dashboard','read_image_failed','Read image failed','2023-10-22 21:45:04','2023-10-22 21:45:04'),(1763,1,'en','plugins/job-board/dashboard','update_avatar_success','Update avatar successfully!','2023-10-22 21:45:04','2023-10-22 21:45:04'),(1764,1,'en','plugins/job-board/dashboard','change_avatar_description','Click on image to change avatar','2023-10-22 21:45:04','2023-10-22 21:45:04'),(1765,1,'en','plugins/job-board/dashboard','notices.error','Error!','2023-10-22 21:45:04','2023-10-22 21:45:04'),(1766,1,'en','plugins/job-board/dashboard','notices.success','Success!','2023-10-22 21:45:04','2023-10-22 21:45:04'),(1767,1,'en','plugins/job-board/dashboard','sidebar_title','Personal settings','2023-10-22 21:45:04','2023-10-22 21:45:04'),(1768,1,'en','plugins/job-board/dashboard','sidebar_information','Account Information','2023-10-22 21:45:04','2023-10-22 21:45:04'),(1769,1,'en','plugins/job-board/dashboard','sidebar_security','Security','2023-10-22 21:45:04','2023-10-22 21:45:04'),(1770,1,'en','plugins/job-board/dashboard','sidebar_packages','Packages','2023-10-22 21:45:04','2023-10-22 21:45:04'),(1771,1,'en','plugins/job-board/dashboard','sidebar_transactions','Transactions','2023-10-22 21:45:04','2023-10-22 21:45:04'),(1772,1,'en','plugins/job-board/dashboard','account_field_title','Account Information','2023-10-22 21:45:04','2023-10-22 21:45:04'),(1773,1,'en','plugins/job-board/dashboard','profile-picture','Profile picture','2023-10-22 21:45:04','2023-10-22 21:45:04'),(1774,1,'en','plugins/job-board/dashboard','uploading','Uploading...','2023-10-22 21:45:04','2023-10-22 21:45:04'),(1775,1,'en','plugins/job-board/dashboard','phone','Phone','2023-10-22 21:45:04','2023-10-22 21:45:04'),(1776,1,'en','plugins/job-board/dashboard','first_name','First name','2023-10-22 21:45:04','2023-10-22 21:45:04'),(1777,1,'en','plugins/job-board/dashboard','last_name','Last name','2023-10-22 21:45:04','2023-10-22 21:45:04'),(1778,1,'en','plugins/job-board/dashboard','description','Description','2023-10-22 21:45:04','2023-10-22 21:45:04'),(1779,1,'en','plugins/job-board/dashboard','description_placeholder','Tell something about yourself...','2023-10-22 21:45:04','2023-10-22 21:45:04'),(1780,1,'en','plugins/job-board/dashboard','verified','Verified','2023-10-22 21:45:04','2023-10-22 21:45:04'),(1781,1,'en','plugins/job-board/dashboard','verify_require_desc','Please verify email by link we sent to you.','2023-10-22 21:45:04','2023-10-22 21:45:04'),(1782,1,'en','plugins/job-board/dashboard','birthday','Birthday','2023-10-22 21:45:04','2023-10-22 21:45:04'),(1783,1,'en','plugins/job-board/dashboard','year_lc','year','2023-10-22 21:45:04','2023-10-22 21:45:04'),(1784,1,'en','plugins/job-board/dashboard','month_lc','month','2023-10-22 21:45:04','2023-10-22 21:45:04'),(1785,1,'en','plugins/job-board/dashboard','day_lc','day','2023-10-22 21:45:04','2023-10-22 21:45:04'),(1786,1,'en','plugins/job-board/dashboard','gender','Gender','2023-10-22 21:45:04','2023-10-22 21:45:04'),(1787,1,'en','plugins/job-board/dashboard','gender_male','Male','2023-10-22 21:45:04','2023-10-22 21:45:04'),(1788,1,'en','plugins/job-board/dashboard','gender_female','Female','2023-10-22 21:45:04','2023-10-22 21:45:04'),(1789,1,'en','plugins/job-board/dashboard','gender_other','Other','2023-10-22 21:45:04','2023-10-22 21:45:04'),(1790,1,'en','plugins/job-board/dashboard','security_title','Security','2023-10-22 21:45:04','2023-10-22 21:45:04'),(1791,1,'en','plugins/job-board/dashboard','packages_title','Packages','2023-10-22 21:45:04','2023-10-22 21:45:04'),(1792,1,'en','plugins/job-board/dashboard','transactions_title','Transactions','2023-10-22 21:45:04','2023-10-22 21:45:04'),(1793,1,'en','plugins/job-board/dashboard','current_password','Current password','2023-10-22 21:45:04','2023-10-22 21:45:04'),(1794,1,'en','plugins/job-board/dashboard','password_new','New password','2023-10-22 21:45:04','2023-10-22 21:45:04'),(1795,1,'en','plugins/job-board/dashboard','password_new_confirmation','Confirmation password','2023-10-22 21:45:04','2023-10-22 21:45:04'),(1796,1,'en','plugins/job-board/dashboard','password_update_btn','Update password','2023-10-22 21:45:04','2023-10-22 21:45:04'),(1797,1,'en','plugins/job-board/dashboard','current_password_incorrect','The current password is incorrect!','2023-10-22 21:45:04','2023-10-22 21:45:04'),(1798,1,'en','plugins/job-board/dashboard','password_update_success','Updated password successfully!','2023-10-22 21:45:04','2023-10-22 21:45:04'),(1799,1,'en','plugins/job-board/dashboard','activity_logs','Activity Logs','2023-10-22 21:45:04','2023-10-22 21:45:04'),(1800,1,'en','plugins/job-board/dashboard','oops','Oops!','2023-10-22 21:45:04','2023-10-22 21:45:04'),(1801,1,'en','plugins/job-board/dashboard','no_activity_logs','You have no activity logs yet','2023-10-22 21:45:04','2023-10-22 21:45:04'),(1802,1,'en','plugins/job-board/dashboard','actions.create_job','You have created job \":name\"','2023-10-22 21:45:04','2023-10-22 21:45:04'),(1803,1,'en','plugins/job-board/dashboard','actions.update_job','You have updated job \":name\"','2023-10-22 21:45:04','2023-10-22 21:45:04'),(1804,1,'en','plugins/job-board/dashboard','actions.delete_job','You have deleted job \":name\"','2023-10-22 21:45:04','2023-10-22 21:45:04'),(1805,1,'en','plugins/job-board/dashboard','actions.renew_job','You have renewed job \":name\"','2023-10-22 21:45:04','2023-10-22 21:45:04'),(1806,1,'en','plugins/job-board/dashboard','actions.update_setting','You have updated your settings','2023-10-22 21:45:04','2023-10-22 21:45:04'),(1807,1,'en','plugins/job-board/dashboard','actions.update_security','You have updated your security settings','2023-10-22 21:45:04','2023-10-22 21:45:04'),(1808,1,'en','plugins/job-board/dashboard','actions.your_job_updated_by_admin','Your job \":name\" is updated by administrator','2023-10-22 21:45:04','2023-10-22 21:45:04'),(1809,1,'en','plugins/job-board/dashboard','actions.changed_avatar','You have changed your avatar','2023-10-22 21:45:04','2023-10-22 21:45:04'),(1810,1,'en','plugins/job-board/dashboard','actions.update_company','You have updated company \":name\"','2023-10-22 21:45:04','2023-10-22 21:45:04'),(1811,1,'en','plugins/job-board/dashboard','actions.create_company','You have created company \":name\"','2023-10-22 21:45:04','2023-10-22 21:45:04'),(1812,1,'en','plugins/job-board/dashboard','actions.delete_company','You have deleted company \":name\"','2023-10-22 21:45:04','2023-10-22 21:45:04'),(1813,1,'en','plugins/job-board/dashboard','load_more','Load more','2023-10-22 21:45:04','2023-10-22 21:45:04'),(1814,1,'en','plugins/job-board/dashboard','loading_more','Loading...','2023-10-22 21:45:04','2023-10-22 21:45:04'),(1815,1,'en','plugins/job-board/dashboard','back-to-login','Back to login page','2023-10-22 21:45:04','2023-10-22 21:45:04'),(1816,1,'en','plugins/job-board/dashboard','no_transactions','No transactions','2023-10-22 21:45:04','2023-10-22 21:45:04'),(1817,1,'en','plugins/job-board/dashboard','company_profile','Company profile','2023-10-22 21:45:04','2023-10-22 21:45:04'),(1818,1,'en','plugins/job-board/dashboard','logo','Logo (~500x500)','2023-10-22 21:45:04','2023-10-22 21:45:04'),(1819,1,'en','plugins/job-board/dashboard','cover_image','Cover image (~1920x300)','2023-10-22 21:45:04','2023-10-22 21:45:04'),(1820,1,'en','plugins/job-board/dashboard','website','Website','2023-10-22 21:45:04','2023-10-22 21:45:04'),(1821,1,'en','plugins/job-board/dashboard','address','Address','2023-10-22 21:45:04','2023-10-22 21:45:04'),(1822,1,'en','plugins/job-board/dashboard','ceo','CEO','2023-10-22 21:45:04','2023-10-22 21:45:04'),(1823,1,'en','plugins/job-board/dashboard','resume','Resume','2023-10-22 21:45:04','2023-10-22 21:45:04'),(1824,1,'en','plugins/job-board/dashboard','resend','Resend','2023-10-22 21:45:04','2023-10-22 21:45:04'),(1825,1,'en','plugins/job-board/dashboard','active_jobs','Active jobs','2023-10-22 21:45:04','2023-10-22 21:45:04'),(1826,1,'en','plugins/job-board/dashboard','expired_jobs','Expired jobs','2023-10-22 21:45:04','2023-10-22 21:45:04'),(1827,1,'en','plugins/job-board/dashboard','draft_jobs','Rejected jobs','2023-10-22 21:45:04','2023-10-22 21:45:04'),(1828,1,'en','plugins/job-board/dashboard','jobs','Jobs','2023-10-22 21:45:04','2023-10-22 21:45:04'),(1829,1,'en','plugins/job-board/dashboard','post_a_job','Post a Job','2023-10-22 21:45:04','2023-10-22 21:45:04'),(1830,1,'en','plugins/job-board/dashboard','your_credits','Your Credits','2023-10-22 21:45:04','2023-10-22 21:45:04'),(1831,1,'en','plugins/job-board/dashboard','credits','credits','2023-10-22 21:45:04','2023-10-22 21:45:04'),(1832,1,'en','plugins/job-board/dashboard','purchase','Purchase','2023-10-22 21:45:04','2023-10-22 21:45:04'),(1833,1,'en','plugins/job-board/dashboard','type','Type','2023-10-22 21:45:04','2023-10-22 21:45:04'),(1834,1,'en','plugins/job-board/dashboard','cover_letter','Cover letter','2023-10-22 21:45:04','2023-10-22 21:45:04'),(1835,1,'en','plugins/job-board/dashboard','employer_no_companies','You don\'t have any company yet. Please contact administrator to assign you a company.','2023-10-22 21:45:04','2023-10-22 21:45:04'),(1836,1,'en','plugins/job-board/degree-level','name','Degree levels','2023-10-22 21:45:04','2023-10-22 21:45:04'),(1837,1,'en','plugins/job-board/degree-level','create','New degree level','2023-10-22 21:45:04','2023-10-22 21:45:04'),(1838,1,'en','plugins/job-board/degree-type','name','Degree types','2023-10-22 21:45:04','2023-10-22 21:45:04'),(1839,1,'en','plugins/job-board/degree-type','create','New degree type','2023-10-22 21:45:04','2023-10-22 21:45:04'),(1840,1,'en','plugins/job-board/degree-type','degree-level','Degree level','2023-10-22 21:45:04','2023-10-22 21:45:04'),(1841,1,'en','plugins/job-board/export','jobs.name','Export Jobs','2023-10-22 21:45:04','2023-10-22 21:45:04'),(1842,1,'en','plugins/job-board/export','jobs.total_jobs','Total Jobs','2023-10-22 21:45:04','2023-10-22 21:45:04'),(1843,1,'en','plugins/job-board/export','companies.name','Export Companies','2023-10-22 21:45:04','2023-10-22 21:45:04'),(1844,1,'en','plugins/job-board/export','companies.total_companies','Total Companies','2023-10-22 21:45:04','2023-10-22 21:45:04'),(1845,1,'en','plugins/job-board/export','start_export','Start Export','2023-10-22 21:45:04','2023-10-22 21:45:04'),(1846,1,'en','plugins/job-board/export','exporting','Exporting...','2023-10-22 21:45:04','2023-10-22 21:45:04'),(1847,1,'en','plugins/job-board/functional-area','name','Functional areas','2023-10-22 21:45:04','2023-10-22 21:45:04'),(1848,1,'en','plugins/job-board/functional-area','create','New functional area','2023-10-22 21:45:04','2023-10-22 21:45:04'),(1849,1,'en','plugins/job-board/import','name','Import Jobs','2023-10-22 21:45:04','2023-10-22 21:45:04'),(1850,1,'en','plugins/job-board/import','choose_file','Choose file','2023-10-22 21:45:04','2023-10-22 21:45:04'),(1851,1,'en','plugins/job-board/import','choose_file_description','Choose file with mimes: :types.','2023-10-22 21:45:04','2023-10-22 21:45:04'),(1852,1,'en','plugins/job-board/import','import_success_message','Imported successfully.','2023-10-22 21:45:04','2023-10-22 21:45:04'),(1853,1,'en','plugins/job-board/import','import_failed_message','Import failed, please check the errors below!','2023-10-22 21:45:04','2023-10-22 21:45:04'),(1854,1,'en','plugins/job-board/import','row','Row','2023-10-22 21:45:04','2023-10-22 21:45:04'),(1855,1,'en','plugins/job-board/import','attribute','Attribute','2023-10-22 21:45:04','2023-10-22 21:45:04'),(1856,1,'en','plugins/job-board/import','errors','Errors','2023-10-22 21:45:04','2023-10-22 21:45:04'),(1857,1,'en','plugins/job-board/import','failures','Failures','2023-10-22 21:45:04','2023-10-22 21:45:04'),(1858,1,'en','plugins/job-board/import','results','Result: :success success(es), :failed failure(s)','2023-10-22 21:45:04','2023-10-22 21:45:04'),(1859,1,'en','plugins/job-board/import','rules','Rules','2023-10-22 21:45:04','2023-10-22 21:45:04'),(1860,1,'en','plugins/job-board/import','column','Column','2023-10-22 21:45:04','2023-10-22 21:45:04'),(1861,1,'en','plugins/job-board/import','template','Sample template','2023-10-22 21:45:04','2023-10-22 21:45:04'),(1862,1,'en','plugins/job-board/import','download_csv_file','Download CSV file','2023-10-22 21:45:04','2023-10-22 21:45:04'),(1863,1,'en','plugins/job-board/import','download_excel_file','Download Excel file','2023-10-22 21:45:04','2023-10-22 21:45:04'),(1864,1,'en','plugins/job-board/import','downloading','Downloading','2023-10-22 21:45:04','2023-10-22 21:45:04'),(1865,1,'en','plugins/job-board/import','company.name','Import Companies','2023-10-22 21:45:04','2023-10-22 21:45:04'),(1866,1,'en','plugins/job-board/invoice-template','name','Invoice template','2023-10-22 21:45:04','2023-10-22 21:45:04'),(1867,1,'en','plugins/job-board/invoice-template','setting','Invoice Settings','2023-10-22 21:45:04','2023-10-22 21:45:04'),(1868,1,'en','plugins/job-board/invoice-template','setting_description','Settings for Invoice template','2023-10-22 21:45:04','2023-10-22 21:45:04'),(1869,1,'en','plugins/job-board/invoice-template','setting_content','Content','2023-10-22 21:45:04','2023-10-22 21:45:04'),(1870,1,'en','plugins/job-board/invoice-template','preview','Preview','2023-10-22 21:45:04','2023-10-22 21:45:04'),(1871,1,'en','plugins/job-board/invoice-template','preview_heading','Preview Invoice template','2023-10-22 21:45:04','2023-10-22 21:45:04'),(1872,1,'en','plugins/job-board/invoice','name','Invoices','2023-10-22 21:45:04','2023-10-22 21:45:04'),(1873,1,'en','plugins/job-board/invoice','create','New invoice','2023-10-22 21:45:04','2023-10-22 21:45:04'),(1874,1,'en','plugins/job-board/invoice','edit','Edit invoice','2023-10-22 21:45:04','2023-10-22 21:45:04'),(1875,1,'en','plugins/job-board/invoice','print','Print Invoice','2023-10-22 21:45:04','2023-10-22 21:45:04'),(1876,1,'en','plugins/job-board/invoice','download','Download Invoice','2023-10-22 21:45:04','2023-10-22 21:45:04'),(1877,1,'en','plugins/job-board/invoice','heading','Invoice','2023-10-22 21:45:04','2023-10-22 21:45:04'),(1878,1,'en','plugins/job-board/invoice','invoice_for_job','','2023-10-22 21:45:04','2023-10-22 21:45:04'),(1879,1,'en','plugins/job-board/invoice','table.code','Code','2023-10-22 21:45:04','2023-10-22 21:45:04'),(1880,1,'en','plugins/job-board/invoice','table.amount','Amount','2023-10-22 21:45:04','2023-10-22 21:45:04'),(1881,1,'en','plugins/job-board/invoice','detail.invoice_for','Invoice For','2023-10-22 21:45:04','2023-10-22 21:45:04'),(1882,1,'en','plugins/job-board/invoice','detail.invoice_to','Invoice To','2023-10-22 21:45:04','2023-10-22 21:45:04'),(1883,1,'en','plugins/job-board/invoice','detail.tax_id','Tax ID','2023-10-22 21:45:04','2023-10-22 21:45:04'),(1884,1,'en','plugins/job-board/invoice','detail.code','Invoice Code','2023-10-22 21:45:04','2023-10-22 21:45:04'),(1885,1,'en','plugins/job-board/invoice','detail.issue_at','Issue At','2023-10-22 21:45:04','2023-10-22 21:45:04'),(1886,1,'en','plugins/job-board/invoice','detail.description','Description','2023-10-22 21:45:04','2023-10-22 21:45:04'),(1887,1,'en','plugins/job-board/invoice','detail.qty','Qty','2023-10-22 21:45:04','2023-10-22 21:45:04'),(1888,1,'en','plugins/job-board/invoice','detail.amount','Amount','2023-10-22 21:45:04','2023-10-22 21:45:04'),(1889,1,'en','plugins/job-board/invoice','detail.discount','Discount','2023-10-22 21:45:04','2023-10-22 21:45:04'),(1890,1,'en','plugins/job-board/invoice','detail.grand_total','Grand Total','2023-10-22 21:45:04','2023-10-22 21:45:04'),(1891,1,'en','plugins/job-board/invoice','detail.shipping_fee','Shipping Fee','2023-10-22 21:45:04','2023-10-22 21:45:04'),(1892,1,'en','plugins/job-board/invoice','detail.sub_total','Sub Total','2023-10-22 21:45:04','2023-10-22 21:45:04'),(1893,1,'en','plugins/job-board/invoice','detail.tax','Tax','2023-10-22 21:45:04','2023-10-22 21:45:04'),(1894,1,'en','plugins/job-board/invoice','detail.total','Total','2023-10-22 21:45:04','2023-10-22 21:45:04'),(1895,1,'en','plugins/job-board/invoice','total_amount','Total Amount','2023-10-22 21:45:04','2023-10-22 21:45:04'),(1896,1,'en','plugins/job-board/invoice','payment_info','Payment Info','2023-10-22 21:45:04','2023-10-22 21:45:04'),(1897,1,'en','plugins/job-board/invoice','payment_method','Payment Method','2023-10-22 21:45:04','2023-10-22 21:45:04'),(1898,1,'en','plugins/job-board/invoice','payment_status','Payment Status','2023-10-22 21:45:04','2023-10-22 21:45:04'),(1899,1,'en','plugins/job-board/job-application','name','Job Applications','2023-10-22 21:45:04','2023-10-22 21:45:04'),(1900,1,'en','plugins/job-board/job-application','edit','View job application','2023-10-22 21:45:04','2023-10-22 21:45:04'),(1901,1,'en','plugins/job-board/job-application','tables.email','Email','2023-10-22 21:45:04','2023-10-22 21:45:04'),(1902,1,'en','plugins/job-board/job-application','tables.phone','Phone','2023-10-22 21:45:04','2023-10-22 21:45:04'),(1903,1,'en','plugins/job-board/job-application','tables.name','Name','2023-10-22 21:45:04','2023-10-22 21:45:04'),(1904,1,'en','plugins/job-board/job-application','tables.first_name','First name','2023-10-22 21:45:04','2023-10-22 21:45:04'),(1905,1,'en','plugins/job-board/job-application','tables.last_name','Last name','2023-10-22 21:45:04','2023-10-22 21:45:04'),(1906,1,'en','plugins/job-board/job-application','tables.time','Time','2023-10-22 21:45:04','2023-10-22 21:45:04'),(1907,1,'en','plugins/job-board/job-application','tables.message','Summary','2023-10-22 21:45:04','2023-10-22 21:45:04'),(1908,1,'en','plugins/job-board/job-application','tables.resume','Resume','2023-10-22 21:45:04','2023-10-22 21:45:04'),(1909,1,'en','plugins/job-board/job-application','tables.cover_letter','Cover Letter','2023-10-22 21:45:04','2023-10-22 21:45:04'),(1910,1,'en','plugins/job-board/job-application','tables.position','Position','2023-10-22 21:45:04','2023-10-22 21:45:04'),(1911,1,'en','plugins/job-board/job-application','tables.download_resume','Download Resume','2023-10-22 21:45:04','2023-10-22 21:45:04'),(1912,1,'en','plugins/job-board/job-application','information','Information','2023-10-22 21:45:04','2023-10-22 21:45:04'),(1913,1,'en','plugins/job-board/job-application','email.header','Email','2023-10-22 21:45:04','2023-10-22 21:45:04'),(1914,1,'en','plugins/job-board/job-application','email.title','We received a new job application from the website!','2023-10-22 21:45:04','2023-10-22 21:45:04'),(1915,1,'en','plugins/job-board/job-application','email.success','Applied successfully!','2023-10-22 21:45:04','2023-10-22 21:45:04'),(1916,1,'en','plugins/job-board/job-application','email.failed','Can\'t apply on this time, please try again later!','2023-10-22 21:45:04','2023-10-22 21:45:04'),(1917,1,'en','plugins/job-board/job-application','sender','Sender','2023-10-22 21:45:04','2023-10-22 21:45:04'),(1918,1,'en','plugins/job-board/job-application','sender_email','Email','2023-10-22 21:45:04','2023-10-22 21:45:04'),(1919,1,'en','plugins/job-board/job-application','statuses.pending','Pending','2023-10-22 21:45:04','2023-10-22 21:45:04'),(1920,1,'en','plugins/job-board/job-application','statuses.checked','Checked','2023-10-22 21:45:04','2023-10-22 21:45:04'),(1921,1,'en','plugins/job-board/job-board','name','Job Board','2023-10-22 21:45:04','2023-10-22 21:45:04'),(1922,1,'en','plugins/job-board/job-board','settings','Settings','2023-10-22 21:45:04','2023-10-22 21:45:04'),(1923,1,'en','plugins/job-board/job-board','emails.title','Job Board','2023-10-22 21:45:04','2023-10-22 21:45:04'),(1924,1,'en','plugins/job-board/job-board','emails.description','Job Board email configuration','2023-10-22 21:45:04','2023-10-22 21:45:04'),(1925,1,'en','plugins/job-board/job-board','emails.templates.admin_new_job_application_title','New job application (to admin users)','2023-10-22 21:45:04','2023-10-22 21:45:04'),(1926,1,'en','plugins/job-board/job-board','emails.templates.admin_new_job_application_description','Email template to send notice to administrators when system get new job application','2023-10-22 21:45:04','2023-10-22 21:45:04'),(1927,1,'en','plugins/job-board/job-board','emails.templates.employer_new_job_application_title','New job application (to employer and colleagues)','2023-10-22 21:45:04','2023-10-22 21:45:04'),(1928,1,'en','plugins/job-board/job-board','emails.templates.employer_new_job_application_description','Email template to send notice to employer and colleagues when system get new job application','2023-10-22 21:45:04','2023-10-22 21:45:04'),(1929,1,'en','plugins/job-board/job-board','company_settings','Company settings','2023-10-22 21:45:04','2023-10-22 21:45:04'),(1930,1,'en','plugins/job-board/job-board','company_settings_description','Settings Company information for invoicing','2023-10-22 21:45:04','2023-10-22 21:45:04'),(1931,1,'en','plugins/job-board/job-board','other_settings','Other settings','2023-10-22 21:45:04','2023-10-22 21:45:04'),(1932,1,'en','plugins/job-board/job-board','other_settings_description','Settings for Job Board','2023-10-22 21:45:04','2023-10-22 21:45:04'),(1933,1,'en','plugins/job-board/job-board','setting.thousands_separator','Thousands separator','2023-10-22 21:45:04','2023-10-22 21:45:04'),(1934,1,'en','plugins/job-board/job-board','setting.decimal_separator','Decimal separator','2023-10-22 21:45:04','2023-10-22 21:45:04'),(1935,1,'en','plugins/job-board/job-board','setting.separator_period','Period (.)','2023-10-22 21:45:04','2023-10-22 21:45:04'),(1936,1,'en','plugins/job-board/job-board','setting.separator_comma','Comma (,)','2023-10-22 21:45:04','2023-10-22 21:45:04'),(1937,1,'en','plugins/job-board/job-board','setting.separator_space','Space ( )','2023-10-22 21:45:04','2023-10-22 21:45:04'),(1938,1,'en','plugins/job-board/job-board','setting.job_expired_after_days','Job Expired Time (days)','2023-10-22 21:45:04','2023-10-22 21:45:04'),(1939,1,'en','plugins/job-board/job-board','setting.enable_post_approval','Enable post approval?','2023-10-22 21:45:04','2023-10-22 21:45:04'),(1940,1,'en','plugins/job-board/job-board','setting.enable_credits_system','Enable credits system (employers need to buy credits to post their jobs)','2023-10-22 21:45:04','2023-10-22 21:45:04'),(1941,1,'en','plugins/job-board/job-board','setting.display_views_count_in_detail_page','Display views count in the detail page?','2023-10-22 21:45:04','2023-10-22 21:45:04'),(1942,1,'en','plugins/job-board/job-board','setting.enable_recaptcha_in_register_page','Enable Recaptcha in the registration page?','2023-10-22 21:45:04','2023-10-22 21:45:04'),(1943,1,'en','plugins/job-board/job-board','setting.enable_recaptcha_in_pages_description','Need to setup Captcha in Admin -> Settings -> General first.','2023-10-22 21:45:04','2023-10-22 21:45:04'),(1944,1,'en','plugins/job-board/job-board','setting.verify_account_email','Verify account\'s email?','2023-10-22 21:45:04','2023-10-22 21:45:04'),(1945,1,'en','plugins/job-board/job-board','setting.verify_account_created_company','Verify account\'s created company?','2023-10-22 21:45:04','2023-10-22 21:45:04'),(1946,1,'en','plugins/job-board/job-board','setting.enabled_register_as_employer','Allow visitors to register as employer and post their jobs?','2023-10-22 21:45:04','2023-10-22 21:45:04'),(1947,1,'en','plugins/job-board/job-board','setting.enable_recaptcha_in_apply_job','Enable Recaptcha in the apply job?','2023-10-22 21:45:05','2023-10-22 21:45:05'),(1948,1,'en','plugins/job-board/job-board','setting.add_space_between_price_and_currency','Add a space between price and currency?','2023-10-22 21:45:05','2023-10-22 21:45:05'),(1949,1,'en','plugins/job-board/job-board','setting.enable_guest_apply','Enable guest apply?','2023-10-22 21:45:05','2023-10-22 21:45:05'),(1950,1,'en','plugins/job-board/job-board','setting.enable_review_feature','Enable review feature?','2023-10-22 21:45:05','2023-10-22 21:45:05'),(1951,1,'en','plugins/job-board/job-board','setting.default_account_avatar','Default account avatar','2023-10-22 21:45:05','2023-10-22 21:45:05'),(1952,1,'en','plugins/job-board/job-board','setting.default_account_avatar_helper','It\'s used in case users don\'t have an avatar.','2023-10-22 21:45:05','2023-10-22 21:45:05'),(1953,1,'en','plugins/job-board/job-board','setting.invoicing.company_name','Company name','2023-10-22 21:45:05','2023-10-22 21:45:05'),(1954,1,'en','plugins/job-board/job-board','setting.invoicing.company_address','Company address','2023-10-22 21:45:05','2023-10-22 21:45:05'),(1955,1,'en','plugins/job-board/job-board','setting.invoicing.company_email','Company email','2023-10-22 21:45:05','2023-10-22 21:45:05'),(1956,1,'en','plugins/job-board/job-board','setting.invoicing.company_phone','Company phone','2023-10-22 21:45:05','2023-10-22 21:45:05'),(1957,1,'en','plugins/job-board/job-board','setting.invoicing.company_logo','Company logo','2023-10-22 21:45:05','2023-10-22 21:45:05'),(1958,1,'en','plugins/job-board/job-board','setting.using_custom_font_for_invoice','Using custom font for invoice?','2023-10-22 21:45:05','2023-10-22 21:45:05'),(1959,1,'en','plugins/job-board/job-board','setting.invoice_font_family','Invoice font family (Only work for Latin language)','2023-10-22 21:45:05','2023-10-22 21:45:05'),(1960,1,'en','plugins/job-board/job-board','setting.enable_invoice_stamp','Enable invoice stamp?','2023-10-22 21:45:05','2023-10-22 21:45:05'),(1961,1,'en','plugins/job-board/job-board','setting.invoice_support_arabic_language','Support Arabic language in invoice?','2023-10-22 21:45:05','2023-10-22 21:45:05'),(1962,1,'en','plugins/job-board/job-board','setting.invoice_code_prefix','Invoice code prefix','2023-10-22 21:45:05','2023-10-22 21:45:05'),(1963,1,'en','plugins/job-board/job-board','setting.job_location_display','Job location display?','2023-10-22 21:45:05','2023-10-22 21:45:05'),(1964,1,'en','plugins/job-board/job-board','setting.state_and_country','State & Country','2023-10-22 21:45:05','2023-10-22 21:45:05'),(1965,1,'en','plugins/job-board/job-board','setting.city_and_state','City & State','2023-10-22 21:45:05','2023-10-22 21:45:05'),(1966,1,'en','plugins/job-board/job-board','setting.city_state_and_country','City, State & Country','2023-10-22 21:45:05','2023-10-22 21:45:05'),(1967,1,'en','plugins/job-board/job-board','setting.disabled_public_profile','Disable public profile?','2023-10-22 21:45:05','2023-10-22 21:45:05'),(1968,1,'en','plugins/job-board/job-board','setting.enable_zip_code','Enable zip code (postal code)?','2023-10-22 21:45:05','2023-10-22 21:45:05'),(1969,1,'en','plugins/job-board/job-board','setting.hide_company_email','Hide company email?','2023-10-22 21:45:05','2023-10-22 21:45:05'),(1970,1,'en','plugins/job-board/job-board','setting.enable_custom_fields','Enable custom fields?','2023-10-22 21:45:05','2023-10-22 21:45:05'),(1971,1,'en','plugins/job-board/job-board','setting.allow_employer_multiple_companies','Allow employers to create multiple company profiles?','2023-10-22 21:45:05','2023-10-22 21:45:05'),(1972,1,'en','plugins/job-board/job-board','setting.allow_employer_manage_company_info','Allow employers to manage company profile information?','2023-10-22 21:45:05','2023-10-22 21:45:05'),(1973,1,'en','plugins/job-board/job-board','job-attributes','Job Attributes','2023-10-22 21:45:05','2023-10-22 21:45:05'),(1974,1,'en','plugins/job-board/job-board','theme_options.name','Job Board','2023-10-22 21:45:05','2023-10-22 21:45:05'),(1975,1,'en','plugins/job-board/job-board','theme_options.description','Theme options for Job Board','2023-10-22 21:45:05','2023-10-22 21:45:05'),(1976,1,'en','plugins/job-board/job-board','theme_options.logo_employer_dashboard','Logo in the employer dashboard (Default is the main logo)','2023-10-22 21:45:05','2023-10-22 21:45:05'),(1977,1,'en','plugins/job-board/job-board','theme_options.default_company_cover_image','Default company cover image','2023-10-22 21:45:05','2023-10-22 21:45:05'),(1978,1,'en','plugins/job-board/job-board','theme_options.default_company_logo','Default company logo (Default is the main logo)','2023-10-22 21:45:05','2023-10-22 21:45:05'),(1979,1,'en','plugins/job-board/job-board','theme_options.job_companies_page_id','Job companies page','2023-10-22 21:45:05','2023-10-22 21:45:05'),(1980,1,'en','plugins/job-board/job-board','theme_options.job_categories_page_id','Job categories page','2023-10-22 21:45:05','2023-10-22 21:45:05'),(1981,1,'en','plugins/job-board/job-board','theme_options.job_candidates_page_id','Job candidates page','2023-10-22 21:45:05','2023-10-22 21:45:05'),(1982,1,'en','plugins/job-board/job-board','theme_options.job_list_page_id','Job list page','2023-10-22 21:45:05','2023-10-22 21:45:05'),(1983,1,'en','plugins/job-board/job-board','jobs_page','Jobs Page','2023-10-22 21:45:05','2023-10-22 21:45:05'),(1984,1,'en','plugins/job-board/job-board','categories_page','Job Categories Page','2023-10-22 21:45:05','2023-10-22 21:45:05'),(1985,1,'en','plugins/job-board/job-board','companies_page','Job Companies Page','2023-10-22 21:45:05','2023-10-22 21:45:05'),(1986,1,'en','plugins/job-board/job-board','candidates_page','Job Candidates Page','2023-10-22 21:45:05','2023-10-22 21:45:05'),(1987,1,'en','plugins/job-board/job-category','name','Job categories','2023-10-22 21:45:05','2023-10-22 21:45:05'),(1988,1,'en','plugins/job-board/job-category','create','New category','2023-10-22 21:45:05','2023-10-22 21:45:05'),(1989,1,'en','plugins/job-board/job-category','none','None','2023-10-22 21:45:05','2023-10-22 21:45:05'),(1990,1,'en','plugins/job-board/job-experience','name','Job experiences','2023-10-22 21:45:05','2023-10-22 21:45:05'),(1991,1,'en','plugins/job-board/job-experience','create','New job experience','2023-10-22 21:45:05','2023-10-22 21:45:05'),(1992,1,'en','plugins/job-board/job-shift','name','Job shifts','2023-10-22 21:45:05','2023-10-22 21:45:05'),(1993,1,'en','plugins/job-board/job-shift','create','New job shift','2023-10-22 21:45:05','2023-10-22 21:45:05'),(1994,1,'en','plugins/job-board/job-skill','name','Job skills','2023-10-22 21:45:05','2023-10-22 21:45:05'),(1995,1,'en','plugins/job-board/job-skill','create','New job skill','2023-10-22 21:45:05','2023-10-22 21:45:05'),(1996,1,'en','plugins/job-board/job-type','name','Job types','2023-10-22 21:45:05','2023-10-22 21:45:05'),(1997,1,'en','plugins/job-board/job-type','create','New job type','2023-10-22 21:45:05','2023-10-22 21:45:05'),(1998,1,'en','plugins/job-board/job','name','Jobs','2023-10-22 21:45:05','2023-10-22 21:45:05'),(1999,1,'en','plugins/job-board/job','create','New job','2023-10-22 21:45:05','2023-10-22 21:45:05'),(2000,1,'en','plugins/job-board/job','moderation_status','Moderation status','2023-10-22 21:45:05','2023-10-22 21:45:05'),(2001,1,'en','plugins/job-board/job','statuses.draft','Draft','2023-10-22 21:45:05','2023-10-22 21:45:05'),(2002,1,'en','plugins/job-board/job','statuses.pending','Pending','2023-10-22 21:45:05','2023-10-22 21:45:05'),(2003,1,'en','plugins/job-board/job','statuses.published','Published','2023-10-22 21:45:05','2023-10-22 21:45:05'),(2004,1,'en','plugins/job-board/job','statuses.closed','Closed','2023-10-22 21:45:05','2023-10-22 21:45:05'),(2005,1,'en','plugins/job-board/job','moderation_statuses.pending','Pending','2023-10-22 21:45:05','2023-10-22 21:45:05'),(2006,1,'en','plugins/job-board/job','moderation_statuses.approved','Approved','2023-10-22 21:45:05','2023-10-22 21:45:05'),(2007,1,'en','plugins/job-board/job','moderation_statuses.rejected','Rejected','2023-10-22 21:45:05','2023-10-22 21:45:05'),(2008,1,'en','plugins/job-board/job','salary_periods.hourly','Hourly','2023-10-22 21:45:05','2023-10-22 21:45:05'),(2009,1,'en','plugins/job-board/job','salary_periods.daily','Daily','2023-10-22 21:45:05','2023-10-22 21:45:05'),(2010,1,'en','plugins/job-board/job','salary_periods.weekly','Weekly','2023-10-22 21:45:05','2023-10-22 21:45:05'),(2011,1,'en','plugins/job-board/job','salary_periods.monthly','Monthly','2023-10-22 21:45:05','2023-10-22 21:45:05'),(2012,1,'en','plugins/job-board/job','salary_periods.yearly','Yearly','2023-10-22 21:45:05','2023-10-22 21:45:05'),(2013,1,'en','plugins/job-board/job','analytics.total_views','Total views','2023-10-22 21:45:05','2023-10-22 21:45:05'),(2014,1,'en','plugins/job-board/job','analytics.views_today','Views today','2023-10-22 21:45:05','2023-10-22 21:45:05'),(2015,1,'en','plugins/job-board/job','analytics.number_of_favorites','Number of favorites','2023-10-22 21:45:05','2023-10-22 21:45:05'),(2016,1,'en','plugins/job-board/job','analytics.applicants','Applicants','2023-10-22 21:45:05','2023-10-22 21:45:05'),(2017,1,'en','plugins/job-board/job','tags','Tags','2023-10-22 21:45:05','2023-10-22 21:45:05'),(2018,1,'en','plugins/job-board/job','write_some_tags','Write some tags','2023-10-22 21:45:05','2023-10-22 21:45:05'),(2019,1,'en','plugins/job-board/language-level','name','Language levels','2023-10-22 21:45:05','2023-10-22 21:45:05'),(2020,1,'en','plugins/job-board/language-level','create','New language level','2023-10-22 21:45:05','2023-10-22 21:45:05'),(2021,1,'en','plugins/job-board/major-subject','name','Major subjects','2023-10-22 21:45:05','2023-10-22 21:45:05'),(2022,1,'en','plugins/job-board/major-subject','create','New major subject','2023-10-22 21:45:05','2023-10-22 21:45:05'),(2023,1,'en','plugins/job-board/package','name','Packages','2023-10-22 21:45:05','2023-10-22 21:45:05'),(2024,1,'en','plugins/job-board/package','create','New package','2023-10-22 21:45:05','2023-10-22 21:45:05'),(2025,1,'en','plugins/job-board/package','price','Price','2023-10-22 21:45:05','2023-10-22 21:45:05'),(2026,1,'en','plugins/job-board/package','currency','Currency','2023-10-22 21:45:05','2023-10-22 21:45:05'),(2027,1,'en','plugins/job-board/package','percent_save','Percent save','2023-10-22 21:45:05','2023-10-22 21:45:05'),(2028,1,'en','plugins/job-board/package','number_of_listings','Number of listings','2023-10-22 21:45:05','2023-10-22 21:45:05'),(2029,1,'en','plugins/job-board/package','add_credit_success','Add credit successfully!','2023-10-22 21:45:05','2023-10-22 21:45:05'),(2030,1,'en','plugins/job-board/package','setup_payment_methods','Please setup payment methods (PayPal, Stripe, COD, Bank transfer)','2023-10-22 21:45:05','2023-10-22 21:45:05'),(2031,1,'en','plugins/job-board/package','add_credit_warning','Please add your credit to create your own posts here:','2023-10-22 21:45:05','2023-10-22 21:45:05'),(2032,1,'en','plugins/job-board/package','add_credit','Add credit','2023-10-22 21:45:05','2023-10-22 21:45:05'),(2033,1,'en','plugins/job-board/package','account_limit','Limit purchase by account','2023-10-22 21:45:05','2023-10-22 21:45:05'),(2034,1,'en','plugins/job-board/package','account_limit_placeholder','An account can purchase x times','2023-10-22 21:45:06','2023-10-22 21:45:06'),(2035,1,'en','plugins/job-board/package','subscribe_package','Subscribe package','2023-10-22 21:45:06','2023-10-22 21:45:06'),(2036,1,'en','plugins/job-board/package','add_credit_alert','Please add your credit to create your own posts.','2023-10-22 21:45:06','2023-10-22 21:45:06'),(2037,1,'en','plugins/job-board/result-type','name','Result types','2023-10-22 21:45:06','2023-10-22 21:45:06'),(2038,1,'en','plugins/job-board/result-type','create','New result type','2023-10-22 21:45:06','2023-10-22 21:45:06'),(2039,1,'en','plugins/job-board/review','name','Reviews','2023-10-22 21:45:06','2023-10-22 21:45:06'),(2040,1,'en','plugins/job-board/review','company','Company','2023-10-22 21:45:06','2023-10-22 21:45:06'),(2041,1,'en','plugins/job-board/review','user','User','2023-10-22 21:45:06','2023-10-22 21:45:06'),(2042,1,'en','plugins/job-board/review','star','Star','2023-10-22 21:45:06','2023-10-22 21:45:06'),(2043,1,'en','plugins/job-board/review','review','Review','2023-10-22 21:45:06','2023-10-22 21:45:06'),(2044,1,'en','plugins/job-board/review','status','Status','2023-10-22 21:45:06','2023-10-22 21:45:06'),(2045,1,'en','plugins/job-board/review','account_or_company','Account/Company','2023-10-22 21:45:06','2023-10-22 21:45:06'),(2046,1,'en','plugins/job-board/review','reviewed_by','Reviewed by','2023-10-22 21:45:06','2023-10-22 21:45:06'),(2047,1,'en','plugins/job-board/tag','name','Job tags','2023-10-22 21:45:06','2023-10-22 21:45:06'),(2048,1,'en','plugins/job-board/tag','create','New tag','2023-10-22 21:45:06','2023-10-22 21:45:06'),(2049,1,'en','plugins/language/language','name','Languages','2023-10-22 21:45:06','2023-10-22 21:45:06'),(2050,1,'en','plugins/language/language','choose_language','Choose a language','2023-10-22 21:45:06','2023-10-22 21:45:06'),(2051,1,'en','plugins/language/language','select_language','Select language','2023-10-22 21:45:06','2023-10-22 21:45:06'),(2052,1,'en','plugins/language/language','choose_language_helper','You can choose a language in the list or directly edit it below.','2023-10-22 21:45:06','2023-10-22 21:45:06'),(2053,1,'en','plugins/language/language','language_name','Language name','2023-10-22 21:45:06','2023-10-22 21:45:06'),(2054,1,'en','plugins/language/language','language_name_helper','The name is how it is displayed on your site (for example: English).','2023-10-22 21:45:06','2023-10-22 21:45:06'),(2055,1,'en','plugins/language/language','locale','Locale','2023-10-22 21:45:06','2023-10-22 21:45:06'),(2056,1,'en','plugins/language/language','locale_helper','Laravel Locale for the language (for example: <code>en</code>).','2023-10-22 21:45:06','2023-10-22 21:45:06'),(2057,1,'en','plugins/language/language','language_code','Language code','2023-10-22 21:45:06','2023-10-22 21:45:06'),(2058,1,'en','plugins/language/language','language_code_helper','Language code - preferably 2-letters ISO 639-1 (for example: en)','2023-10-22 21:45:06','2023-10-22 21:45:06'),(2059,1,'en','plugins/language/language','text_direction','Text direction','2023-10-22 21:45:06','2023-10-22 21:45:06'),(2060,1,'en','plugins/language/language','text_direction_helper','Choose the text direction for the language','2023-10-22 21:45:06','2023-10-22 21:45:06'),(2061,1,'en','plugins/language/language','left_to_right','Left to right','2023-10-22 21:45:06','2023-10-22 21:45:06'),(2062,1,'en','plugins/language/language','right_to_left','Right to left','2023-10-22 21:45:06','2023-10-22 21:45:06'),(2063,1,'en','plugins/language/language','flag','Flag','2023-10-22 21:45:06','2023-10-22 21:45:06'),(2064,1,'en','plugins/language/language','flag_helper','Choose a flag for the language.','2023-10-22 21:45:06','2023-10-22 21:45:06'),(2065,1,'en','plugins/language/language','order','Order','2023-10-22 21:45:06','2023-10-22 21:45:06'),(2066,1,'en','plugins/language/language','order_helper','Position of the language in the language switcher','2023-10-22 21:45:06','2023-10-22 21:45:06'),(2067,1,'en','plugins/language/language','add_new_language','Add new language','2023-10-22 21:45:06','2023-10-22 21:45:06'),(2068,1,'en','plugins/language/language','code','Code','2023-10-22 21:45:06','2023-10-22 21:45:06'),(2069,1,'en','plugins/language/language','default_language','Is default?','2023-10-22 21:45:06','2023-10-22 21:45:06'),(2070,1,'en','plugins/language/language','actions','Actions','2023-10-22 21:45:06','2023-10-22 21:45:06'),(2071,1,'en','plugins/language/language','translations','Translations','2023-10-22 21:45:06','2023-10-22 21:45:06'),(2072,1,'en','plugins/language/language','edit','Edit','2023-10-22 21:45:06','2023-10-22 21:45:06'),(2073,1,'en','plugins/language/language','edit_tooltip','Edit this language','2023-10-22 21:45:06','2023-10-22 21:45:06'),(2074,1,'en','plugins/language/language','delete','Delete','2023-10-22 21:45:06','2023-10-22 21:45:06'),(2075,1,'en','plugins/language/language','delete_tooltip','Delete this language and all its associated data','2023-10-22 21:45:06','2023-10-22 21:45:06'),(2076,1,'en','plugins/language/language','choose_default_language','Choose :language as default language','2023-10-22 21:45:06','2023-10-22 21:45:06'),(2077,1,'en','plugins/language/language','current_language','Current record\'s language','2023-10-22 21:45:06','2023-10-22 21:45:06'),(2078,1,'en','plugins/language/language','edit_related','Edit related language for this record','2023-10-22 21:45:06','2023-10-22 21:45:06'),(2079,1,'en','plugins/language/language','add_language_for_item','Add other language version for this record','2023-10-22 21:45:06','2023-10-22 21:45:06'),(2080,1,'en','plugins/language/language','settings','Settings','2023-10-22 21:45:06','2023-10-22 21:45:06'),(2081,1,'en','plugins/language/language','language_hide_default','Hide default language from URL?','2023-10-22 21:45:06','2023-10-22 21:45:06'),(2082,1,'en','plugins/language/language','language_display_flag_only','Flag only','2023-10-22 21:45:06','2023-10-22 21:45:06'),(2083,1,'en','plugins/language/language','language_display_name_only','Name only','2023-10-22 21:45:06','2023-10-22 21:45:06'),(2084,1,'en','plugins/language/language','language_display_all','Display all flag and name','2023-10-22 21:45:06','2023-10-22 21:45:06'),(2085,1,'en','plugins/language/language','language_display','Language display','2023-10-22 21:45:06','2023-10-22 21:45:06'),(2086,1,'en','plugins/language/language','switcher_display','Switcher language display','2023-10-22 21:45:07','2023-10-22 21:45:07'),(2087,1,'en','plugins/language/language','language_switcher_display_dropdown','Dropdown','2023-10-22 21:45:07','2023-10-22 21:45:07'),(2088,1,'en','plugins/language/language','language_switcher_display_list','List','2023-10-22 21:45:07','2023-10-22 21:45:07'),(2089,1,'en','plugins/language/language','current_language_edit_notification','You are editing \"<strong class=\"current_language_text\">:language</strong>\" version','2023-10-22 21:45:07','2023-10-22 21:45:07'),(2090,1,'en','plugins/language/language','confirm-change-language','Confirm change language','2023-10-22 21:45:07','2023-10-22 21:45:07'),(2091,1,'en','plugins/language/language','confirm-change-language-message','Do you really want to change language to \"<strong class=\"change_to_language_text\"></strong>\" ? This action will be override \"<strong class=\"change_to_language_text\"></strong>\" version if it\'s existed!','2023-10-22 21:45:07','2023-10-22 21:45:07'),(2092,1,'en','plugins/language/language','confirm-change-language-btn','Confirm change','2023-10-22 21:45:07','2023-10-22 21:45:07'),(2093,1,'en','plugins/language/language','hide_languages','Hide languages','2023-10-22 21:45:07','2023-10-22 21:45:07'),(2094,1,'en','plugins/language/language','hide_languages_description','You can completely hide content in specific languages from visitors and search engines, but still view it yourself. This allows reviewing translations that are in progress.','2023-10-22 21:45:07','2023-10-22 21:45:07'),(2095,1,'en','plugins/language/language','hide_languages_helper_display_hidden','{0} All languages are currently displayed.|{1} :language is currently hidden to visitors.|[2, Inf] :language are currently hidden to visitors.','2023-10-22 21:45:07','2023-10-22 21:45:07'),(2096,1,'en','plugins/language/language','show_all','Show all','2023-10-22 21:45:07','2023-10-22 21:45:07'),(2097,1,'en','plugins/language/language','change_language','Language','2023-10-22 21:45:07','2023-10-22 21:45:07'),(2098,1,'en','plugins/language/language','language_show_default_item_if_current_version_not_existed','Show item in default language if it is not existed in current language','2023-10-22 21:45:07','2023-10-22 21:45:07'),(2099,1,'en','plugins/language/language','select_flag','Select a flag...','2023-10-22 21:45:07','2023-10-22 21:45:07'),(2100,1,'en','plugins/language/language','delete_confirmation_message','Do you really want to delete this language? It also deletes all items in this language and cannot rollback!','2023-10-22 21:45:07','2023-10-22 21:45:07'),(2101,1,'en','plugins/language/language','added_already','This language was added already!','2023-10-22 21:45:07','2023-10-22 21:45:07'),(2102,1,'en','plugins/language/language','language_auto_detect_user_language','Auto detect user language?','2023-10-22 21:45:07','2023-10-22 21:45:07'),(2103,1,'en','plugins/location/bulk-import','name','Bulk Import','2023-10-22 21:45:07','2023-10-22 21:45:07'),(2104,1,'en','plugins/location/bulk-import','imported_successfully','Your locations have been imported successfully!','2023-10-22 21:45:07','2023-10-22 21:45:07'),(2105,1,'en','plugins/location/bulk-import','please_choose_the_file_mime','Please choose the file mime :types','2023-10-22 21:45:07','2023-10-22 21:45:07'),(2106,1,'en','plugins/location/bulk-import','please_choose_the_file','Please choose the file','2023-10-22 21:45:07','2023-10-22 21:45:07'),(2107,1,'en','plugins/location/bulk-import','start_import','Start Import','2023-10-22 21:45:07','2023-10-22 21:45:07'),(2108,1,'en','plugins/location/bulk-import','note','Note!','2023-10-22 21:45:07','2023-10-22 21:45:07'),(2109,1,'en','plugins/location/bulk-import','warning_before_importing','If this is your first time using this feature, please read the documentation or contact the Administrator for access to the correct functionality!','2023-10-22 21:45:07','2023-10-22 21:45:07'),(2110,1,'en','plugins/location/bulk-import','results','Result: :success successes, :failed failures','2023-10-22 21:45:07','2023-10-22 21:45:07'),(2111,1,'en','plugins/location/bulk-import','failures','Failures','2023-10-22 21:45:07','2023-10-22 21:45:07'),(2112,1,'en','plugins/location/bulk-import','tables.import','Import','2023-10-22 21:45:07','2023-10-22 21:45:07'),(2113,1,'en','plugins/location/bulk-import','template','Template','2023-10-22 21:45:07','2023-10-22 21:45:07'),(2114,1,'en','plugins/location/bulk-import','rules','Rules','2023-10-22 21:45:07','2023-10-22 21:45:07'),(2115,1,'en','plugins/location/bulk-import','choose_file_with_mime','Choose file with mime: (:types)','2023-10-22 21:45:07','2023-10-22 21:45:07'),(2116,1,'en','plugins/location/bulk-import','choose_file','Choose file','2023-10-22 21:45:07','2023-10-22 21:45:07'),(2117,1,'en','plugins/location/bulk-import','menu','Import locations','2023-10-22 21:45:07','2023-10-22 21:45:07'),(2118,1,'en','plugins/location/bulk-import','download-csv-file','Download CSV template','2023-10-22 21:45:07','2023-10-22 21:45:07'),(2119,1,'en','plugins/location/bulk-import','download-excel-file','Download Excel template','2023-10-22 21:45:07','2023-10-22 21:45:07'),(2120,1,'en','plugins/location/bulk-import','downloading','Downloading...','2023-10-22 21:45:07','2023-10-22 21:45:07'),(2121,1,'en','plugins/location/bulk-import','export.template.input_error','Input error','2023-10-22 21:45:07','2023-10-22 21:45:07'),(2122,1,'en','plugins/location/bulk-import','export.template.number_not_allowed','Number is not allowed!','2023-10-22 21:45:07','2023-10-22 21:45:07'),(2123,1,'en','plugins/location/bulk-import','export.template.allowed_input','Allowed input','2023-10-22 21:45:07','2023-10-22 21:45:07'),(2124,1,'en','plugins/location/bulk-import','export.template.prompt_decimal','Only numbers or decimals are accepted and greater than or equal to :min.','2023-10-22 21:45:07','2023-10-22 21:45:07'),(2125,1,'en','plugins/location/bulk-import','export.template.prompt_whole_number','Only numbers are accepted and greater than or equal to :min.','2023-10-22 21:45:07','2023-10-22 21:45:07'),(2126,1,'en','plugins/location/bulk-import','export.template.prompt_list','Please pick a value from the drop-down list.','2023-10-22 21:45:07','2023-10-22 21:45:07'),(2127,1,'en','plugins/location/bulk-import','export.template.pick_from_list','Pick from list','2023-10-22 21:45:07','2023-10-22 21:45:07'),(2128,1,'en','plugins/location/bulk-import','export.template.value_not_in_list','Value is not in list.','2023-10-22 21:45:07','2023-10-22 21:45:07'),(2129,1,'en','plugins/location/bulk-import','export.template.max_text_length','Max text length','2023-10-22 21:45:07','2023-10-22 21:45:07'),(2130,1,'en','plugins/location/bulk-import','export.template.prompt_max_text_length','Only accept text with length less than or equal to :max.','2023-10-22 21:45:07','2023-10-22 21:45:07'),(2131,1,'en','plugins/location/bulk-import','import_failed_description','Import failed, please check the errors below!','2023-10-22 21:45:07','2023-10-22 21:45:07'),(2132,1,'en','plugins/location/bulk-import','available_enable_multi_language','Only available when you enable \"Is Multi Language?\"','2023-10-22 21:45:07','2023-10-22 21:45:07'),(2133,1,'en','plugins/location/bulk-import','import_type_required_if','The :attribute field is required when \"Import Type\" is :value.','2023-10-22 21:45:07','2023-10-22 21:45:07'),(2134,1,'en','plugins/location/bulk-import','import_available_data','Import available data','2023-10-22 21:45:07','2023-10-22 21:45:07'),(2135,1,'en','plugins/location/bulk-import','import','Import','2023-10-22 21:45:07','2023-10-22 21:45:07'),(2136,1,'en','plugins/location/bulk-import','import_available_data_confirmation','Import available data confirmation','2023-10-22 21:45:07','2023-10-22 21:45:07'),(2137,1,'en','plugins/location/bulk-import','import_available_data_confirmation_content','Do you really want to import states/cities for this country?','2023-10-22 21:45:07','2023-10-22 21:45:07'),(2138,1,'en','plugins/location/bulk-import','upload_file_placeholder','Drag and drop file here or click to upload','2023-10-22 21:45:07','2023-10-22 21:45:07'),(2139,1,'en','plugins/location/bulk-import','uploading','Uploading...','2023-10-22 21:45:07','2023-10-22 21:45:07'),(2140,1,'en','plugins/location/bulk-import','validating','Validating...','2023-10-22 21:45:07','2023-10-22 21:45:07'),(2141,1,'en','plugins/location/bulk-import','importing','Importing...','2023-10-22 21:45:07','2023-10-22 21:45:07'),(2142,1,'en','plugins/location/bulk-import','validating_message','Validating from :from to :to...','2023-10-22 21:45:07','2023-10-22 21:45:07'),(2143,1,'en','plugins/location/bulk-import','importing_message','Importing from :from to :to...','2023-10-22 21:45:07','2023-10-22 21:45:07'),(2144,1,'en','plugins/location/bulk-import','total_rows','You have imported :total rows successfully!','2023-10-22 21:45:07','2023-10-22 21:45:07'),(2145,1,'en','plugins/location/city','name','Cities','2023-10-22 21:45:08','2023-10-22 21:45:08'),(2146,1,'en','plugins/location/city','create','New city','2023-10-22 21:45:08','2023-10-22 21:45:08'),(2147,1,'en','plugins/location/city','state','State','2023-10-22 21:45:08','2023-10-22 21:45:08'),(2148,1,'en','plugins/location/city','select_state','Select state...','2023-10-22 21:45:08','2023-10-22 21:45:08'),(2149,1,'en','plugins/location/city','select_city','Select city...','2023-10-22 21:45:08','2023-10-22 21:45:08'),(2150,1,'en','plugins/location/city','country','Country','2023-10-22 21:45:08','2023-10-22 21:45:08'),(2151,1,'en','plugins/location/city','select_country','Select country...','2023-10-22 21:45:08','2023-10-22 21:45:08'),(2152,1,'en','plugins/location/city','city','City','2023-10-22 21:45:08','2023-10-22 21:45:08'),(2153,1,'en','plugins/location/country','name','Countries','2023-10-22 21:45:08','2023-10-22 21:45:08'),(2154,1,'en','plugins/location/country','create','New country','2023-10-22 21:45:08','2023-10-22 21:45:08'),(2155,1,'en','plugins/location/country','nationality','Nationality','2023-10-22 21:45:08','2023-10-22 21:45:08'),(2156,1,'en','plugins/location/country','code','Country ISO code','2023-10-22 21:45:08','2023-10-22 21:45:08'),(2157,1,'en','plugins/location/country','code_placeholder','ISO country code, uppercase. Ex: US.','2023-10-22 21:45:08','2023-10-22 21:45:08'),(2158,1,'en','plugins/location/country','code_helper','Find country ISO code from here: https://en.wikipedia.org/wiki/List_of_ISO_3166_country_codes','2023-10-22 21:45:08','2023-10-22 21:45:08'),(2159,1,'en','plugins/location/location','name','Locations','2023-10-22 21:45:08','2023-10-22 21:45:08'),(2160,1,'en','plugins/location/location','all_states','All states','2023-10-22 21:45:08','2023-10-22 21:45:08'),(2161,1,'en','plugins/location/location','abbreviation','Abbreviation','2023-10-22 21:45:08','2023-10-22 21:45:08'),(2162,1,'en','plugins/location/location','abbreviation_placeholder','E.g: CA','2023-10-22 21:45:08','2023-10-22 21:45:08'),(2163,1,'en','plugins/location/location','exporting','Exporting','2023-10-22 21:45:08','2023-10-22 21:45:08'),(2164,1,'en','plugins/location/location','total_country','Total countries','2023-10-22 21:45:08','2023-10-22 21:45:08'),(2165,1,'en','plugins/location/location','total_state','Total states','2023-10-22 21:45:08','2023-10-22 21:45:08'),(2166,1,'en','plugins/location/location','total_city','Total cities','2023-10-22 21:45:08','2023-10-22 21:45:08'),(2167,1,'en','plugins/location/location','export_location','Export location','2023-10-22 21:45:08','2023-10-22 21:45:08'),(2168,1,'en','plugins/location/location','start_export','Start exporting','2023-10-22 21:45:08','2023-10-22 21:45:08'),(2169,1,'en','plugins/location/location','enums.import_type.country','Country','2023-10-22 21:45:08','2023-10-22 21:45:08'),(2170,1,'en','plugins/location/location','enums.import_type.state','State','2023-10-22 21:45:08','2023-10-22 21:45:08'),(2171,1,'en','plugins/location/location','enums.import_type.city','City','2023-10-22 21:45:08','2023-10-22 21:45:08'),(2172,1,'en','plugins/location/state','name','States','2023-10-22 21:45:08','2023-10-22 21:45:08'),(2173,1,'en','plugins/location/state','create','New state','2023-10-22 21:45:08','2023-10-22 21:45:08'),(2174,1,'en','plugins/location/state','country','Country','2023-10-22 21:45:08','2023-10-22 21:45:08'),(2175,1,'en','plugins/location/state','select_country','Select a country...','2023-10-22 21:45:08','2023-10-22 21:45:08'),(2176,1,'en','plugins/location/state','state','State','2023-10-22 21:45:08','2023-10-22 21:45:08'),(2177,1,'en','plugins/newsletter/newsletter','name','Newsletters','2023-10-22 21:45:08','2023-10-22 21:45:08'),(2178,1,'en','plugins/newsletter/newsletter','settings.email.templates.title','Newsletter','2023-10-22 21:45:08','2023-10-22 21:45:08'),(2179,1,'en','plugins/newsletter/newsletter','settings.email.templates.description','Config newsletter email templates','2023-10-22 21:45:08','2023-10-22 21:45:08'),(2180,1,'en','plugins/newsletter/newsletter','settings.email.templates.to_admin.title','Email send to admin','2023-10-22 21:45:08','2023-10-22 21:45:08'),(2181,1,'en','plugins/newsletter/newsletter','settings.email.templates.to_admin.description','Template for sending email to admin','2023-10-22 21:45:08','2023-10-22 21:45:08'),(2182,1,'en','plugins/newsletter/newsletter','settings.email.templates.to_user.title','Email send to user','2023-10-22 21:45:08','2023-10-22 21:45:08'),(2183,1,'en','plugins/newsletter/newsletter','settings.email.templates.to_user.description','Template for sending email to subscriber','2023-10-22 21:45:08','2023-10-22 21:45:08'),(2184,1,'en','plugins/newsletter/newsletter','settings.title','Newsletter','2023-10-22 21:45:08','2023-10-22 21:45:08'),(2185,1,'en','plugins/newsletter/newsletter','settings.description','Settings for newsletter (auto send newsletter email to SendGrid, Mailchimp... when someone register newsletter on website).','2023-10-22 21:45:08','2023-10-22 21:45:08'),(2186,1,'en','plugins/newsletter/newsletter','settings.mailchimp_api_key','Mailchimp API Key','2023-10-22 21:45:08','2023-10-22 21:45:08'),(2187,1,'en','plugins/newsletter/newsletter','settings.mailchimp_list_id','Mailchimp List ID','2023-10-22 21:45:08','2023-10-22 21:45:08'),(2188,1,'en','plugins/newsletter/newsletter','settings.mailchimp_list','Mailchimp List','2023-10-22 21:45:08','2023-10-22 21:45:08'),(2189,1,'en','plugins/newsletter/newsletter','settings.sendgrid_api_key','Sendgrid API Key','2023-10-22 21:45:08','2023-10-22 21:45:08'),(2190,1,'en','plugins/newsletter/newsletter','settings.sendgrid_list_id','Sendgrid List ID','2023-10-22 21:45:08','2023-10-22 21:45:08'),(2191,1,'en','plugins/newsletter/newsletter','settings.sendgrid_list','Sendgrid List','2023-10-22 21:45:08','2023-10-22 21:45:08'),(2192,1,'en','plugins/newsletter/newsletter','settings.enable_newsletter_contacts_list_api','Enable newsletter contacts list API?','2023-10-22 21:45:08','2023-10-22 21:45:08'),(2193,1,'en','plugins/newsletter/newsletter','statuses.subscribed','Subscribed','2023-10-22 21:45:08','2023-10-22 21:45:08'),(2194,1,'en','plugins/newsletter/newsletter','statuses.unsubscribed','Unsubscribed','2023-10-22 21:45:08','2023-10-22 21:45:08'),(2195,1,'en','plugins/payment/payment','payments','Payments','2023-10-22 21:45:08','2023-10-22 21:45:08'),(2196,1,'en','plugins/payment/payment','checkout_success','Checkout successfully!','2023-10-22 21:45:08','2023-10-22 21:45:08'),(2197,1,'en','plugins/payment/payment','view_payment','View payment #','2023-10-22 21:45:08','2023-10-22 21:45:08'),(2198,1,'en','plugins/payment/payment','charge_id','Charge ID','2023-10-22 21:45:08','2023-10-22 21:45:08'),(2199,1,'en','plugins/payment/payment','amount','Amount','2023-10-22 21:45:08','2023-10-22 21:45:08'),(2200,1,'en','plugins/payment/payment','currency','Currency','2023-10-22 21:45:08','2023-10-22 21:45:08'),(2201,1,'en','plugins/payment/payment','user','User','2023-10-22 21:45:08','2023-10-22 21:45:08'),(2202,1,'en','plugins/payment/payment','stripe','Stripe','2023-10-22 21:45:08','2023-10-22 21:45:08'),(2203,1,'en','plugins/payment/payment','paypal','PayPal','2023-10-22 21:45:08','2023-10-22 21:45:08'),(2204,1,'en','plugins/payment/payment','action','Action','2023-10-22 21:45:08','2023-10-22 21:45:08'),(2205,1,'en','plugins/payment/payment','payment_via_card','Payment via card','2023-10-22 21:45:08','2023-10-22 21:45:08'),(2206,1,'en','plugins/payment/payment','card_number','Card number','2023-10-22 21:45:08','2023-10-22 21:45:08'),(2207,1,'en','plugins/payment/payment','full_name','Full name','2023-10-22 21:45:08','2023-10-22 21:45:08'),(2208,1,'en','plugins/payment/payment','payment_via_paypal','Fast and safe online payment via PayPal.','2023-10-22 21:45:08','2023-10-22 21:45:08'),(2209,1,'en','plugins/payment/payment','mm_yy','MM/YY','2023-10-22 21:45:08','2023-10-22 21:45:08'),(2210,1,'en','plugins/payment/payment','cvc','CVC','2023-10-22 21:45:08','2023-10-22 21:45:08'),(2211,1,'en','plugins/payment/payment','details','Details','2023-10-22 21:45:08','2023-10-22 21:45:08'),(2212,1,'en','plugins/payment/payment','payer_name','Payer Name','2023-10-22 21:45:08','2023-10-22 21:45:08'),(2213,1,'en','plugins/payment/payment','email','Email','2023-10-22 21:45:08','2023-10-22 21:45:08'),(2214,1,'en','plugins/payment/payment','phone','Phone','2023-10-22 21:45:08','2023-10-22 21:45:08'),(2215,1,'en','plugins/payment/payment','country','Country','2023-10-22 21:45:08','2023-10-22 21:45:08'),(2216,1,'en','plugins/payment/payment','shipping_address','Shipping Address','2023-10-22 21:45:08','2023-10-22 21:45:08'),(2217,1,'en','plugins/payment/payment','payment_details','Payment Details','2023-10-22 21:45:08','2023-10-22 21:45:08'),(2218,1,'en','plugins/payment/payment','card','Card','2023-10-22 21:45:08','2023-10-22 21:45:08'),(2219,1,'en','plugins/payment/payment','address','Address','2023-10-22 21:45:08','2023-10-22 21:45:08'),(2220,1,'en','plugins/payment/payment','could_not_get_stripe_token','Could not get Stripe token to make a charge.','2023-10-22 21:45:08','2023-10-22 21:45:08'),(2221,1,'en','plugins/payment/payment','payment_id','Payment ID','2023-10-22 21:45:08','2023-10-22 21:45:08'),(2222,1,'en','plugins/payment/payment','payment_methods','Payment methods','2023-10-22 21:45:08','2023-10-22 21:45:08'),(2223,1,'en','plugins/payment/payment','transactions','Transactions','2023-10-22 21:45:08','2023-10-22 21:45:08'),(2224,1,'en','plugins/payment/payment','payment_methods_description','Setup payment methods for website','2023-10-22 21:45:08','2023-10-22 21:45:08'),(2225,1,'en','plugins/payment/payment','paypal_description','Customer can buy product and pay directly via PayPal','2023-10-22 21:45:08','2023-10-22 21:45:08'),(2226,1,'en','plugins/payment/payment','use','Use','2023-10-22 21:45:08','2023-10-22 21:45:08'),(2227,1,'en','plugins/payment/payment','stripe_description','Customer can buy product and pay directly using Visa, Credit card via Stripe','2023-10-22 21:45:08','2023-10-22 21:45:08'),(2228,1,'en','plugins/payment/payment','edit','Edit','2023-10-22 21:45:08','2023-10-22 21:45:08'),(2229,1,'en','plugins/payment/payment','settings','Settings','2023-10-22 21:45:08','2023-10-22 21:45:08'),(2230,1,'en','plugins/payment/payment','activate','Activate','2023-10-22 21:45:08','2023-10-22 21:45:08'),(2231,1,'en','plugins/payment/payment','deactivate','Deactivate','2023-10-22 21:45:09','2023-10-22 21:45:09'),(2232,1,'en','plugins/payment/payment','update','Update','2023-10-22 21:45:09','2023-10-22 21:45:09'),(2233,1,'en','plugins/payment/payment','configuration_instruction','Configuration instruction for :name','2023-10-22 21:45:09','2023-10-22 21:45:09'),(2234,1,'en','plugins/payment/payment','configuration_requirement','To use :name, you need','2023-10-22 21:45:09','2023-10-22 21:45:09'),(2235,1,'en','plugins/payment/payment','service_registration','Register with :name','2023-10-22 21:45:09','2023-10-22 21:45:09'),(2236,1,'en','plugins/payment/payment','after_service_registration_msg','After registration at :name, you will have Client ID, Client Secret','2023-10-22 21:45:09','2023-10-22 21:45:09'),(2237,1,'en','plugins/payment/payment','enter_client_id_and_secret','Enter Client ID, Secret into the box in right hand','2023-10-22 21:45:09','2023-10-22 21:45:09'),(2238,1,'en','plugins/payment/payment','method_name','Method name','2023-10-22 21:45:09','2023-10-22 21:45:09'),(2239,1,'en','plugins/payment/payment','please_provide_information','Please provide information','2023-10-22 21:45:09','2023-10-22 21:45:09'),(2240,1,'en','plugins/payment/payment','client_id','Client ID','2023-10-22 21:45:09','2023-10-22 21:45:09'),(2241,1,'en','plugins/payment/payment','client_secret','Client Secret','2023-10-22 21:45:09','2023-10-22 21:45:09'),(2242,1,'en','plugins/payment/payment','secret','Secret','2023-10-22 21:45:09','2023-10-22 21:45:09'),(2243,1,'en','plugins/payment/payment','stripe_key','Stripe Public Key','2023-10-22 21:45:09','2023-10-22 21:45:09'),(2244,1,'en','plugins/payment/payment','stripe_secret','Stripe Private Key','2023-10-22 21:45:09','2023-10-22 21:45:09'),(2245,1,'en','plugins/payment/payment','stripe_after_service_registration_msg','After registration at :name, you will have Public, Secret keys','2023-10-22 21:45:09','2023-10-22 21:45:09'),(2246,1,'en','plugins/payment/payment','stripe_enter_client_id_and_secret','Enter Public, Secret keys into the box in right hand','2023-10-22 21:45:09','2023-10-22 21:45:09'),(2247,1,'en','plugins/payment/payment','pay_online_via','Pay online via :name','2023-10-22 21:45:09','2023-10-22 21:45:09'),(2248,1,'en','plugins/payment/payment','sandbox_mode','Sandbox mode','2023-10-22 21:45:09','2023-10-22 21:45:09'),(2249,1,'en','plugins/payment/payment','deactivate_payment_method','Deactivate payment method','2023-10-22 21:45:09','2023-10-22 21:45:09'),(2250,1,'en','plugins/payment/payment','deactivate_payment_method_description','Do you really want to deactivate this payment method?','2023-10-22 21:45:09','2023-10-22 21:45:09'),(2251,1,'en','plugins/payment/payment','agree','Agree','2023-10-22 21:45:09','2023-10-22 21:45:09'),(2252,1,'en','plugins/payment/payment','name','Payments','2023-10-22 21:45:09','2023-10-22 21:45:09'),(2253,1,'en','plugins/payment/payment','create','New payment','2023-10-22 21:45:09','2023-10-22 21:45:09'),(2254,1,'en','plugins/payment/payment','go_back','Go back','2023-10-22 21:45:09','2023-10-22 21:45:09'),(2255,1,'en','plugins/payment/payment','information','Information','2023-10-22 21:45:09','2023-10-22 21:45:09'),(2256,1,'en','plugins/payment/payment','methods.paypal','PayPal','2023-10-22 21:45:09','2023-10-22 21:45:09'),(2257,1,'en','plugins/payment/payment','methods.cod','Cash on delivery (COD)','2023-10-22 21:45:09','2023-10-22 21:45:09'),(2258,1,'en','plugins/payment/payment','methods.bank_transfer','Bank transfer','2023-10-22 21:45:09','2023-10-22 21:45:09'),(2259,1,'en','plugins/payment/payment','statuses.pending','Pending','2023-10-22 21:45:09','2023-10-22 21:45:09'),(2260,1,'en','plugins/payment/payment','statuses.completed','Completed','2023-10-22 21:45:09','2023-10-22 21:45:09'),(2261,1,'en','plugins/payment/payment','statuses.refunding','Refunding','2023-10-22 21:45:09','2023-10-22 21:45:09'),(2262,1,'en','plugins/payment/payment','statuses.refunded','Refunded','2023-10-22 21:45:09','2023-10-22 21:45:09'),(2263,1,'en','plugins/payment/payment','statuses.fraud','Fraud','2023-10-22 21:45:09','2023-10-22 21:45:09'),(2264,1,'en','plugins/payment/payment','statuses.failed','Failed','2023-10-22 21:45:09','2023-10-22 21:45:09'),(2265,1,'en','plugins/payment/payment','payment_methods_instruction','Guide customers to pay directly. You can choose to pay by delivery or bank transfer','2023-10-22 21:45:09','2023-10-22 21:45:09'),(2266,1,'en','plugins/payment/payment','payment_method_description','Payment guide - (Displayed on the notice of successful purchase and payment page)','2023-10-22 21:45:09','2023-10-22 21:45:09'),(2267,1,'en','plugins/payment/payment','payment_via_cod','Cash on delivery (COD)','2023-10-22 21:45:09','2023-10-22 21:45:09'),(2268,1,'en','plugins/payment/payment','payment_via_bank_transfer','Bank transfer','2023-10-22 21:45:09','2023-10-22 21:45:09'),(2269,1,'en','plugins/payment/payment','payment_pending','Checkout successfully. Your payment is pending and will be checked by our staff.','2023-10-22 21:45:09','2023-10-22 21:45:09'),(2270,1,'en','plugins/payment/payment','created_at','Created At','2023-10-22 21:45:09','2023-10-22 21:45:09'),(2271,1,'en','plugins/payment/payment','payment_channel','Payment Channel','2023-10-22 21:45:09','2023-10-22 21:45:09'),(2272,1,'en','plugins/payment/payment','total','Total','2023-10-22 21:45:09','2023-10-22 21:45:09'),(2273,1,'en','plugins/payment/payment','status','Status','2023-10-22 21:45:09','2023-10-22 21:45:09'),(2274,1,'en','plugins/payment/payment','default_payment_method','Default payment method','2023-10-22 21:45:09','2023-10-22 21:45:09'),(2275,1,'en','plugins/payment/payment','turn_off_success','Turn off payment method successfully!','2023-10-22 21:45:09','2023-10-22 21:45:09'),(2276,1,'en','plugins/payment/payment','saved_payment_method_success','Saved payment method successfully!','2023-10-22 21:45:09','2023-10-22 21:45:09'),(2277,1,'en','plugins/payment/payment','saved_payment_settings_success','Saved payment settings successfully!','2023-10-22 21:45:09','2023-10-22 21:45:09'),(2278,1,'en','plugins/payment/payment','payment_name','Name','2023-10-22 21:45:09','2023-10-22 21:45:09'),(2279,1,'en','plugins/payment/payment','payment_not_found','Payment not found!','2023-10-22 21:45:09','2023-10-22 21:45:09'),(2280,1,'en','plugins/payment/payment','refunds.title','Refunds','2023-10-22 21:45:09','2023-10-22 21:45:09'),(2281,1,'en','plugins/payment/payment','refunds.id','ID','2023-10-22 21:45:09','2023-10-22 21:45:09'),(2282,1,'en','plugins/payment/payment','refunds.breakdowns','Breakdowns','2023-10-22 21:45:09','2023-10-22 21:45:09'),(2283,1,'en','plugins/payment/payment','refunds.gross_amount','Gross amount','2023-10-22 21:45:09','2023-10-22 21:45:09'),(2284,1,'en','plugins/payment/payment','refunds.paypal_fee','PayPal fee','2023-10-22 21:45:09','2023-10-22 21:45:09'),(2285,1,'en','plugins/payment/payment','refunds.net_amount','Net amount','2023-10-22 21:45:09','2023-10-22 21:45:09'),(2286,1,'en','plugins/payment/payment','refunds.total_refunded_amount','Total refunded amount','2023-10-22 21:45:09','2023-10-22 21:45:09'),(2287,1,'en','plugins/payment/payment','refunds.create_time','Create time','2023-10-22 21:45:09','2023-10-22 21:45:09'),(2288,1,'en','plugins/payment/payment','refunds.update_time','Update time','2023-10-22 21:45:09','2023-10-22 21:45:09'),(2289,1,'en','plugins/payment/payment','refunds.status','Status','2023-10-22 21:45:09','2023-10-22 21:45:09'),(2290,1,'en','plugins/payment/payment','refunds.description','Description','2023-10-22 21:45:09','2023-10-22 21:45:09'),(2291,1,'en','plugins/payment/payment','refunds.refunded_at','Refunded at','2023-10-22 21:45:09','2023-10-22 21:45:09'),(2292,1,'en','plugins/payment/payment','refunds.error_message','Error message','2023-10-22 21:45:09','2023-10-22 21:45:09'),(2293,1,'en','plugins/payment/payment','view_response_source','View response source','2023-10-22 21:45:09','2023-10-22 21:45:09'),(2294,1,'en','plugins/payment/payment','status_is_not_completed','Status is not COMPLETED','2023-10-22 21:45:09','2023-10-22 21:45:09'),(2295,1,'en','plugins/payment/payment','cannot_found_capture_id','Can not found capture id with payment detail','2023-10-22 21:45:09','2023-10-22 21:45:09'),(2296,1,'en','plugins/payment/payment','amount_refunded','Amount refunded','2023-10-22 21:45:09','2023-10-22 21:45:09'),(2297,1,'en','plugins/payment/payment','amount_remaining','Amount remaining','2023-10-22 21:45:09','2023-10-22 21:45:09'),(2298,1,'en','plugins/payment/payment','paid_at','Paid At','2023-10-22 21:45:09','2023-10-22 21:45:09'),(2299,1,'en','plugins/payment/payment','invalid_settings','Settings for :name are invalid!','2023-10-22 21:45:09','2023-10-22 21:45:09'),(2300,1,'en','plugins/payment/payment','view_transaction','Transaction \":charge_id\"','2023-10-22 21:45:09','2023-10-22 21:45:09'),(2301,1,'en','plugins/payment/payment','payment_description','Pay for your order #:order_id at :site_url','2023-10-22 21:45:09','2023-10-22 21:45:09'),(2302,1,'en','plugins/social-login/social-login','settings.title','Social Login settings','2023-10-22 21:45:09','2023-10-22 21:45:09'),(2303,1,'en','plugins/social-login/social-login','settings.description','Configure social login options','2023-10-22 21:45:09','2023-10-22 21:45:09'),(2304,1,'en','plugins/social-login/social-login','settings.facebook.title','Facebook login settings','2023-10-22 21:45:09','2023-10-22 21:45:09'),(2305,1,'en','plugins/social-login/social-login','settings.facebook.description','Enable/disable & configure app credentials for Facebook login','2023-10-22 21:45:09','2023-10-22 21:45:09'),(2306,1,'en','plugins/social-login/social-login','settings.facebook.app_id','App ID','2023-10-22 21:45:09','2023-10-22 21:45:09'),(2307,1,'en','plugins/social-login/social-login','settings.facebook.app_secret','App Secret','2023-10-22 21:45:09','2023-10-22 21:45:09'),(2308,1,'en','plugins/social-login/social-login','settings.facebook.helper','Please go to https://developers.facebook.com to create new app update App ID, App Secret. Callback URL is :callback','2023-10-22 21:45:09','2023-10-22 21:45:09'),(2309,1,'en','plugins/social-login/social-login','settings.google.title','Google login settings','2023-10-22 21:45:09','2023-10-22 21:45:09'),(2310,1,'en','plugins/social-login/social-login','settings.google.description','Enable/disable & configure app credentials for Google login','2023-10-22 21:45:09','2023-10-22 21:45:09'),(2311,1,'en','plugins/social-login/social-login','settings.google.app_id','App ID','2023-10-22 21:45:09','2023-10-22 21:45:09'),(2312,1,'en','plugins/social-login/social-login','settings.google.app_secret','App Secret','2023-10-22 21:45:09','2023-10-22 21:45:09'),(2313,1,'en','plugins/social-login/social-login','settings.google.helper','Please go to https://console.developers.google.com/apis/dashboard to create new app update App ID, App Secret. Callback URL is :callback','2023-10-22 21:45:09','2023-10-22 21:45:09'),(2314,1,'en','plugins/social-login/social-login','settings.github.title','Github login settings','2023-10-22 21:45:09','2023-10-22 21:45:09'),(2315,1,'en','plugins/social-login/social-login','settings.github.description','Enable/disable & configure app credentials for Github login','2023-10-22 21:45:09','2023-10-22 21:45:09'),(2316,1,'en','plugins/social-login/social-login','settings.github.app_id','App ID','2023-10-22 21:45:09','2023-10-22 21:45:09'),(2317,1,'en','plugins/social-login/social-login','settings.github.app_secret','App Secret','2023-10-22 21:45:09','2023-10-22 21:45:09'),(2318,1,'en','plugins/social-login/social-login','settings.github.helper','Please go to https://github.com/settings/developers to create new app update App ID, App Secret. Callback URL is :callback','2023-10-22 21:45:09','2023-10-22 21:45:09'),(2319,1,'en','plugins/social-login/social-login','settings.linkedin.title','Linkedin login settings','2023-10-22 21:45:09','2023-10-22 21:45:09'),(2320,1,'en','plugins/social-login/social-login','settings.linkedin.description','Enable/disable & configure app credentials for Linkedin login','2023-10-22 21:45:09','2023-10-22 21:45:09'),(2321,1,'en','plugins/social-login/social-login','settings.linkedin.app_id','App ID','2023-10-22 21:45:09','2023-10-22 21:45:09'),(2322,1,'en','plugins/social-login/social-login','settings.linkedin.app_secret','App Secret','2023-10-22 21:45:09','2023-10-22 21:45:09'),(2323,1,'en','plugins/social-login/social-login','settings.linkedin.helper','Please go to https://www.linkedin.com/developers/apps/new to create new app update App ID, App Secret. Callback URL is :callback','2023-10-22 21:45:09','2023-10-22 21:45:09'),(2324,1,'en','plugins/social-login/social-login','settings.enable','Enable?','2023-10-22 21:45:09','2023-10-22 21:45:09'),(2325,1,'en','plugins/social-login/social-login','menu','Social Login','2023-10-22 21:45:09','2023-10-22 21:45:09'),(2326,1,'en','plugins/team/team','name','Teams','2023-10-22 21:45:09','2023-10-22 21:45:09'),(2327,1,'en','plugins/team/team','create','New team','2023-10-22 21:45:09','2023-10-22 21:45:09'),(2328,1,'en','plugins/team/team','forms.name','Name','2023-10-22 21:45:09','2023-10-22 21:45:09'),(2329,1,'en','plugins/team/team','forms.name_placeholder','Enter name...','2023-10-22 21:45:09','2023-10-22 21:45:09'),(2330,1,'en','plugins/team/team','forms.title','Title','2023-10-22 21:45:09','2023-10-22 21:45:09'),(2331,1,'en','plugins/team/team','forms.title_placeholder','Enter title...','2023-10-22 21:45:09','2023-10-22 21:45:09'),(2332,1,'en','plugins/team/team','forms.photo','Avatar','2023-10-22 21:45:09','2023-10-22 21:45:09'),(2333,1,'en','plugins/team/team','forms.location','Location','2023-10-22 21:45:09','2023-10-22 21:45:09'),(2334,1,'en','plugins/team/team','forms.location_placeholder','Enter title...','2023-10-22 21:45:09','2023-10-22 21:45:09'),(2335,1,'en','plugins/team/team','forms.socials_facebook','Facebook','2023-10-22 21:45:09','2023-10-22 21:45:09'),(2336,1,'en','plugins/team/team','forms.socials_facebook_placeholder','Facebook socials','2023-10-22 21:45:09','2023-10-22 21:45:09'),(2337,1,'en','plugins/team/team','forms.socials_twitter','Twitter','2023-10-22 21:45:09','2023-10-22 21:45:09'),(2338,1,'en','plugins/team/team','forms.socials_twitter_placeholder','Twitter socials','2023-10-22 21:45:09','2023-10-22 21:45:09'),(2339,1,'en','plugins/team/team','forms.socials_instagram','Instagram','2023-10-22 21:45:09','2023-10-22 21:45:09'),(2340,1,'en','plugins/team/team','forms.socials_instagram_placeholder','Instagram socials','2023-10-22 21:45:09','2023-10-22 21:45:09'),(2341,1,'en','plugins/testimonial/testimonial','name','Testimonials','2023-10-22 21:45:09','2023-10-22 21:45:09'),(2342,1,'en','plugins/testimonial/testimonial','create','New testimonial','2023-10-22 21:45:09','2023-10-22 21:45:09'),(2343,1,'en','plugins/testimonial/testimonial','company','Position/Company','2023-10-22 21:45:09','2023-10-22 21:45:09'),(2344,1,'en','plugins/translation/translation','translations','Translations','2023-10-22 21:45:09','2023-10-22 21:45:09'),(2345,1,'en','plugins/translation/translation','translations_description','Translate all words in system.','2023-10-22 21:45:09','2023-10-22 21:45:09'),(2346,1,'en','plugins/translation/translation','export_warning','Warning, translations are not visible until they are exported back to lang folder. Please use \"Publish translations\" button to apply changes.','2023-10-22 21:45:09','2023-10-22 21:45:09'),(2347,1,'en','plugins/translation/translation','import_done','Done importing, processed :counter items! Reload this page to refresh the groups!','2023-10-22 21:45:09','2023-10-22 21:45:09'),(2348,1,'en','plugins/translation/translation','translation_manager','Translations Manager','2023-10-22 21:45:09','2023-10-22 21:45:09'),(2349,1,'en','plugins/translation/translation','done_publishing','Done publishing the translations for group','2023-10-22 21:45:09','2023-10-22 21:45:09'),(2350,1,'en','plugins/translation/translation','append_translation','Append new translations','2023-10-22 21:45:09','2023-10-22 21:45:09'),(2351,1,'en','plugins/translation/translation','replace_translation','Replace existing translations','2023-10-22 21:45:09','2023-10-22 21:45:09'),(2352,1,'en','plugins/translation/translation','import_group','Import group','2023-10-22 21:45:09','2023-10-22 21:45:09'),(2353,1,'en','plugins/translation/translation','confirm_publish_group','Are you sure you want to publish the translations group \":group\"? This will overwrite existing language files.','2023-10-22 21:45:09','2023-10-22 21:45:09'),(2354,1,'en','plugins/translation/translation','publish_translations','Publish translations','2023-10-22 21:45:09','2023-10-22 21:45:09'),(2355,1,'en','plugins/translation/translation','back','Back','2023-10-22 21:45:09','2023-10-22 21:45:09'),(2356,1,'en','plugins/translation/translation','edit_title','Enter translation','2023-10-22 21:45:09','2023-10-22 21:45:09'),(2357,1,'en','plugins/translation/translation','choose_group_msg','Choose a group to display the group translations. If no groups are visible, make sure you have imported the translations.','2023-10-22 21:45:09','2023-10-22 21:45:09'),(2358,1,'en','plugins/translation/translation','choose_a_group','Choose a group','2023-10-22 21:45:09','2023-10-22 21:45:09'),(2359,1,'en','plugins/translation/translation','locales','Locales','2023-10-22 21:45:09','2023-10-22 21:45:09'),(2360,1,'en','plugins/translation/translation','theme-translations','Theme translations','2023-10-22 21:45:10','2023-10-22 21:45:10'),(2361,1,'en','plugins/translation/translation','admin-translations','Other translations','2023-10-22 21:45:10','2023-10-22 21:45:10'),(2362,1,'en','plugins/translation/translation','translate_from','Translate from','2023-10-22 21:45:10','2023-10-22 21:45:10'),(2363,1,'en','plugins/translation/translation','to','to','2023-10-22 21:45:10','2023-10-22 21:45:10'),(2364,1,'en','plugins/translation/translation','no_other_languages','No other language to translate!','2023-10-22 21:45:10','2023-10-22 21:45:10'),(2365,1,'en','plugins/translation/translation','edit','Edit','2023-10-22 21:45:10','2023-10-22 21:45:10'),(2366,1,'en','plugins/translation/translation','locale','Locale','2023-10-22 21:45:10','2023-10-22 21:45:10'),(2367,1,'en','plugins/translation/translation','locale_placeholder','Ex: en','2023-10-22 21:45:10','2023-10-22 21:45:10'),(2368,1,'en','plugins/translation/translation','name','Name','2023-10-22 21:45:10','2023-10-22 21:45:10'),(2369,1,'en','plugins/translation/translation','default_locale','Default locale?','2023-10-22 21:45:10','2023-10-22 21:45:10'),(2370,1,'en','plugins/translation/translation','actions','Actions','2023-10-22 21:45:10','2023-10-22 21:45:10'),(2371,1,'en','plugins/translation/translation','choose_language','Choose language','2023-10-22 21:45:10','2023-10-22 21:45:10'),(2372,1,'en','plugins/translation/translation','add_new_language','Add new language','2023-10-22 21:45:10','2023-10-22 21:45:10'),(2373,1,'en','plugins/translation/translation','select_language','Select language','2023-10-22 21:45:10','2023-10-22 21:45:10'),(2374,1,'en','plugins/translation/translation','flag','Flag','2023-10-22 21:45:10','2023-10-22 21:45:10'),(2375,1,'en','plugins/translation/translation','folder_is_not_writeable','Cannot write files! Folder :lang_path is not writable. Please chmod to make it writable!','2023-10-22 21:45:10','2023-10-22 21:45:10'),(2376,1,'en','plugins/translation/translation','delete','Delete','2023-10-22 21:45:10','2023-10-22 21:45:10'),(2377,1,'en','plugins/translation/translation','confirm_delete_message','Do you really want to delete this locale? It will delete all files/folders for this local in :lang_path!','2023-10-22 21:45:10','2023-10-22 21:45:10'),(2378,1,'en','plugins/translation/translation','download','Download','2023-10-22 21:45:10','2023-10-22 21:45:10'),(2379,1,'en','plugins/translation/translation','select_locale','Select locale','2023-10-22 21:45:10','2023-10-22 21:45:10'),(2380,1,'en','plugins/translation/translation','theme_translations_instruction','Click on text to translate. Do NOT translate variables, Eg. :username, :query, :link...','2023-10-22 21:45:10','2023-10-22 21:45:10'),(2381,1,'en','plugins/translation/translation','import_available_locale','Or import available locale from our GitHub repository','2023-10-22 21:45:10','2023-10-22 21:45:10'),(2382,1,'en','plugins/translation/translation','add_new_locale','Add new locale','2023-10-22 21:45:10','2023-10-22 21:45:10'),(2383,1,'en','plugins/translation/translation','download_locale','Download locale','2023-10-22 21:45:10','2023-10-22 21:45:10'),(2384,1,'en','plugins/translation/translation','import_available_locale_confirmation','Download locale from GitHub','2023-10-22 21:45:10','2023-10-22 21:45:10'),(2385,1,'en','plugins/translation/translation','import_available_locale_confirmation_content','Are you sure you want to download this locale? It will be downloaded into :lang_path, you can delete it later if you want.','2023-10-22 21:45:10','2023-10-22 21:45:10'),(2386,1,'en','plugins/translation/translation','is_default','Is default?','2023-10-22 21:45:10','2023-10-22 21:45:10');
/*!40000 ALTER TABLE `translations` ENABLE KEYS */;
UNLOCK TABLES;

--
-- Table structure for table `user_meta`
--

DROP TABLE IF EXISTS `user_meta`;
/*!40101 SET @saved_cs_client     = @@character_set_client */;
/*!50503 SET character_set_client = utf8mb4 */;
CREATE TABLE `user_meta` (
  `id` bigint unsigned NOT NULL AUTO_INCREMENT,
  `key` varchar(191) DEFAULT NULL,
  `value` varchar(191) DEFAULT NULL,
  `user_id` bigint unsigned NOT NULL,
  `created_at` timestamp NULL DEFAULT NULL,
  `updated_at` timestamp NULL DEFAULT NULL,
  PRIMARY KEY (`id`),
  KEY `user_meta_user_id_index` (`user_id`)
) ENGINE=InnoDB DEFAULT CHARSET=utf8mb4 COLLATE=utf8mb4_0900_ai_ci;
/*!40101 SET character_set_client = @saved_cs_client */;

--
-- Dumping data for table `user_meta`
--

LOCK TABLES `user_meta` WRITE;
/*!40000 ALTER TABLE `user_meta` DISABLE KEYS */;
/*!40000 ALTER TABLE `user_meta` ENABLE KEYS */;
UNLOCK TABLES;

--
-- Table structure for table `users`
--

DROP TABLE IF EXISTS `users`;
/*!40101 SET @saved_cs_client     = @@character_set_client */;
/*!50503 SET character_set_client = utf8mb4 */;
CREATE TABLE `users` (
  `id` bigint unsigned NOT NULL AUTO_INCREMENT,
  `email` varchar(191) NOT NULL,
  `email_verified_at` timestamp NULL DEFAULT NULL,
  `password` varchar(191) CHARACTER SET utf8mb4 COLLATE utf8mb4_0900_ai_ci DEFAULT NULL,
  `remember_token` varchar(100) DEFAULT NULL,
  `created_at` timestamp NULL DEFAULT NULL,
  `updated_at` timestamp NULL DEFAULT NULL,
  `first_name` varchar(191) DEFAULT NULL,
  `last_name` varchar(191) DEFAULT NULL,
  `username` varchar(60) DEFAULT NULL,
  `avatar_id` bigint unsigned DEFAULT NULL,
  `super_user` tinyint(1) NOT NULL DEFAULT '0',
  `manage_supers` tinyint(1) NOT NULL DEFAULT '0',
  `permissions` text,
  `last_login` timestamp NULL DEFAULT NULL,
  PRIMARY KEY (`id`),
  UNIQUE KEY `users_email_unique` (`email`),
  UNIQUE KEY `users_username_unique` (`username`)
) ENGINE=InnoDB AUTO_INCREMENT=3 DEFAULT CHARSET=utf8mb4 COLLATE=utf8mb4_0900_ai_ci;
/*!40101 SET character_set_client = @saved_cs_client */;

--
-- Dumping data for table `users`
--

LOCK TABLES `users` WRITE;
/*!40000 ALTER TABLE `users` DISABLE KEYS */;
INSERT INTO `users` VALUES (1,'admin@archielite.com',NULL,'$2y$12$a8nEUSA5P3C6DZ665Yj0bOqQPVHOBgK5cW.FPlbD8Y.rw4tHj5otu',NULL,'2023-10-22 21:44:06','2023-10-22 21:44:06','Super','Admin','admin',NULL,1,1,NULL,NULL),(2,'user@archielite.com',NULL,'$2y$12$75MmiQFqYXljOupJ1BmTGuj26p62yLC16urZ8n9Rjy7weQ9AeirRe',NULL,'2023-10-22 21:44:06','2023-10-22 21:44:06','Normal','Admin','user',NULL,0,0,'{\"users.index\":true,\"users.create\":true,\"users.edit\":true,\"users.destroy\":true,\"roles.index\":true,\"roles.create\":true,\"roles.edit\":true,\"roles.destroy\":true,\"core.system\":true,\"core.manage.license\":true,\"media.index\":true,\"files.index\":true,\"files.create\":true,\"files.edit\":true,\"files.trash\":true,\"files.destroy\":true,\"folders.index\":true,\"folders.create\":true,\"folders.edit\":true,\"folders.trash\":true,\"folders.destroy\":true,\"settings.options\":true,\"settings.email\":true,\"settings.media\":true,\"settings.cronjob\":true,\"menus.index\":true,\"menus.create\":true,\"menus.edit\":true,\"menus.destroy\":true,\"pages.index\":true,\"pages.create\":true,\"pages.edit\":true,\"pages.destroy\":true,\"plugins.index\":true,\"plugins.edit\":true,\"plugins.remove\":true,\"plugins.marketplace\":true,\"core.appearance\":true,\"theme.index\":true,\"theme.activate\":true,\"theme.remove\":true,\"theme.options\":true,\"theme.custom-css\":true,\"theme.custom-js\":true,\"theme.custom-html\":true,\"widgets.index\":true,\"analytics.general\":true,\"analytics.page\":true,\"analytics.browser\":true,\"analytics.referrer\":true,\"audit-log.index\":true,\"audit-log.destroy\":true,\"backups.index\":true,\"backups.create\":true,\"backups.restore\":true,\"backups.destroy\":true,\"plugins.blog\":true,\"posts.index\":true,\"posts.create\":true,\"posts.edit\":true,\"posts.destroy\":true,\"categories.index\":true,\"categories.create\":true,\"categories.edit\":true,\"categories.destroy\":true,\"tags.index\":true,\"tags.create\":true,\"tags.edit\":true,\"tags.destroy\":true,\"contacts.index\":true,\"contacts.edit\":true,\"contacts.destroy\":true,\"plugin.faq\":true,\"faq.index\":true,\"faq.create\":true,\"faq.edit\":true,\"faq.destroy\":true,\"faq_category.index\":true,\"faq_category.create\":true,\"faq_category.edit\":true,\"faq_category.destroy\":true,\"galleries.index\":true,\"galleries.create\":true,\"galleries.edit\":true,\"galleries.destroy\":true,\"plugins.job-board\":true,\"jobs.index\":true,\"jobs.create\":true,\"jobs.edit\":true,\"jobs.destroy\":true,\"import-jobs.index\":true,\"export-jobs.index\":true,\"job-applications.index\":true,\"job-applications.edit\":true,\"job-applications.destroy\":true,\"accounts.index\":true,\"accounts.create\":true,\"accounts.edit\":true,\"accounts.destroy\":true,\"accounts.import\":true,\"accounts.export\":true,\"packages.index\":true,\"packages.create\":true,\"packages.edit\":true,\"packages.destroy\":true,\"companies.index\":true,\"companies.create\":true,\"companies.edit\":true,\"companies.destroy\":true,\"export-companies.index\":true,\"import-companies.index\":true,\"job-board.custom-fields.index\":true,\"job-board.custom-fields.create\":true,\"job-board.custom-fields.edit\":true,\"job-board.custom-fields.destroy\":true,\"job-attributes.index\":true,\"job-categories.index\":true,\"job-categories.create\":true,\"job-categories.edit\":true,\"job-categories.destroy\":true,\"job-types.index\":true,\"job-types.create\":true,\"job-types.edit\":true,\"job-types.destroy\":true,\"job-skills.index\":true,\"job-skills.create\":true,\"job-skills.edit\":true,\"job-skills.destroy\":true,\"job-shifts.index\":true,\"job-shifts.create\":true,\"job-shifts.edit\":true,\"job-shifts.destroy\":true,\"job-experiences.index\":true,\"job-experiences.create\":true,\"job-experiences.edit\":true,\"job-experiences.destroy\":true,\"language-levels.index\":true,\"language-levels.create\":true,\"language-levels.edit\":true,\"language-levels.destroy\":true,\"career-levels.index\":true,\"career-levels.create\":true,\"career-levels.edit\":true,\"career-levels.destroy\":true,\"functional-areas.index\":true,\"functional-areas.create\":true,\"functional-areas.edit\":true,\"functional-areas.destroy\":true,\"degree-types.index\":true,\"degree-types.create\":true,\"degree-types.edit\":true,\"degree-types.destroy\":true,\"degree-levels.index\":true,\"degree-levels.create\":true,\"degree-levels.edit\":true,\"degree-levels.destroy\":true,\"job-board.tag.index\":true,\"job-board.tag.create\":true,\"job-board.tag.edit\":true,\"job-board.tag.destroy\":true,\"job-board.settings\":true,\"invoice.index\":true,\"invoice.edit\":true,\"invoice.destroy\":true,\"reviews.index\":true,\"reviews.destroy\":true,\"invoice-template.index\":true,\"languages.index\":true,\"languages.create\":true,\"languages.edit\":true,\"languages.destroy\":true,\"plugin.location\":true,\"country.index\":true,\"country.create\":true,\"country.edit\":true,\"country.destroy\":true,\"state.index\":true,\"state.create\":true,\"state.edit\":true,\"state.destroy\":true,\"city.index\":true,\"city.create\":true,\"city.edit\":true,\"city.destroy\":true,\"location.bulk-import.index\":true,\"location.export.index\":true,\"newsletter.index\":true,\"newsletter.destroy\":true,\"payment.index\":true,\"payments.settings\":true,\"payment.destroy\":true,\"social-login.settings\":true,\"team.index\":true,\"team.create\":true,\"team.edit\":true,\"team.destroy\":true,\"testimonial.index\":true,\"testimonial.create\":true,\"testimonial.edit\":true,\"testimonial.destroy\":true,\"plugins.translation\":true,\"translations.locales\":true,\"translations.theme-translations\":true,\"translations.index\":true}',NULL);
/*!40000 ALTER TABLE `users` ENABLE KEYS */;
UNLOCK TABLES;

--
-- Table structure for table `widgets`
--

DROP TABLE IF EXISTS `widgets`;
/*!40101 SET @saved_cs_client     = @@character_set_client */;
/*!50503 SET character_set_client = utf8mb4 */;
CREATE TABLE `widgets` (
  `id` bigint unsigned NOT NULL AUTO_INCREMENT,
  `widget_id` varchar(120) NOT NULL,
  `sidebar_id` varchar(120) NOT NULL,
  `theme` varchar(120) NOT NULL,
  `position` tinyint unsigned NOT NULL DEFAULT '0',
  `data` text,
  `created_at` timestamp NULL DEFAULT NULL,
  `updated_at` timestamp NULL DEFAULT NULL,
  PRIMARY KEY (`id`)
) ENGINE=InnoDB AUTO_INCREMENT=18 DEFAULT CHARSET=utf8mb4 COLLATE=utf8mb4_0900_ai_ci;
/*!40101 SET character_set_client = @saved_cs_client */;

--
-- Dumping data for table `widgets`
--

LOCK TABLES `widgets` WRITE;
/*!40000 ALTER TABLE `widgets` DISABLE KEYS */;
INSERT INTO `widgets` VALUES (1,'NewsletterWidget','pre_footer_sidebar','jobbox',0,'{\"id\":\"NewsletterWidget\",\"title\":\"New Things Will Always <br> Update Regularly\",\"background_image\":\"general\\/newsletter-background-image.png\",\"image_left\":\"general\\/newsletter-image-left.png\",\"image_right\":\"general\\/newsletter-image-right.png\"}','2023-10-22 21:44:10','2023-10-22 21:44:10'),(2,'SiteInformationWidget','footer_sidebar','jobbox',1,'{\"introduction\":\"JobBox is the heart of the design community and the best resource to discover and connect with designers and jobs worldwide.\",\"facebook_url\":\"#\",\"twitter_url\":\"#\",\"linkedin_url\":\"#\"}','2023-10-22 21:44:10','2023-10-22 21:44:10'),(3,'CustomMenuWidget','footer_sidebar','jobbox',2,'{\"id\":\"CustomMenuWidget\",\"name\":\"Resources\",\"menu_id\":\"resources\"}','2023-10-22 21:44:10','2023-10-22 21:44:10'),(4,'CustomMenuWidget','footer_sidebar','jobbox',3,'{\"id\":\"CustomMenuWidget\",\"name\":\"Community\",\"menu_id\":\"community\"}','2023-10-22 21:44:10','2023-10-22 21:44:10'),(5,'CustomMenuWidget','footer_sidebar','jobbox',4,'{\"id\":\"CustomMenuWidget\",\"name\":\"Quick links\",\"menu_id\":\"quick-links\"}','2023-10-22 21:44:10','2023-10-22 21:44:10'),(6,'CustomMenuWidget','footer_sidebar','jobbox',5,'{\"id\":\"CustomMenuWidget\",\"name\":\"More\",\"menu_id\":\"more\"}','2023-10-22 21:44:10','2023-10-22 21:44:10'),(7,'DownloadWidget','footer_sidebar','jobbox',6,'{\"app_store_url\":\"#\",\"app_store_image\":\"general\\/app-store.png\",\"android_app_url\":\"#\",\"google_play_image\":\"general\\/android.png\"}','2023-10-22 21:44:10','2023-10-22 21:44:10'),(8,'BlogSearchWidget','primary_sidebar','jobbox',1,'{\"id\":\"BlogSearchWidget\",\"name\":\"Search\"}','2023-10-22 21:44:10','2023-10-22 21:44:10'),(9,'BlogCategoriesWidget','primary_sidebar','jobbox',2,'{\"id\":\"BlogCategoriesWidget\",\"name\":\"Categories\"}','2023-10-22 21:44:10','2023-10-22 21:44:10'),(10,'BlogPostsWidget','primary_sidebar','jobbox',3,'{\"id\":\"BlogPostsWidget\",\"type\":\"popular\",\"name\":\"Popular Posts\"}','2023-10-22 21:44:10','2023-10-22 21:44:10'),(11,'BlogTagsWidget','primary_sidebar','jobbox',4,'{\"id\":\"BlogTagsWidget\",\"name\":\"Popular Tags\"}','2023-10-22 21:44:10','2023-10-22 21:44:10'),(12,'BlogSearchWidget','blog_sidebar','jobbox',0,'{\"id\":\"BlogSearchWidget\",\"name\":\"Blog Search\",\"description\":\"Search blog posts\"}','2023-10-22 21:44:10','2023-10-22 21:44:10'),(13,'BlogPostsWidget','blog_sidebar','jobbox',1,'{\"id\":\"BlogPostsWidget\",\"name\":\"Blog posts\",\"description\":\"Blog posts widget.\",\"type\":\"popular\",\"number_display\":5}','2023-10-22 21:44:10','2023-10-22 21:44:10'),(14,'AdsBannerWidget','blog_sidebar','jobbox',2,'{\"id\":\"AdsBannerWidget\",\"name\":\"Ads banner\",\"banner_ads\":\"widgets\\/widget-banner.png\",\"url\":\"\\/\"}','2023-10-22 21:44:10','2023-10-22 21:44:10'),(15,'GalleryWidget','blog_sidebar','jobbox',3,'{\"id\":\"GalleryWidget\",\"name\":\"Gallery\",\"title_gallery\":\"Gallery\",\"number_image\":8}','2023-10-22 21:44:10','2023-10-22 21:44:10'),(16,'AdsBannerWidget','candidate_sidebar','jobbox',0,'{\"id\":\"AdsBannerWidget\",\"name\":\"Ads banner\",\"banner_ads\":\"widgets\\/widget-banner.png\",\"url\":\"\\/\"}','2023-10-22 21:44:10','2023-10-22 21:44:10'),(17,'AdsBannerWidget','company_sidebar','jobbox',0,'{\"id\":\"AdsBannerWidget\",\"name\":\"Ads banner\",\"banner_ads\":\"widgets\\/widget-banner.png\",\"url\":\"\\/\"}','2023-10-22 21:44:10','2023-10-22 21:44:10');
/*!40000 ALTER TABLE `widgets` ENABLE KEYS */;
UNLOCK TABLES;
/*!40103 SET TIME_ZONE=@OLD_TIME_ZONE */;

/*!40101 SET SQL_MODE=@OLD_SQL_MODE */;
/*!40014 SET FOREIGN_KEY_CHECKS=@OLD_FOREIGN_KEY_CHECKS */;
/*!40014 SET UNIQUE_CHECKS=@OLD_UNIQUE_CHECKS */;
/*!40101 SET CHARACTER_SET_CLIENT=@OLD_CHARACTER_SET_CLIENT */;
/*!40101 SET CHARACTER_SET_RESULTS=@OLD_CHARACTER_SET_RESULTS */;
/*!40101 SET COLLATION_CONNECTION=@OLD_COLLATION_CONNECTION */;
/*!40111 SET SQL_NOTES=@OLD_SQL_NOTES */;

-- Dump completed on 2023-10-23 11:45:12
